{
  "type": "FeatureCollection",
  "name": "Rey County authored semantic terrain",
  "terrain_derivation": {
    "schema": "rey.county-terrain-source.v1",
    "dataset_id": "rey-county-semantic-terrain-v1",
    "authority": "authored semantic terrain candidate; not Earth elevation, an environment observation, or inferred survey coverage",
    "generator": "scenes/rey-county/generate-terrain.mjs",
    "grid": {
      "columns": 41,
      "rows": 41,
      "row_zero": "north",
      "column_zero": "west",
      "longitude_step_degrees": 0.022,
      "latitude_step_degrees": 0.01875
    },
    "first_principles": [
      "one admitted dataset retains identity across Atlas and Landscape postures",
      "explicit validity follows the County footprint and preserves Unexplored Scrub as no-data",
      "terrain controls influence authoring but do not themselves become admitted height",
      "hydrology carves the authored field without being relabeled as a route or observation",
      "material, elevation, validity, and presentation remain separate channels"
    ],
    "project_bearings": {
      "foundations": "Anchor Range",
      "architecture": "Architecture Highlands",
      "explorer": "Explorer Terraces",
      "runtime": "Runtime Basin",
      "mining": "Mining Ridge",
      "proof": "Proof Escarpment",
      "unknown": "Unexplored Scrub"
    },
    "source_inputs": [
      {
        "path": "scenes/rey-county/boundary.geojson",
        "sha256": "ba049a8e499608909a0c4d05277584aaa6f6dc1b6f42562ee824a1da83826a8b"
      },
      {
        "path": "scenes/rey-county/features.geojson",
        "sha256": "9d46a1f1ec2ef49311a798a2b69287a8a4ab676145249215a4b4f4ee21a299e5"
      },
      {
        "path": "scenes/rey-county/hydrology.geojson",
        "sha256": "3fe607b298f9adc91e9bd41e3442eae1d13d3e173db3f5045fdd00e6d79709ca"
      },
      {
        "path": "scenes/rey-county/terrain-controls.geojson",
        "sha256": "2c61db07fd4617b9ab04806e6001b8cf79f866d93614ba0ae525182be1a6d582"
      }
    ],
    "summary": {
      "valid_vertices": 1158,
      "no_data_vertices": 523,
      "outside_footprint_vertices": 493,
      "unexplored_vertices": 36,
      "minimum_elevation_meters": 86.17,
      "maximum_elevation_meters": 1689.11,
      "materials": {
        "rock": 322,
        "granite": 224,
        "sand": 109,
        "vegetation": 468,
        "soil": 35
      }
    }
  },
  "features": [
    {
      "type": "Feature",
      "id": "terrain-r00-c00",
      "properties": {
        "terrain_grid_id": "rey-county-semantic-terrain-v1",
        "terrain_grid_column": 0,
        "terrain_grid_row": 0,
        "terrain_grid_columns": 41,
        "terrain_grid_rows": 41,
        "terrain_grid_validity": "no_data"
      },
      "geometry": {
        "type": "Point",
        "coordinates": [
          -160,
          -19.25
        ]
      }
    },
    {
      "type": "Feature",
      "id": "terrain-r00-c01",
      "properties": {
        "terrain_grid_id": "rey-county-semantic-terrain-v1",
        "terrain_grid_column": 1,
        "terrain_grid_row": 0,
        "terrain_grid_columns": 41,
        "terrain_grid_rows": 41,
        "terrain_grid_validity": "no_data"
      },
      "geometry": {
        "type": "Point",
        "coordinates": [
          -159.978,
          -19.25
        ]
      }
    },
    {
      "type": "Feature",
      "id": "terrain-r00-c02",
      "properties": {
        "terrain_grid_id": "rey-county-semantic-terrain-v1",
        "terrain_grid_column": 2,
        "terrain_grid_row": 0,
        "terrain_grid_columns": 41,
        "terrain_grid_rows": 41,
        "terrain_grid_validity": "no_data"
      },
      "geometry": {
        "type": "Point",
        "coordinates": [
          -159.956,
          -19.25
        ]
      }
    },
    {
      "type": "Feature",
      "id": "terrain-r00-c03",
      "properties": {
        "terrain_grid_id": "rey-county-semantic-terrain-v1",
        "terrain_grid_column": 3,
        "terrain_grid_row": 0,
        "terrain_grid_columns": 41,
        "terrain_grid_rows": 41,
        "terrain_grid_validity": "no_data"
      },
      "geometry": {
        "type": "Point",
        "coordinates": [
          -159.934,
          -19.25
        ]
      }
    },
    {
      "type": "Feature",
      "id": "terrain-r00-c04",
      "properties": {
        "terrain_grid_id": "rey-county-semantic-terrain-v1",
        "terrain_grid_column": 4,
        "terrain_grid_row": 0,
        "terrain_grid_columns": 41,
        "terrain_grid_rows": 41,
        "terrain_grid_validity": "no_data"
      },
      "geometry": {
        "type": "Point",
        "coordinates": [
          -159.912,
          -19.25
        ]
      }
    },
    {
      "type": "Feature",
      "id": "terrain-r00-c05",
      "properties": {
        "terrain_grid_id": "rey-county-semantic-terrain-v1",
        "terrain_grid_column": 5,
        "terrain_grid_row": 0,
        "terrain_grid_columns": 41,
        "terrain_grid_rows": 41,
        "terrain_grid_validity": "no_data"
      },
      "geometry": {
        "type": "Point",
        "coordinates": [
          -159.89,
          -19.25
        ]
      }
    },
    {
      "type": "Feature",
      "id": "terrain-r00-c06",
      "properties": {
        "terrain_grid_id": "rey-county-semantic-terrain-v1",
        "terrain_grid_column": 6,
        "terrain_grid_row": 0,
        "terrain_grid_columns": 41,
        "terrain_grid_rows": 41,
        "terrain_grid_validity": "no_data"
      },
      "geometry": {
        "type": "Point",
        "coordinates": [
          -159.868,
          -19.25
        ]
      }
    },
    {
      "type": "Feature",
      "id": "terrain-r00-c07",
      "properties": {
        "terrain_grid_id": "rey-county-semantic-terrain-v1",
        "terrain_grid_column": 7,
        "terrain_grid_row": 0,
        "terrain_grid_columns": 41,
        "terrain_grid_rows": 41,
        "terrain_grid_validity": "no_data"
      },
      "geometry": {
        "type": "Point",
        "coordinates": [
          -159.846,
          -19.25
        ]
      }
    },
    {
      "type": "Feature",
      "id": "terrain-r00-c08",
      "properties": {
        "terrain_grid_id": "rey-county-semantic-terrain-v1",
        "terrain_grid_column": 8,
        "terrain_grid_row": 0,
        "terrain_grid_columns": 41,
        "terrain_grid_rows": 41,
        "terrain_grid_validity": "no_data"
      },
      "geometry": {
        "type": "Point",
        "coordinates": [
          -159.824,
          -19.25
        ]
      }
    },
    {
      "type": "Feature",
      "id": "terrain-r00-c09",
      "properties": {
        "terrain_grid_id": "rey-county-semantic-terrain-v1",
        "terrain_grid_column": 9,
        "terrain_grid_row": 0,
        "terrain_grid_columns": 41,
        "terrain_grid_rows": 41,
        "terrain_grid_validity": "no_data"
      },
      "geometry": {
        "type": "Point",
        "coordinates": [
          -159.802,
          -19.25
        ]
      }
    },
    {
      "type": "Feature",
      "id": "terrain-r00-c10",
      "properties": {
        "terrain_grid_id": "rey-county-semantic-terrain-v1",
        "terrain_grid_column": 10,
        "terrain_grid_row": 0,
        "terrain_grid_columns": 41,
        "terrain_grid_rows": 41,
        "terrain_grid_validity": "no_data"
      },
      "geometry": {
        "type": "Point",
        "coordinates": [
          -159.78,
          -19.25
        ]
      }
    },
    {
      "type": "Feature",
      "id": "terrain-r00-c11",
      "properties": {
        "terrain_grid_id": "rey-county-semantic-terrain-v1",
        "terrain_grid_column": 11,
        "terrain_grid_row": 0,
        "terrain_grid_columns": 41,
        "terrain_grid_rows": 41,
        "terrain_grid_validity": "no_data"
      },
      "geometry": {
        "type": "Point",
        "coordinates": [
          -159.758,
          -19.25
        ]
      }
    },
    {
      "type": "Feature",
      "id": "terrain-r00-c12",
      "properties": {
        "terrain_grid_id": "rey-county-semantic-terrain-v1",
        "terrain_grid_column": 12,
        "terrain_grid_row": 0,
        "terrain_grid_columns": 41,
        "terrain_grid_rows": 41,
        "terrain_grid_validity": "no_data"
      },
      "geometry": {
        "type": "Point",
        "coordinates": [
          -159.736,
          -19.25
        ]
      }
    },
    {
      "type": "Feature",
      "id": "terrain-r00-c13",
      "properties": {
        "terrain_grid_id": "rey-county-semantic-terrain-v1",
        "terrain_grid_column": 13,
        "terrain_grid_row": 0,
        "terrain_grid_columns": 41,
        "terrain_grid_rows": 41,
        "terrain_grid_validity": "no_data"
      },
      "geometry": {
        "type": "Point",
        "coordinates": [
          -159.714,
          -19.25
        ]
      }
    },
    {
      "type": "Feature",
      "id": "terrain-r00-c14",
      "properties": {
        "terrain_grid_id": "rey-county-semantic-terrain-v1",
        "terrain_grid_column": 14,
        "terrain_grid_row": 0,
        "terrain_grid_columns": 41,
        "terrain_grid_rows": 41,
        "terrain_grid_validity": "no_data"
      },
      "geometry": {
        "type": "Point",
        "coordinates": [
          -159.692,
          -19.25
        ]
      }
    },
    {
      "type": "Feature",
      "id": "terrain-r00-c15",
      "properties": {
        "terrain_grid_id": "rey-county-semantic-terrain-v1",
        "terrain_grid_column": 15,
        "terrain_grid_row": 0,
        "terrain_grid_columns": 41,
        "terrain_grid_rows": 41,
        "terrain_grid_validity": "no_data"
      },
      "geometry": {
        "type": "Point",
        "coordinates": [
          -159.67,
          -19.25
        ]
      }
    },
    {
      "type": "Feature",
      "id": "terrain-r00-c16",
      "properties": {
        "terrain_grid_id": "rey-county-semantic-terrain-v1",
        "terrain_grid_column": 16,
        "terrain_grid_row": 0,
        "terrain_grid_columns": 41,
        "terrain_grid_rows": 41,
        "terrain_grid_validity": "no_data"
      },
      "geometry": {
        "type": "Point",
        "coordinates": [
          -159.648,
          -19.25
        ]
      }
    },
    {
      "type": "Feature",
      "id": "terrain-r00-c17",
      "properties": {
        "terrain_grid_id": "rey-county-semantic-terrain-v1",
        "terrain_grid_column": 17,
        "terrain_grid_row": 0,
        "terrain_grid_columns": 41,
        "terrain_grid_rows": 41,
        "terrain_grid_validity": "no_data"
      },
      "geometry": {
        "type": "Point",
        "coordinates": [
          -159.626,
          -19.25
        ]
      }
    },
    {
      "type": "Feature",
      "id": "terrain-r00-c18",
      "properties": {
        "terrain_grid_id": "rey-county-semantic-terrain-v1",
        "terrain_grid_column": 18,
        "terrain_grid_row": 0,
        "terrain_grid_columns": 41,
        "terrain_grid_rows": 41,
        "terrain_grid_validity": "no_data"
      },
      "geometry": {
        "type": "Point",
        "coordinates": [
          -159.604,
          -19.25
        ]
      }
    },
    {
      "type": "Feature",
      "id": "terrain-r00-c19",
      "properties": {
        "terrain_grid_id": "rey-county-semantic-terrain-v1",
        "terrain_grid_column": 19,
        "terrain_grid_row": 0,
        "terrain_grid_columns": 41,
        "terrain_grid_rows": 41,
        "terrain_grid_validity": "no_data"
      },
      "geometry": {
        "type": "Point",
        "coordinates": [
          -159.582,
          -19.25
        ]
      }
    },
    {
      "type": "Feature",
      "id": "terrain-r00-c20",
      "properties": {
        "terrain_grid_id": "rey-county-semantic-terrain-v1",
        "terrain_grid_column": 20,
        "terrain_grid_row": 0,
        "terrain_grid_columns": 41,
        "terrain_grid_rows": 41,
        "terrain_grid_validity": "no_data"
      },
      "geometry": {
        "type": "Point",
        "coordinates": [
          -159.56,
          -19.25
        ]
      }
    },
    {
      "type": "Feature",
      "id": "terrain-r00-c21",
      "properties": {
        "terrain_grid_id": "rey-county-semantic-terrain-v1",
        "terrain_grid_column": 21,
        "terrain_grid_row": 0,
        "terrain_grid_columns": 41,
        "terrain_grid_rows": 41,
        "terrain_grid_validity": "no_data"
      },
      "geometry": {
        "type": "Point",
        "coordinates": [
          -159.538,
          -19.25
        ]
      }
    },
    {
      "type": "Feature",
      "id": "terrain-r00-c22",
      "properties": {
        "terrain_grid_id": "rey-county-semantic-terrain-v1",
        "terrain_grid_column": 22,
        "terrain_grid_row": 0,
        "terrain_grid_columns": 41,
        "terrain_grid_rows": 41,
        "terrain_grid_validity": "no_data"
      },
      "geometry": {
        "type": "Point",
        "coordinates": [
          -159.516,
          -19.25
        ]
      }
    },
    {
      "type": "Feature",
      "id": "terrain-r00-c23",
      "properties": {
        "terrain_grid_id": "rey-county-semantic-terrain-v1",
        "terrain_grid_column": 23,
        "terrain_grid_row": 0,
        "terrain_grid_columns": 41,
        "terrain_grid_rows": 41,
        "terrain_grid_validity": "no_data"
      },
      "geometry": {
        "type": "Point",
        "coordinates": [
          -159.494,
          -19.25
        ]
      }
    },
    {
      "type": "Feature",
      "id": "terrain-r00-c24",
      "properties": {
        "terrain_grid_id": "rey-county-semantic-terrain-v1",
        "terrain_grid_column": 24,
        "terrain_grid_row": 0,
        "terrain_grid_columns": 41,
        "terrain_grid_rows": 41,
        "terrain_grid_validity": "no_data"
      },
      "geometry": {
        "type": "Point",
        "coordinates": [
          -159.472,
          -19.25
        ]
      }
    },
    {
      "type": "Feature",
      "id": "terrain-r00-c25",
      "properties": {
        "terrain_grid_id": "rey-county-semantic-terrain-v1",
        "terrain_grid_column": 25,
        "terrain_grid_row": 0,
        "terrain_grid_columns": 41,
        "terrain_grid_rows": 41,
        "terrain_grid_validity": "no_data"
      },
      "geometry": {
        "type": "Point",
        "coordinates": [
          -159.45,
          -19.25
        ]
      }
    },
    {
      "type": "Feature",
      "id": "terrain-r00-c26",
      "properties": {
        "terrain_grid_id": "rey-county-semantic-terrain-v1",
        "terrain_grid_column": 26,
        "terrain_grid_row": 0,
        "terrain_grid_columns": 41,
        "terrain_grid_rows": 41,
        "terrain_grid_validity": "no_data"
      },
      "geometry": {
        "type": "Point",
        "coordinates": [
          -159.428,
          -19.25
        ]
      }
    },
    {
      "type": "Feature",
      "id": "terrain-r00-c27",
      "properties": {
        "terrain_grid_id": "rey-county-semantic-terrain-v1",
        "terrain_grid_column": 27,
        "terrain_grid_row": 0,
        "terrain_grid_columns": 41,
        "terrain_grid_rows": 41,
        "terrain_grid_validity": "no_data"
      },
      "geometry": {
        "type": "Point",
        "coordinates": [
          -159.406,
          -19.25
        ]
      }
    },
    {
      "type": "Feature",
      "id": "terrain-r00-c28",
      "properties": {
        "terrain_grid_id": "rey-county-semantic-terrain-v1",
        "terrain_grid_column": 28,
        "terrain_grid_row": 0,
        "terrain_grid_columns": 41,
        "terrain_grid_rows": 41,
        "terrain_grid_validity": "no_data"
      },
      "geometry": {
        "type": "Point",
        "coordinates": [
          -159.384,
          -19.25
        ]
      }
    },
    {
      "type": "Feature",
      "id": "terrain-r00-c29",
      "properties": {
        "terrain_grid_id": "rey-county-semantic-terrain-v1",
        "terrain_grid_column": 29,
        "terrain_grid_row": 0,
        "terrain_grid_columns": 41,
        "terrain_grid_rows": 41,
        "terrain_grid_validity": "no_data"
      },
      "geometry": {
        "type": "Point",
        "coordinates": [
          -159.362,
          -19.25
        ]
      }
    },
    {
      "type": "Feature",
      "id": "terrain-r00-c30",
      "properties": {
        "terrain_grid_id": "rey-county-semantic-terrain-v1",
        "terrain_grid_column": 30,
        "terrain_grid_row": 0,
        "terrain_grid_columns": 41,
        "terrain_grid_rows": 41,
        "terrain_grid_validity": "no_data"
      },
      "geometry": {
        "type": "Point",
        "coordinates": [
          -159.34,
          -19.25
        ]
      }
    },
    {
      "type": "Feature",
      "id": "terrain-r00-c31",
      "properties": {
        "terrain_grid_id": "rey-county-semantic-terrain-v1",
        "terrain_grid_column": 31,
        "terrain_grid_row": 0,
        "terrain_grid_columns": 41,
        "terrain_grid_rows": 41,
        "terrain_grid_validity": "no_data"
      },
      "geometry": {
        "type": "Point",
        "coordinates": [
          -159.318,
          -19.25
        ]
      }
    },
    {
      "type": "Feature",
      "id": "terrain-r00-c32",
      "properties": {
        "terrain_grid_id": "rey-county-semantic-terrain-v1",
        "terrain_grid_column": 32,
        "terrain_grid_row": 0,
        "terrain_grid_columns": 41,
        "terrain_grid_rows": 41,
        "terrain_grid_validity": "no_data"
      },
      "geometry": {
        "type": "Point",
        "coordinates": [
          -159.296,
          -19.25
        ]
      }
    },
    {
      "type": "Feature",
      "id": "terrain-r00-c33",
      "properties": {
        "terrain_grid_id": "rey-county-semantic-terrain-v1",
        "terrain_grid_column": 33,
        "terrain_grid_row": 0,
        "terrain_grid_columns": 41,
        "terrain_grid_rows": 41,
        "terrain_grid_validity": "no_data"
      },
      "geometry": {
        "type": "Point",
        "coordinates": [
          -159.274,
          -19.25
        ]
      }
    },
    {
      "type": "Feature",
      "id": "terrain-r00-c34",
      "properties": {
        "terrain_grid_id": "rey-county-semantic-terrain-v1",
        "terrain_grid_column": 34,
        "terrain_grid_row": 0,
        "terrain_grid_columns": 41,
        "terrain_grid_rows": 41,
        "terrain_grid_validity": "no_data"
      },
      "geometry": {
        "type": "Point",
        "coordinates": [
          -159.252,
          -19.25
        ]
      }
    },
    {
      "type": "Feature",
      "id": "terrain-r00-c35",
      "properties": {
        "terrain_grid_id": "rey-county-semantic-terrain-v1",
        "terrain_grid_column": 35,
        "terrain_grid_row": 0,
        "terrain_grid_columns": 41,
        "terrain_grid_rows": 41,
        "terrain_grid_validity": "no_data"
      },
      "geometry": {
        "type": "Point",
        "coordinates": [
          -159.23,
          -19.25
        ]
      }
    },
    {
      "type": "Feature",
      "id": "terrain-r00-c36",
      "properties": {
        "terrain_grid_id": "rey-county-semantic-terrain-v1",
        "terrain_grid_column": 36,
        "terrain_grid_row": 0,
        "terrain_grid_columns": 41,
        "terrain_grid_rows": 41,
        "terrain_grid_validity": "no_data"
      },
      "geometry": {
        "type": "Point",
        "coordinates": [
          -159.208,
          -19.25
        ]
      }
    },
    {
      "type": "Feature",
      "id": "terrain-r00-c37",
      "properties": {
        "terrain_grid_id": "rey-county-semantic-terrain-v1",
        "terrain_grid_column": 37,
        "terrain_grid_row": 0,
        "terrain_grid_columns": 41,
        "terrain_grid_rows": 41,
        "terrain_grid_validity": "no_data"
      },
      "geometry": {
        "type": "Point",
        "coordinates": [
          -159.186,
          -19.25
        ]
      }
    },
    {
      "type": "Feature",
      "id": "terrain-r00-c38",
      "properties": {
        "terrain_grid_id": "rey-county-semantic-terrain-v1",
        "terrain_grid_column": 38,
        "terrain_grid_row": 0,
        "terrain_grid_columns": 41,
        "terrain_grid_rows": 41,
        "terrain_grid_validity": "no_data"
      },
      "geometry": {
        "type": "Point",
        "coordinates": [
          -159.164,
          -19.25
        ]
      }
    },
    {
      "type": "Feature",
      "id": "terrain-r00-c39",
      "properties": {
        "terrain_grid_id": "rey-county-semantic-terrain-v1",
        "terrain_grid_column": 39,
        "terrain_grid_row": 0,
        "terrain_grid_columns": 41,
        "terrain_grid_rows": 41,
        "terrain_grid_validity": "no_data"
      },
      "geometry": {
        "type": "Point",
        "coordinates": [
          -159.142,
          -19.25
        ]
      }
    },
    {
      "type": "Feature",
      "id": "terrain-r00-c40",
      "properties": {
        "terrain_grid_id": "rey-county-semantic-terrain-v1",
        "terrain_grid_column": 40,
        "terrain_grid_row": 0,
        "terrain_grid_columns": 41,
        "terrain_grid_rows": 41,
        "terrain_grid_validity": "no_data"
      },
      "geometry": {
        "type": "Point",
        "coordinates": [
          -159.12,
          -19.25
        ]
      }
    },
    {
      "type": "Feature",
      "id": "terrain-r01-c00",
      "properties": {
        "terrain_grid_id": "rey-county-semantic-terrain-v1",
        "terrain_grid_column": 0,
        "terrain_grid_row": 1,
        "terrain_grid_columns": 41,
        "terrain_grid_rows": 41,
        "terrain_grid_validity": "no_data"
      },
      "geometry": {
        "type": "Point",
        "coordinates": [
          -160,
          -19.26875
        ]
      }
    },
    {
      "type": "Feature",
      "id": "terrain-r01-c01",
      "properties": {
        "terrain_grid_id": "rey-county-semantic-terrain-v1",
        "terrain_grid_column": 1,
        "terrain_grid_row": 1,
        "terrain_grid_columns": 41,
        "terrain_grid_rows": 41,
        "terrain_grid_validity": "no_data"
      },
      "geometry": {
        "type": "Point",
        "coordinates": [
          -159.978,
          -19.26875
        ]
      }
    },
    {
      "type": "Feature",
      "id": "terrain-r01-c02",
      "properties": {
        "terrain_grid_id": "rey-county-semantic-terrain-v1",
        "terrain_grid_column": 2,
        "terrain_grid_row": 1,
        "terrain_grid_columns": 41,
        "terrain_grid_rows": 41,
        "terrain_grid_validity": "no_data"
      },
      "geometry": {
        "type": "Point",
        "coordinates": [
          -159.956,
          -19.26875
        ]
      }
    },
    {
      "type": "Feature",
      "id": "terrain-r01-c03",
      "properties": {
        "terrain_grid_id": "rey-county-semantic-terrain-v1",
        "terrain_grid_column": 3,
        "terrain_grid_row": 1,
        "terrain_grid_columns": 41,
        "terrain_grid_rows": 41,
        "terrain_grid_validity": "no_data"
      },
      "geometry": {
        "type": "Point",
        "coordinates": [
          -159.934,
          -19.26875
        ]
      }
    },
    {
      "type": "Feature",
      "id": "terrain-r01-c04",
      "properties": {
        "terrain_grid_id": "rey-county-semantic-terrain-v1",
        "terrain_grid_column": 4,
        "terrain_grid_row": 1,
        "terrain_grid_columns": 41,
        "terrain_grid_rows": 41,
        "terrain_grid_validity": "no_data"
      },
      "geometry": {
        "type": "Point",
        "coordinates": [
          -159.912,
          -19.26875
        ]
      }
    },
    {
      "type": "Feature",
      "id": "terrain-r01-c05",
      "properties": {
        "terrain_grid_id": "rey-county-semantic-terrain-v1",
        "terrain_grid_column": 5,
        "terrain_grid_row": 1,
        "terrain_grid_columns": 41,
        "terrain_grid_rows": 41,
        "terrain_grid_validity": "no_data"
      },
      "geometry": {
        "type": "Point",
        "coordinates": [
          -159.89,
          -19.26875
        ]
      }
    },
    {
      "type": "Feature",
      "id": "terrain-r01-c06",
      "properties": {
        "terrain_grid_id": "rey-county-semantic-terrain-v1",
        "terrain_grid_column": 6,
        "terrain_grid_row": 1,
        "terrain_grid_columns": 41,
        "terrain_grid_rows": 41,
        "terrain_grid_validity": "no_data"
      },
      "geometry": {
        "type": "Point",
        "coordinates": [
          -159.868,
          -19.26875
        ]
      }
    },
    {
      "type": "Feature",
      "id": "terrain-r01-c07",
      "properties": {
        "terrain_grid_id": "rey-county-semantic-terrain-v1",
        "terrain_grid_column": 7,
        "terrain_grid_row": 1,
        "terrain_grid_columns": 41,
        "terrain_grid_rows": 41,
        "terrain_grid_validity": "no_data"
      },
      "geometry": {
        "type": "Point",
        "coordinates": [
          -159.846,
          -19.26875
        ]
      }
    },
    {
      "type": "Feature",
      "id": "terrain-r01-c08",
      "properties": {
        "terrain_grid_id": "rey-county-semantic-terrain-v1",
        "terrain_grid_column": 8,
        "terrain_grid_row": 1,
        "terrain_grid_columns": 41,
        "terrain_grid_rows": 41,
        "terrain_grid_validity": "no_data"
      },
      "geometry": {
        "type": "Point",
        "coordinates": [
          -159.824,
          -19.26875
        ]
      }
    },
    {
      "type": "Feature",
      "id": "terrain-r01-c09",
      "properties": {
        "terrain_grid_id": "rey-county-semantic-terrain-v1",
        "terrain_grid_column": 9,
        "terrain_grid_row": 1,
        "terrain_grid_columns": 41,
        "terrain_grid_rows": 41,
        "terrain_grid_validity": "no_data"
      },
      "geometry": {
        "type": "Point",
        "coordinates": [
          -159.802,
          -19.26875
        ]
      }
    },
    {
      "type": "Feature",
      "id": "terrain-r01-c10",
      "properties": {
        "terrain_grid_id": "rey-county-semantic-terrain-v1",
        "terrain_grid_column": 10,
        "terrain_grid_row": 1,
        "terrain_grid_columns": 41,
        "terrain_grid_rows": 41,
        "terrain_grid_validity": "no_data"
      },
      "geometry": {
        "type": "Point",
        "coordinates": [
          -159.78,
          -19.26875
        ]
      }
    },
    {
      "type": "Feature",
      "id": "terrain-r01-c11",
      "properties": {
        "terrain_grid_id": "rey-county-semantic-terrain-v1",
        "terrain_grid_column": 11,
        "terrain_grid_row": 1,
        "terrain_grid_columns": 41,
        "terrain_grid_rows": 41,
        "terrain_grid_validity": "no_data"
      },
      "geometry": {
        "type": "Point",
        "coordinates": [
          -159.758,
          -19.26875
        ]
      }
    },
    {
      "type": "Feature",
      "id": "terrain-r01-c12",
      "properties": {
        "terrain_grid_id": "rey-county-semantic-terrain-v1",
        "terrain_grid_column": 12,
        "terrain_grid_row": 1,
        "terrain_grid_columns": 41,
        "terrain_grid_rows": 41,
        "terrain_grid_validity": "no_data"
      },
      "geometry": {
        "type": "Point",
        "coordinates": [
          -159.736,
          -19.26875
        ]
      }
    },
    {
      "type": "Feature",
      "id": "terrain-r01-c13",
      "properties": {
        "terrain_grid_id": "rey-county-semantic-terrain-v1",
        "terrain_grid_column": 13,
        "terrain_grid_row": 1,
        "terrain_grid_columns": 41,
        "terrain_grid_rows": 41,
        "terrain_grid_validity": "no_data"
      },
      "geometry": {
        "type": "Point",
        "coordinates": [
          -159.714,
          -19.26875
        ]
      }
    },
    {
      "type": "Feature",
      "id": "terrain-r01-c14",
      "properties": {
        "terrain_grid_id": "rey-county-semantic-terrain-v1",
        "terrain_grid_column": 14,
        "terrain_grid_row": 1,
        "terrain_grid_columns": 41,
        "terrain_grid_rows": 41,
        "terrain_grid_validity": "no_data"
      },
      "geometry": {
        "type": "Point",
        "coordinates": [
          -159.692,
          -19.26875
        ]
      }
    },
    {
      "type": "Feature",
      "id": "terrain-r01-c15",
      "properties": {
        "terrain_grid_id": "rey-county-semantic-terrain-v1",
        "terrain_grid_column": 15,
        "terrain_grid_row": 1,
        "terrain_grid_columns": 41,
        "terrain_grid_rows": 41,
        "terrain_grid_validity": "no_data"
      },
      "geometry": {
        "type": "Point",
        "coordinates": [
          -159.67,
          -19.26875
        ]
      }
    },
    {
      "type": "Feature",
      "id": "terrain-r01-c16",
      "properties": {
        "terrain_grid_id": "rey-county-semantic-terrain-v1",
        "terrain_grid_column": 16,
        "terrain_grid_row": 1,
        "terrain_grid_columns": 41,
        "terrain_grid_rows": 41,
        "terrain_grid_validity": "no_data"
      },
      "geometry": {
        "type": "Point",
        "coordinates": [
          -159.648,
          -19.26875
        ]
      }
    },
    {
      "type": "Feature",
      "id": "terrain-r01-c17",
      "properties": {
        "terrain_grid_id": "rey-county-semantic-terrain-v1",
        "terrain_grid_column": 17,
        "terrain_grid_row": 1,
        "terrain_grid_columns": 41,
        "terrain_grid_rows": 41,
        "terrain_grid_validity": "no_data"
      },
      "geometry": {
        "type": "Point",
        "coordinates": [
          -159.626,
          -19.26875
        ]
      }
    },
    {
      "type": "Feature",
      "id": "terrain-r01-c18",
      "properties": {
        "terrain_grid_id": "rey-county-semantic-terrain-v1",
        "terrain_grid_column": 18,
        "terrain_grid_row": 1,
        "terrain_grid_columns": 41,
        "terrain_grid_rows": 41,
        "terrain_grid_validity": "no_data"
      },
      "geometry": {
        "type": "Point",
        "coordinates": [
          -159.604,
          -19.26875
        ]
      }
    },
    {
      "type": "Feature",
      "id": "terrain-r01-c19",
      "properties": {
        "terrain_grid_id": "rey-county-semantic-terrain-v1",
        "terrain_grid_column": 19,
        "terrain_grid_row": 1,
        "terrain_grid_columns": 41,
        "terrain_grid_rows": 41,
        "terrain_grid_validity": "no_data"
      },
      "geometry": {
        "type": "Point",
        "coordinates": [
          -159.582,
          -19.26875
        ]
      }
    },
    {
      "type": "Feature",
      "id": "terrain-r01-c20",
      "properties": {
        "terrain_grid_id": "rey-county-semantic-terrain-v1",
        "terrain_grid_column": 20,
        "terrain_grid_row": 1,
        "terrain_grid_columns": 41,
        "terrain_grid_rows": 41,
        "terrain_grid_validity": "valid",
        "material": "rock",
        "landform": "architecture-highlands"
      },
      "geometry": {
        "type": "Point",
        "coordinates": [
          -159.56,
          -19.26875,
          677.21
        ]
      }
    },
    {
      "type": "Feature",
      "id": "terrain-r01-c21",
      "properties": {
        "terrain_grid_id": "rey-county-semantic-terrain-v1",
        "terrain_grid_column": 21,
        "terrain_grid_row": 1,
        "terrain_grid_columns": 41,
        "terrain_grid_rows": 41,
        "terrain_grid_validity": "valid",
        "material": "rock",
        "landform": "architecture-highlands"
      },
      "geometry": {
        "type": "Point",
        "coordinates": [
          -159.538,
          -19.26875,
          675.32
        ]
      }
    },
    {
      "type": "Feature",
      "id": "terrain-r01-c22",
      "properties": {
        "terrain_grid_id": "rey-county-semantic-terrain-v1",
        "terrain_grid_column": 22,
        "terrain_grid_row": 1,
        "terrain_grid_columns": 41,
        "terrain_grid_rows": 41,
        "terrain_grid_validity": "valid",
        "material": "rock",
        "landform": "architecture-highlands"
      },
      "geometry": {
        "type": "Point",
        "coordinates": [
          -159.516,
          -19.26875,
          677.95
        ]
      }
    },
    {
      "type": "Feature",
      "id": "terrain-r01-c23",
      "properties": {
        "terrain_grid_id": "rey-county-semantic-terrain-v1",
        "terrain_grid_column": 23,
        "terrain_grid_row": 1,
        "terrain_grid_columns": 41,
        "terrain_grid_rows": 41,
        "terrain_grid_validity": "valid",
        "material": "rock",
        "landform": "architecture-highlands"
      },
      "geometry": {
        "type": "Point",
        "coordinates": [
          -159.494,
          -19.26875,
          670.56
        ]
      }
    },
    {
      "type": "Feature",
      "id": "terrain-r01-c24",
      "properties": {
        "terrain_grid_id": "rey-county-semantic-terrain-v1",
        "terrain_grid_column": 24,
        "terrain_grid_row": 1,
        "terrain_grid_columns": 41,
        "terrain_grid_rows": 41,
        "terrain_grid_validity": "valid",
        "material": "rock",
        "landform": "architecture-highlands"
      },
      "geometry": {
        "type": "Point",
        "coordinates": [
          -159.472,
          -19.26875,
          662.94
        ]
      }
    },
    {
      "type": "Feature",
      "id": "terrain-r01-c25",
      "properties": {
        "terrain_grid_id": "rey-county-semantic-terrain-v1",
        "terrain_grid_column": 25,
        "terrain_grid_row": 1,
        "terrain_grid_columns": 41,
        "terrain_grid_rows": 41,
        "terrain_grid_validity": "valid",
        "material": "rock",
        "landform": "architecture-highlands"
      },
      "geometry": {
        "type": "Point",
        "coordinates": [
          -159.45,
          -19.26875,
          654.88
        ]
      }
    },
    {
      "type": "Feature",
      "id": "terrain-r01-c26",
      "properties": {
        "terrain_grid_id": "rey-county-semantic-terrain-v1",
        "terrain_grid_column": 26,
        "terrain_grid_row": 1,
        "terrain_grid_columns": 41,
        "terrain_grid_rows": 41,
        "terrain_grid_validity": "valid",
        "material": "rock",
        "landform": "architecture-highlands"
      },
      "geometry": {
        "type": "Point",
        "coordinates": [
          -159.428,
          -19.26875,
          644.18
        ]
      }
    },
    {
      "type": "Feature",
      "id": "terrain-r01-c27",
      "properties": {
        "terrain_grid_id": "rey-county-semantic-terrain-v1",
        "terrain_grid_column": 27,
        "terrain_grid_row": 1,
        "terrain_grid_columns": 41,
        "terrain_grid_rows": 41,
        "terrain_grid_validity": "no_data"
      },
      "geometry": {
        "type": "Point",
        "coordinates": [
          -159.406,
          -19.26875
        ]
      }
    },
    {
      "type": "Feature",
      "id": "terrain-r01-c28",
      "properties": {
        "terrain_grid_id": "rey-county-semantic-terrain-v1",
        "terrain_grid_column": 28,
        "terrain_grid_row": 1,
        "terrain_grid_columns": 41,
        "terrain_grid_rows": 41,
        "terrain_grid_validity": "no_data"
      },
      "geometry": {
        "type": "Point",
        "coordinates": [
          -159.384,
          -19.26875
        ]
      }
    },
    {
      "type": "Feature",
      "id": "terrain-r01-c29",
      "properties": {
        "terrain_grid_id": "rey-county-semantic-terrain-v1",
        "terrain_grid_column": 29,
        "terrain_grid_row": 1,
        "terrain_grid_columns": 41,
        "terrain_grid_rows": 41,
        "terrain_grid_validity": "no_data"
      },
      "geometry": {
        "type": "Point",
        "coordinates": [
          -159.362,
          -19.26875
        ]
      }
    },
    {
      "type": "Feature",
      "id": "terrain-r01-c30",
      "properties": {
        "terrain_grid_id": "rey-county-semantic-terrain-v1",
        "terrain_grid_column": 30,
        "terrain_grid_row": 1,
        "terrain_grid_columns": 41,
        "terrain_grid_rows": 41,
        "terrain_grid_validity": "no_data"
      },
      "geometry": {
        "type": "Point",
        "coordinates": [
          -159.34,
          -19.26875
        ]
      }
    },
    {
      "type": "Feature",
      "id": "terrain-r01-c31",
      "properties": {
        "terrain_grid_id": "rey-county-semantic-terrain-v1",
        "terrain_grid_column": 31,
        "terrain_grid_row": 1,
        "terrain_grid_columns": 41,
        "terrain_grid_rows": 41,
        "terrain_grid_validity": "no_data"
      },
      "geometry": {
        "type": "Point",
        "coordinates": [
          -159.318,
          -19.26875
        ]
      }
    },
    {
      "type": "Feature",
      "id": "terrain-r01-c32",
      "properties": {
        "terrain_grid_id": "rey-county-semantic-terrain-v1",
        "terrain_grid_column": 32,
        "terrain_grid_row": 1,
        "terrain_grid_columns": 41,
        "terrain_grid_rows": 41,
        "terrain_grid_validity": "no_data"
      },
      "geometry": {
        "type": "Point",
        "coordinates": [
          -159.296,
          -19.26875
        ]
      }
    },
    {
      "type": "Feature",
      "id": "terrain-r01-c33",
      "properties": {
        "terrain_grid_id": "rey-county-semantic-terrain-v1",
        "terrain_grid_column": 33,
        "terrain_grid_row": 1,
        "terrain_grid_columns": 41,
        "terrain_grid_rows": 41,
        "terrain_grid_validity": "no_data"
      },
      "geometry": {
        "type": "Point",
        "coordinates": [
          -159.274,
          -19.26875
        ]
      }
    },
    {
      "type": "Feature",
      "id": "terrain-r01-c34",
      "properties": {
        "terrain_grid_id": "rey-county-semantic-terrain-v1",
        "terrain_grid_column": 34,
        "terrain_grid_row": 1,
        "terrain_grid_columns": 41,
        "terrain_grid_rows": 41,
        "terrain_grid_validity": "no_data"
      },
      "geometry": {
        "type": "Point",
        "coordinates": [
          -159.252,
          -19.26875
        ]
      }
    },
    {
      "type": "Feature",
      "id": "terrain-r01-c35",
      "properties": {
        "terrain_grid_id": "rey-county-semantic-terrain-v1",
        "terrain_grid_column": 35,
        "terrain_grid_row": 1,
        "terrain_grid_columns": 41,
        "terrain_grid_rows": 41,
        "terrain_grid_validity": "no_data"
      },
      "geometry": {
        "type": "Point",
        "coordinates": [
          -159.23,
          -19.26875
        ]
      }
    },
    {
      "type": "Feature",
      "id": "terrain-r01-c36",
      "properties": {
        "terrain_grid_id": "rey-county-semantic-terrain-v1",
        "terrain_grid_column": 36,
        "terrain_grid_row": 1,
        "terrain_grid_columns": 41,
        "terrain_grid_rows": 41,
        "terrain_grid_validity": "no_data"
      },
      "geometry": {
        "type": "Point",
        "coordinates": [
          -159.208,
          -19.26875
        ]
      }
    },
    {
      "type": "Feature",
      "id": "terrain-r01-c37",
      "properties": {
        "terrain_grid_id": "rey-county-semantic-terrain-v1",
        "terrain_grid_column": 37,
        "terrain_grid_row": 1,
        "terrain_grid_columns": 41,
        "terrain_grid_rows": 41,
        "terrain_grid_validity": "no_data"
      },
      "geometry": {
        "type": "Point",
        "coordinates": [
          -159.186,
          -19.26875
        ]
      }
    },
    {
      "type": "Feature",
      "id": "terrain-r01-c38",
      "properties": {
        "terrain_grid_id": "rey-county-semantic-terrain-v1",
        "terrain_grid_column": 38,
        "terrain_grid_row": 1,
        "terrain_grid_columns": 41,
        "terrain_grid_rows": 41,
        "terrain_grid_validity": "no_data"
      },
      "geometry": {
        "type": "Point",
        "coordinates": [
          -159.164,
          -19.26875
        ]
      }
    },
    {
      "type": "Feature",
      "id": "terrain-r01-c39",
      "properties": {
        "terrain_grid_id": "rey-county-semantic-terrain-v1",
        "terrain_grid_column": 39,
        "terrain_grid_row": 1,
        "terrain_grid_columns": 41,
        "terrain_grid_rows": 41,
        "terrain_grid_validity": "no_data"
      },
      "geometry": {
        "type": "Point",
        "coordinates": [
          -159.142,
          -19.26875
        ]
      }
    },
    {
      "type": "Feature",
      "id": "terrain-r01-c40",
      "properties": {
        "terrain_grid_id": "rey-county-semantic-terrain-v1",
        "terrain_grid_column": 40,
        "terrain_grid_row": 1,
        "terrain_grid_columns": 41,
        "terrain_grid_rows": 41,
        "terrain_grid_validity": "no_data"
      },
      "geometry": {
        "type": "Point",
        "coordinates": [
          -159.12,
          -19.26875
        ]
      }
    },
    {
      "type": "Feature",
      "id": "terrain-r02-c00",
      "properties": {
        "terrain_grid_id": "rey-county-semantic-terrain-v1",
        "terrain_grid_column": 0,
        "terrain_grid_row": 2,
        "terrain_grid_columns": 41,
        "terrain_grid_rows": 41,
        "terrain_grid_validity": "no_data"
      },
      "geometry": {
        "type": "Point",
        "coordinates": [
          -160,
          -19.2875
        ]
      }
    },
    {
      "type": "Feature",
      "id": "terrain-r02-c01",
      "properties": {
        "terrain_grid_id": "rey-county-semantic-terrain-v1",
        "terrain_grid_column": 1,
        "terrain_grid_row": 2,
        "terrain_grid_columns": 41,
        "terrain_grid_rows": 41,
        "terrain_grid_validity": "no_data"
      },
      "geometry": {
        "type": "Point",
        "coordinates": [
          -159.978,
          -19.2875
        ]
      }
    },
    {
      "type": "Feature",
      "id": "terrain-r02-c02",
      "properties": {
        "terrain_grid_id": "rey-county-semantic-terrain-v1",
        "terrain_grid_column": 2,
        "terrain_grid_row": 2,
        "terrain_grid_columns": 41,
        "terrain_grid_rows": 41,
        "terrain_grid_validity": "no_data"
      },
      "geometry": {
        "type": "Point",
        "coordinates": [
          -159.956,
          -19.2875
        ]
      }
    },
    {
      "type": "Feature",
      "id": "terrain-r02-c03",
      "properties": {
        "terrain_grid_id": "rey-county-semantic-terrain-v1",
        "terrain_grid_column": 3,
        "terrain_grid_row": 2,
        "terrain_grid_columns": 41,
        "terrain_grid_rows": 41,
        "terrain_grid_validity": "no_data"
      },
      "geometry": {
        "type": "Point",
        "coordinates": [
          -159.934,
          -19.2875
        ]
      }
    },
    {
      "type": "Feature",
      "id": "terrain-r02-c04",
      "properties": {
        "terrain_grid_id": "rey-county-semantic-terrain-v1",
        "terrain_grid_column": 4,
        "terrain_grid_row": 2,
        "terrain_grid_columns": 41,
        "terrain_grid_rows": 41,
        "terrain_grid_validity": "no_data"
      },
      "geometry": {
        "type": "Point",
        "coordinates": [
          -159.912,
          -19.2875
        ]
      }
    },
    {
      "type": "Feature",
      "id": "terrain-r02-c05",
      "properties": {
        "terrain_grid_id": "rey-county-semantic-terrain-v1",
        "terrain_grid_column": 5,
        "terrain_grid_row": 2,
        "terrain_grid_columns": 41,
        "terrain_grid_rows": 41,
        "terrain_grid_validity": "no_data"
      },
      "geometry": {
        "type": "Point",
        "coordinates": [
          -159.89,
          -19.2875
        ]
      }
    },
    {
      "type": "Feature",
      "id": "terrain-r02-c06",
      "properties": {
        "terrain_grid_id": "rey-county-semantic-terrain-v1",
        "terrain_grid_column": 6,
        "terrain_grid_row": 2,
        "terrain_grid_columns": 41,
        "terrain_grid_rows": 41,
        "terrain_grid_validity": "no_data"
      },
      "geometry": {
        "type": "Point",
        "coordinates": [
          -159.868,
          -19.2875
        ]
      }
    },
    {
      "type": "Feature",
      "id": "terrain-r02-c07",
      "properties": {
        "terrain_grid_id": "rey-county-semantic-terrain-v1",
        "terrain_grid_column": 7,
        "terrain_grid_row": 2,
        "terrain_grid_columns": 41,
        "terrain_grid_rows": 41,
        "terrain_grid_validity": "no_data"
      },
      "geometry": {
        "type": "Point",
        "coordinates": [
          -159.846,
          -19.2875
        ]
      }
    },
    {
      "type": "Feature",
      "id": "terrain-r02-c08",
      "properties": {
        "terrain_grid_id": "rey-county-semantic-terrain-v1",
        "terrain_grid_column": 8,
        "terrain_grid_row": 2,
        "terrain_grid_columns": 41,
        "terrain_grid_rows": 41,
        "terrain_grid_validity": "no_data"
      },
      "geometry": {
        "type": "Point",
        "coordinates": [
          -159.824,
          -19.2875
        ]
      }
    },
    {
      "type": "Feature",
      "id": "terrain-r02-c09",
      "properties": {
        "terrain_grid_id": "rey-county-semantic-terrain-v1",
        "terrain_grid_column": 9,
        "terrain_grid_row": 2,
        "terrain_grid_columns": 41,
        "terrain_grid_rows": 41,
        "terrain_grid_validity": "no_data"
      },
      "geometry": {
        "type": "Point",
        "coordinates": [
          -159.802,
          -19.2875
        ]
      }
    },
    {
      "type": "Feature",
      "id": "terrain-r02-c10",
      "properties": {
        "terrain_grid_id": "rey-county-semantic-terrain-v1",
        "terrain_grid_column": 10,
        "terrain_grid_row": 2,
        "terrain_grid_columns": 41,
        "terrain_grid_rows": 41,
        "terrain_grid_validity": "no_data"
      },
      "geometry": {
        "type": "Point",
        "coordinates": [
          -159.78,
          -19.2875
        ]
      }
    },
    {
      "type": "Feature",
      "id": "terrain-r02-c11",
      "properties": {
        "terrain_grid_id": "rey-county-semantic-terrain-v1",
        "terrain_grid_column": 11,
        "terrain_grid_row": 2,
        "terrain_grid_columns": 41,
        "terrain_grid_rows": 41,
        "terrain_grid_validity": "no_data"
      },
      "geometry": {
        "type": "Point",
        "coordinates": [
          -159.758,
          -19.2875
        ]
      }
    },
    {
      "type": "Feature",
      "id": "terrain-r02-c12",
      "properties": {
        "terrain_grid_id": "rey-county-semantic-terrain-v1",
        "terrain_grid_column": 12,
        "terrain_grid_row": 2,
        "terrain_grid_columns": 41,
        "terrain_grid_rows": 41,
        "terrain_grid_validity": "no_data"
      },
      "geometry": {
        "type": "Point",
        "coordinates": [
          -159.736,
          -19.2875
        ]
      }
    },
    {
      "type": "Feature",
      "id": "terrain-r02-c13",
      "properties": {
        "terrain_grid_id": "rey-county-semantic-terrain-v1",
        "terrain_grid_column": 13,
        "terrain_grid_row": 2,
        "terrain_grid_columns": 41,
        "terrain_grid_rows": 41,
        "terrain_grid_validity": "no_data"
      },
      "geometry": {
        "type": "Point",
        "coordinates": [
          -159.714,
          -19.2875
        ]
      }
    },
    {
      "type": "Feature",
      "id": "terrain-r02-c14",
      "properties": {
        "terrain_grid_id": "rey-county-semantic-terrain-v1",
        "terrain_grid_column": 14,
        "terrain_grid_row": 2,
        "terrain_grid_columns": 41,
        "terrain_grid_rows": 41,
        "terrain_grid_validity": "no_data"
      },
      "geometry": {
        "type": "Point",
        "coordinates": [
          -159.692,
          -19.2875
        ]
      }
    },
    {
      "type": "Feature",
      "id": "terrain-r02-c15",
      "properties": {
        "terrain_grid_id": "rey-county-semantic-terrain-v1",
        "terrain_grid_column": 15,
        "terrain_grid_row": 2,
        "terrain_grid_columns": 41,
        "terrain_grid_rows": 41,
        "terrain_grid_validity": "no_data"
      },
      "geometry": {
        "type": "Point",
        "coordinates": [
          -159.67,
          -19.2875
        ]
      }
    },
    {
      "type": "Feature",
      "id": "terrain-r02-c16",
      "properties": {
        "terrain_grid_id": "rey-county-semantic-terrain-v1",
        "terrain_grid_column": 16,
        "terrain_grid_row": 2,
        "terrain_grid_columns": 41,
        "terrain_grid_rows": 41,
        "terrain_grid_validity": "valid",
        "material": "rock",
        "landform": "anchor-range"
      },
      "geometry": {
        "type": "Point",
        "coordinates": [
          -159.648,
          -19.2875,
          749.63
        ]
      }
    },
    {
      "type": "Feature",
      "id": "terrain-r02-c17",
      "properties": {
        "terrain_grid_id": "rey-county-semantic-terrain-v1",
        "terrain_grid_column": 17,
        "terrain_grid_row": 2,
        "terrain_grid_columns": 41,
        "terrain_grid_rows": 41,
        "terrain_grid_validity": "valid",
        "material": "rock",
        "landform": "anchor-range"
      },
      "geometry": {
        "type": "Point",
        "coordinates": [
          -159.626,
          -19.2875,
          753.77
        ]
      }
    },
    {
      "type": "Feature",
      "id": "terrain-r02-c18",
      "properties": {
        "terrain_grid_id": "rey-county-semantic-terrain-v1",
        "terrain_grid_column": 18,
        "terrain_grid_row": 2,
        "terrain_grid_columns": 41,
        "terrain_grid_rows": 41,
        "terrain_grid_validity": "valid",
        "material": "rock",
        "landform": "anchor-range"
      },
      "geometry": {
        "type": "Point",
        "coordinates": [
          -159.604,
          -19.2875,
          744
        ]
      }
    },
    {
      "type": "Feature",
      "id": "terrain-r02-c19",
      "properties": {
        "terrain_grid_id": "rey-county-semantic-terrain-v1",
        "terrain_grid_column": 19,
        "terrain_grid_row": 2,
        "terrain_grid_columns": 41,
        "terrain_grid_rows": 41,
        "terrain_grid_validity": "valid",
        "material": "rock",
        "landform": "anchor-range"
      },
      "geometry": {
        "type": "Point",
        "coordinates": [
          -159.582,
          -19.2875,
          736
        ]
      }
    },
    {
      "type": "Feature",
      "id": "terrain-r02-c20",
      "properties": {
        "terrain_grid_id": "rey-county-semantic-terrain-v1",
        "terrain_grid_column": 20,
        "terrain_grid_row": 2,
        "terrain_grid_columns": 41,
        "terrain_grid_rows": 41,
        "terrain_grid_validity": "valid",
        "material": "rock",
        "landform": "architecture-highlands"
      },
      "geometry": {
        "type": "Point",
        "coordinates": [
          -159.56,
          -19.2875,
          731.02
        ]
      }
    },
    {
      "type": "Feature",
      "id": "terrain-r02-c21",
      "properties": {
        "terrain_grid_id": "rey-county-semantic-terrain-v1",
        "terrain_grid_column": 21,
        "terrain_grid_row": 2,
        "terrain_grid_columns": 41,
        "terrain_grid_rows": 41,
        "terrain_grid_validity": "valid",
        "material": "rock",
        "landform": "architecture-highlands"
      },
      "geometry": {
        "type": "Point",
        "coordinates": [
          -159.538,
          -19.2875,
          728.29
        ]
      }
    },
    {
      "type": "Feature",
      "id": "terrain-r02-c22",
      "properties": {
        "terrain_grid_id": "rey-county-semantic-terrain-v1",
        "terrain_grid_column": 22,
        "terrain_grid_row": 2,
        "terrain_grid_columns": 41,
        "terrain_grid_rows": 41,
        "terrain_grid_validity": "valid",
        "material": "rock",
        "landform": "architecture-highlands"
      },
      "geometry": {
        "type": "Point",
        "coordinates": [
          -159.516,
          -19.2875,
          727.53
        ]
      }
    },
    {
      "type": "Feature",
      "id": "terrain-r02-c23",
      "properties": {
        "terrain_grid_id": "rey-county-semantic-terrain-v1",
        "terrain_grid_column": 23,
        "terrain_grid_row": 2,
        "terrain_grid_columns": 41,
        "terrain_grid_rows": 41,
        "terrain_grid_validity": "valid",
        "material": "rock",
        "landform": "architecture-highlands"
      },
      "geometry": {
        "type": "Point",
        "coordinates": [
          -159.494,
          -19.2875,
          728.41
        ]
      }
    },
    {
      "type": "Feature",
      "id": "terrain-r02-c24",
      "properties": {
        "terrain_grid_id": "rey-county-semantic-terrain-v1",
        "terrain_grid_column": 24,
        "terrain_grid_row": 2,
        "terrain_grid_columns": 41,
        "terrain_grid_rows": 41,
        "terrain_grid_validity": "valid",
        "material": "rock",
        "landform": "architecture-highlands"
      },
      "geometry": {
        "type": "Point",
        "coordinates": [
          -159.472,
          -19.2875,
          713.26
        ]
      }
    },
    {
      "type": "Feature",
      "id": "terrain-r02-c25",
      "properties": {
        "terrain_grid_id": "rey-county-semantic-terrain-v1",
        "terrain_grid_column": 25,
        "terrain_grid_row": 2,
        "terrain_grid_columns": 41,
        "terrain_grid_rows": 41,
        "terrain_grid_validity": "valid",
        "material": "rock",
        "landform": "architecture-highlands"
      },
      "geometry": {
        "type": "Point",
        "coordinates": [
          -159.45,
          -19.2875,
          704.16
        ]
      }
    },
    {
      "type": "Feature",
      "id": "terrain-r02-c26",
      "properties": {
        "terrain_grid_id": "rey-county-semantic-terrain-v1",
        "terrain_grid_column": 26,
        "terrain_grid_row": 2,
        "terrain_grid_columns": 41,
        "terrain_grid_rows": 41,
        "terrain_grid_validity": "valid",
        "material": "rock",
        "landform": "architecture-highlands"
      },
      "geometry": {
        "type": "Point",
        "coordinates": [
          -159.428,
          -19.2875,
          689.91
        ]
      }
    },
    {
      "type": "Feature",
      "id": "terrain-r02-c27",
      "properties": {
        "terrain_grid_id": "rey-county-semantic-terrain-v1",
        "terrain_grid_column": 27,
        "terrain_grid_row": 2,
        "terrain_grid_columns": 41,
        "terrain_grid_rows": 41,
        "terrain_grid_validity": "valid",
        "material": "rock",
        "landform": "architecture-highlands"
      },
      "geometry": {
        "type": "Point",
        "coordinates": [
          -159.406,
          -19.2875,
          680.04
        ]
      }
    },
    {
      "type": "Feature",
      "id": "terrain-r02-c28",
      "properties": {
        "terrain_grid_id": "rey-county-semantic-terrain-v1",
        "terrain_grid_column": 28,
        "terrain_grid_row": 2,
        "terrain_grid_columns": 41,
        "terrain_grid_rows": 41,
        "terrain_grid_validity": "valid",
        "material": "rock",
        "landform": "architecture-highlands"
      },
      "geometry": {
        "type": "Point",
        "coordinates": [
          -159.384,
          -19.2875,
          674.57
        ]
      }
    },
    {
      "type": "Feature",
      "id": "terrain-r02-c29",
      "properties": {
        "terrain_grid_id": "rey-county-semantic-terrain-v1",
        "terrain_grid_column": 29,
        "terrain_grid_row": 2,
        "terrain_grid_columns": 41,
        "terrain_grid_rows": 41,
        "terrain_grid_validity": "no_data"
      },
      "geometry": {
        "type": "Point",
        "coordinates": [
          -159.362,
          -19.2875
        ]
      }
    },
    {
      "type": "Feature",
      "id": "terrain-r02-c30",
      "properties": {
        "terrain_grid_id": "rey-county-semantic-terrain-v1",
        "terrain_grid_column": 30,
        "terrain_grid_row": 2,
        "terrain_grid_columns": 41,
        "terrain_grid_rows": 41,
        "terrain_grid_validity": "no_data"
      },
      "geometry": {
        "type": "Point",
        "coordinates": [
          -159.34,
          -19.2875
        ]
      }
    },
    {
      "type": "Feature",
      "id": "terrain-r02-c31",
      "properties": {
        "terrain_grid_id": "rey-county-semantic-terrain-v1",
        "terrain_grid_column": 31,
        "terrain_grid_row": 2,
        "terrain_grid_columns": 41,
        "terrain_grid_rows": 41,
        "terrain_grid_validity": "no_data"
      },
      "geometry": {
        "type": "Point",
        "coordinates": [
          -159.318,
          -19.2875
        ]
      }
    },
    {
      "type": "Feature",
      "id": "terrain-r02-c32",
      "properties": {
        "terrain_grid_id": "rey-county-semantic-terrain-v1",
        "terrain_grid_column": 32,
        "terrain_grid_row": 2,
        "terrain_grid_columns": 41,
        "terrain_grid_rows": 41,
        "terrain_grid_validity": "no_data"
      },
      "geometry": {
        "type": "Point",
        "coordinates": [
          -159.296,
          -19.2875
        ]
      }
    },
    {
      "type": "Feature",
      "id": "terrain-r02-c33",
      "properties": {
        "terrain_grid_id": "rey-county-semantic-terrain-v1",
        "terrain_grid_column": 33,
        "terrain_grid_row": 2,
        "terrain_grid_columns": 41,
        "terrain_grid_rows": 41,
        "terrain_grid_validity": "no_data"
      },
      "geometry": {
        "type": "Point",
        "coordinates": [
          -159.274,
          -19.2875
        ]
      }
    },
    {
      "type": "Feature",
      "id": "terrain-r02-c34",
      "properties": {
        "terrain_grid_id": "rey-county-semantic-terrain-v1",
        "terrain_grid_column": 34,
        "terrain_grid_row": 2,
        "terrain_grid_columns": 41,
        "terrain_grid_rows": 41,
        "terrain_grid_validity": "no_data"
      },
      "geometry": {
        "type": "Point",
        "coordinates": [
          -159.252,
          -19.2875
        ]
      }
    },
    {
      "type": "Feature",
      "id": "terrain-r02-c35",
      "properties": {
        "terrain_grid_id": "rey-county-semantic-terrain-v1",
        "terrain_grid_column": 35,
        "terrain_grid_row": 2,
        "terrain_grid_columns": 41,
        "terrain_grid_rows": 41,
        "terrain_grid_validity": "no_data"
      },
      "geometry": {
        "type": "Point",
        "coordinates": [
          -159.23,
          -19.2875
        ]
      }
    },
    {
      "type": "Feature",
      "id": "terrain-r02-c36",
      "properties": {
        "terrain_grid_id": "rey-county-semantic-terrain-v1",
        "terrain_grid_column": 36,
        "terrain_grid_row": 2,
        "terrain_grid_columns": 41,
        "terrain_grid_rows": 41,
        "terrain_grid_validity": "no_data"
      },
      "geometry": {
        "type": "Point",
        "coordinates": [
          -159.208,
          -19.2875
        ]
      }
    },
    {
      "type": "Feature",
      "id": "terrain-r02-c37",
      "properties": {
        "terrain_grid_id": "rey-county-semantic-terrain-v1",
        "terrain_grid_column": 37,
        "terrain_grid_row": 2,
        "terrain_grid_columns": 41,
        "terrain_grid_rows": 41,
        "terrain_grid_validity": "no_data"
      },
      "geometry": {
        "type": "Point",
        "coordinates": [
          -159.186,
          -19.2875
        ]
      }
    },
    {
      "type": "Feature",
      "id": "terrain-r02-c38",
      "properties": {
        "terrain_grid_id": "rey-county-semantic-terrain-v1",
        "terrain_grid_column": 38,
        "terrain_grid_row": 2,
        "terrain_grid_columns": 41,
        "terrain_grid_rows": 41,
        "terrain_grid_validity": "no_data"
      },
      "geometry": {
        "type": "Point",
        "coordinates": [
          -159.164,
          -19.2875
        ]
      }
    },
    {
      "type": "Feature",
      "id": "terrain-r02-c39",
      "properties": {
        "terrain_grid_id": "rey-county-semantic-terrain-v1",
        "terrain_grid_column": 39,
        "terrain_grid_row": 2,
        "terrain_grid_columns": 41,
        "terrain_grid_rows": 41,
        "terrain_grid_validity": "no_data"
      },
      "geometry": {
        "type": "Point",
        "coordinates": [
          -159.142,
          -19.2875
        ]
      }
    },
    {
      "type": "Feature",
      "id": "terrain-r02-c40",
      "properties": {
        "terrain_grid_id": "rey-county-semantic-terrain-v1",
        "terrain_grid_column": 40,
        "terrain_grid_row": 2,
        "terrain_grid_columns": 41,
        "terrain_grid_rows": 41,
        "terrain_grid_validity": "no_data"
      },
      "geometry": {
        "type": "Point",
        "coordinates": [
          -159.12,
          -19.2875
        ]
      }
    },
    {
      "type": "Feature",
      "id": "terrain-r03-c00",
      "properties": {
        "terrain_grid_id": "rey-county-semantic-terrain-v1",
        "terrain_grid_column": 0,
        "terrain_grid_row": 3,
        "terrain_grid_columns": 41,
        "terrain_grid_rows": 41,
        "terrain_grid_validity": "no_data"
      },
      "geometry": {
        "type": "Point",
        "coordinates": [
          -160,
          -19.30625
        ]
      }
    },
    {
      "type": "Feature",
      "id": "terrain-r03-c01",
      "properties": {
        "terrain_grid_id": "rey-county-semantic-terrain-v1",
        "terrain_grid_column": 1,
        "terrain_grid_row": 3,
        "terrain_grid_columns": 41,
        "terrain_grid_rows": 41,
        "terrain_grid_validity": "no_data"
      },
      "geometry": {
        "type": "Point",
        "coordinates": [
          -159.978,
          -19.30625
        ]
      }
    },
    {
      "type": "Feature",
      "id": "terrain-r03-c02",
      "properties": {
        "terrain_grid_id": "rey-county-semantic-terrain-v1",
        "terrain_grid_column": 2,
        "terrain_grid_row": 3,
        "terrain_grid_columns": 41,
        "terrain_grid_rows": 41,
        "terrain_grid_validity": "no_data"
      },
      "geometry": {
        "type": "Point",
        "coordinates": [
          -159.956,
          -19.30625
        ]
      }
    },
    {
      "type": "Feature",
      "id": "terrain-r03-c03",
      "properties": {
        "terrain_grid_id": "rey-county-semantic-terrain-v1",
        "terrain_grid_column": 3,
        "terrain_grid_row": 3,
        "terrain_grid_columns": 41,
        "terrain_grid_rows": 41,
        "terrain_grid_validity": "no_data"
      },
      "geometry": {
        "type": "Point",
        "coordinates": [
          -159.934,
          -19.30625
        ]
      }
    },
    {
      "type": "Feature",
      "id": "terrain-r03-c04",
      "properties": {
        "terrain_grid_id": "rey-county-semantic-terrain-v1",
        "terrain_grid_column": 4,
        "terrain_grid_row": 3,
        "terrain_grid_columns": 41,
        "terrain_grid_rows": 41,
        "terrain_grid_validity": "no_data"
      },
      "geometry": {
        "type": "Point",
        "coordinates": [
          -159.912,
          -19.30625
        ]
      }
    },
    {
      "type": "Feature",
      "id": "terrain-r03-c05",
      "properties": {
        "terrain_grid_id": "rey-county-semantic-terrain-v1",
        "terrain_grid_column": 5,
        "terrain_grid_row": 3,
        "terrain_grid_columns": 41,
        "terrain_grid_rows": 41,
        "terrain_grid_validity": "no_data"
      },
      "geometry": {
        "type": "Point",
        "coordinates": [
          -159.89,
          -19.30625
        ]
      }
    },
    {
      "type": "Feature",
      "id": "terrain-r03-c06",
      "properties": {
        "terrain_grid_id": "rey-county-semantic-terrain-v1",
        "terrain_grid_column": 6,
        "terrain_grid_row": 3,
        "terrain_grid_columns": 41,
        "terrain_grid_rows": 41,
        "terrain_grid_validity": "no_data"
      },
      "geometry": {
        "type": "Point",
        "coordinates": [
          -159.868,
          -19.30625
        ]
      }
    },
    {
      "type": "Feature",
      "id": "terrain-r03-c07",
      "properties": {
        "terrain_grid_id": "rey-county-semantic-terrain-v1",
        "terrain_grid_column": 7,
        "terrain_grid_row": 3,
        "terrain_grid_columns": 41,
        "terrain_grid_rows": 41,
        "terrain_grid_validity": "no_data"
      },
      "geometry": {
        "type": "Point",
        "coordinates": [
          -159.846,
          -19.30625
        ]
      }
    },
    {
      "type": "Feature",
      "id": "terrain-r03-c08",
      "properties": {
        "terrain_grid_id": "rey-county-semantic-terrain-v1",
        "terrain_grid_column": 8,
        "terrain_grid_row": 3,
        "terrain_grid_columns": 41,
        "terrain_grid_rows": 41,
        "terrain_grid_validity": "no_data"
      },
      "geometry": {
        "type": "Point",
        "coordinates": [
          -159.824,
          -19.30625
        ]
      }
    },
    {
      "type": "Feature",
      "id": "terrain-r03-c09",
      "properties": {
        "terrain_grid_id": "rey-county-semantic-terrain-v1",
        "terrain_grid_column": 9,
        "terrain_grid_row": 3,
        "terrain_grid_columns": 41,
        "terrain_grid_rows": 41,
        "terrain_grid_validity": "no_data"
      },
      "geometry": {
        "type": "Point",
        "coordinates": [
          -159.802,
          -19.30625
        ]
      }
    },
    {
      "type": "Feature",
      "id": "terrain-r03-c10",
      "properties": {
        "terrain_grid_id": "rey-county-semantic-terrain-v1",
        "terrain_grid_column": 10,
        "terrain_grid_row": 3,
        "terrain_grid_columns": 41,
        "terrain_grid_rows": 41,
        "terrain_grid_validity": "no_data"
      },
      "geometry": {
        "type": "Point",
        "coordinates": [
          -159.78,
          -19.30625
        ]
      }
    },
    {
      "type": "Feature",
      "id": "terrain-r03-c11",
      "properties": {
        "terrain_grid_id": "rey-county-semantic-terrain-v1",
        "terrain_grid_column": 11,
        "terrain_grid_row": 3,
        "terrain_grid_columns": 41,
        "terrain_grid_rows": 41,
        "terrain_grid_validity": "no_data"
      },
      "geometry": {
        "type": "Point",
        "coordinates": [
          -159.758,
          -19.30625
        ]
      }
    },
    {
      "type": "Feature",
      "id": "terrain-r03-c12",
      "properties": {
        "terrain_grid_id": "rey-county-semantic-terrain-v1",
        "terrain_grid_column": 12,
        "terrain_grid_row": 3,
        "terrain_grid_columns": 41,
        "terrain_grid_rows": 41,
        "terrain_grid_validity": "valid",
        "material": "rock",
        "landform": "anchor-range"
      },
      "geometry": {
        "type": "Point",
        "coordinates": [
          -159.736,
          -19.30625,
          789.52
        ]
      }
    },
    {
      "type": "Feature",
      "id": "terrain-r03-c13",
      "properties": {
        "terrain_grid_id": "rey-county-semantic-terrain-v1",
        "terrain_grid_column": 13,
        "terrain_grid_row": 3,
        "terrain_grid_columns": 41,
        "terrain_grid_rows": 41,
        "terrain_grid_validity": "valid",
        "material": "rock",
        "landform": "anchor-range"
      },
      "geometry": {
        "type": "Point",
        "coordinates": [
          -159.714,
          -19.30625,
          793.56
        ]
      }
    },
    {
      "type": "Feature",
      "id": "terrain-r03-c14",
      "properties": {
        "terrain_grid_id": "rey-county-semantic-terrain-v1",
        "terrain_grid_column": 14,
        "terrain_grid_row": 3,
        "terrain_grid_columns": 41,
        "terrain_grid_rows": 41,
        "terrain_grid_validity": "valid",
        "material": "rock",
        "landform": "anchor-range"
      },
      "geometry": {
        "type": "Point",
        "coordinates": [
          -159.692,
          -19.30625,
          792.94
        ]
      }
    },
    {
      "type": "Feature",
      "id": "terrain-r03-c15",
      "properties": {
        "terrain_grid_id": "rey-county-semantic-terrain-v1",
        "terrain_grid_column": 15,
        "terrain_grid_row": 3,
        "terrain_grid_columns": 41,
        "terrain_grid_rows": 41,
        "terrain_grid_validity": "valid",
        "material": "rock",
        "landform": "anchor-range"
      },
      "geometry": {
        "type": "Point",
        "coordinates": [
          -159.67,
          -19.30625,
          806.5
        ]
      }
    },
    {
      "type": "Feature",
      "id": "terrain-r03-c16",
      "properties": {
        "terrain_grid_id": "rey-county-semantic-terrain-v1",
        "terrain_grid_column": 16,
        "terrain_grid_row": 3,
        "terrain_grid_columns": 41,
        "terrain_grid_rows": 41,
        "terrain_grid_validity": "valid",
        "material": "rock",
        "landform": "anchor-range"
      },
      "geometry": {
        "type": "Point",
        "coordinates": [
          -159.648,
          -19.30625,
          809.11
        ]
      }
    },
    {
      "type": "Feature",
      "id": "terrain-r03-c17",
      "properties": {
        "terrain_grid_id": "rey-county-semantic-terrain-v1",
        "terrain_grid_column": 17,
        "terrain_grid_row": 3,
        "terrain_grid_columns": 41,
        "terrain_grid_rows": 41,
        "terrain_grid_validity": "valid",
        "material": "rock",
        "landform": "anchor-range"
      },
      "geometry": {
        "type": "Point",
        "coordinates": [
          -159.626,
          -19.30625,
          815.5
        ]
      }
    },
    {
      "type": "Feature",
      "id": "terrain-r03-c18",
      "properties": {
        "terrain_grid_id": "rey-county-semantic-terrain-v1",
        "terrain_grid_column": 18,
        "terrain_grid_row": 3,
        "terrain_grid_columns": 41,
        "terrain_grid_rows": 41,
        "terrain_grid_validity": "valid",
        "material": "rock",
        "landform": "anchor-range"
      },
      "geometry": {
        "type": "Point",
        "coordinates": [
          -159.604,
          -19.30625,
          812.91
        ]
      }
    },
    {
      "type": "Feature",
      "id": "terrain-r03-c19",
      "properties": {
        "terrain_grid_id": "rey-county-semantic-terrain-v1",
        "terrain_grid_column": 19,
        "terrain_grid_row": 3,
        "terrain_grid_columns": 41,
        "terrain_grid_rows": 41,
        "terrain_grid_validity": "valid",
        "material": "rock",
        "landform": "anchor-range"
      },
      "geometry": {
        "type": "Point",
        "coordinates": [
          -159.582,
          -19.30625,
          802.42
        ]
      }
    },
    {
      "type": "Feature",
      "id": "terrain-r03-c20",
      "properties": {
        "terrain_grid_id": "rey-county-semantic-terrain-v1",
        "terrain_grid_column": 20,
        "terrain_grid_row": 3,
        "terrain_grid_columns": 41,
        "terrain_grid_rows": 41,
        "terrain_grid_validity": "valid",
        "material": "rock",
        "landform": "architecture-highlands"
      },
      "geometry": {
        "type": "Point",
        "coordinates": [
          -159.56,
          -19.30625,
          791.87
        ]
      }
    },
    {
      "type": "Feature",
      "id": "terrain-r03-c21",
      "properties": {
        "terrain_grid_id": "rey-county-semantic-terrain-v1",
        "terrain_grid_column": 21,
        "terrain_grid_row": 3,
        "terrain_grid_columns": 41,
        "terrain_grid_rows": 41,
        "terrain_grid_validity": "valid",
        "material": "rock",
        "landform": "architecture-highlands"
      },
      "geometry": {
        "type": "Point",
        "coordinates": [
          -159.538,
          -19.30625,
          791.4
        ]
      }
    },
    {
      "type": "Feature",
      "id": "terrain-r03-c22",
      "properties": {
        "terrain_grid_id": "rey-county-semantic-terrain-v1",
        "terrain_grid_column": 22,
        "terrain_grid_row": 3,
        "terrain_grid_columns": 41,
        "terrain_grid_rows": 41,
        "terrain_grid_validity": "valid",
        "material": "rock",
        "landform": "architecture-highlands"
      },
      "geometry": {
        "type": "Point",
        "coordinates": [
          -159.516,
          -19.30625,
          783.63
        ]
      }
    },
    {
      "type": "Feature",
      "id": "terrain-r03-c23",
      "properties": {
        "terrain_grid_id": "rey-county-semantic-terrain-v1",
        "terrain_grid_column": 23,
        "terrain_grid_row": 3,
        "terrain_grid_columns": 41,
        "terrain_grid_rows": 41,
        "terrain_grid_validity": "valid",
        "material": "rock",
        "landform": "architecture-highlands"
      },
      "geometry": {
        "type": "Point",
        "coordinates": [
          -159.494,
          -19.30625,
          783.19
        ]
      }
    },
    {
      "type": "Feature",
      "id": "terrain-r03-c24",
      "properties": {
        "terrain_grid_id": "rey-county-semantic-terrain-v1",
        "terrain_grid_column": 24,
        "terrain_grid_row": 3,
        "terrain_grid_columns": 41,
        "terrain_grid_rows": 41,
        "terrain_grid_validity": "valid",
        "material": "rock",
        "landform": "architecture-highlands"
      },
      "geometry": {
        "type": "Point",
        "coordinates": [
          -159.472,
          -19.30625,
          771.34
        ]
      }
    },
    {
      "type": "Feature",
      "id": "terrain-r03-c25",
      "properties": {
        "terrain_grid_id": "rey-county-semantic-terrain-v1",
        "terrain_grid_column": 25,
        "terrain_grid_row": 3,
        "terrain_grid_columns": 41,
        "terrain_grid_rows": 41,
        "terrain_grid_validity": "valid",
        "material": "rock",
        "landform": "architecture-highlands"
      },
      "geometry": {
        "type": "Point",
        "coordinates": [
          -159.45,
          -19.30625,
          751
        ]
      }
    },
    {
      "type": "Feature",
      "id": "terrain-r03-c26",
      "properties": {
        "terrain_grid_id": "rey-county-semantic-terrain-v1",
        "terrain_grid_column": 26,
        "terrain_grid_row": 3,
        "terrain_grid_columns": 41,
        "terrain_grid_rows": 41,
        "terrain_grid_validity": "valid",
        "material": "rock",
        "landform": "architecture-highlands"
      },
      "geometry": {
        "type": "Point",
        "coordinates": [
          -159.428,
          -19.30625,
          736.67
        ]
      }
    },
    {
      "type": "Feature",
      "id": "terrain-r03-c27",
      "properties": {
        "terrain_grid_id": "rey-county-semantic-terrain-v1",
        "terrain_grid_column": 27,
        "terrain_grid_row": 3,
        "terrain_grid_columns": 41,
        "terrain_grid_rows": 41,
        "terrain_grid_validity": "valid",
        "material": "rock",
        "landform": "architecture-highlands"
      },
      "geometry": {
        "type": "Point",
        "coordinates": [
          -159.406,
          -19.30625,
          720.85
        ]
      }
    },
    {
      "type": "Feature",
      "id": "terrain-r03-c28",
      "properties": {
        "terrain_grid_id": "rey-county-semantic-terrain-v1",
        "terrain_grid_column": 28,
        "terrain_grid_row": 3,
        "terrain_grid_columns": 41,
        "terrain_grid_rows": 41,
        "terrain_grid_validity": "valid",
        "material": "rock",
        "landform": "architecture-highlands"
      },
      "geometry": {
        "type": "Point",
        "coordinates": [
          -159.384,
          -19.30625,
          710.57
        ]
      }
    },
    {
      "type": "Feature",
      "id": "terrain-r03-c29",
      "properties": {
        "terrain_grid_id": "rey-county-semantic-terrain-v1",
        "terrain_grid_column": 29,
        "terrain_grid_row": 3,
        "terrain_grid_columns": 41,
        "terrain_grid_rows": 41,
        "terrain_grid_validity": "valid",
        "material": "rock",
        "landform": "architecture-highlands"
      },
      "geometry": {
        "type": "Point",
        "coordinates": [
          -159.362,
          -19.30625,
          703.2
        ]
      }
    },
    {
      "type": "Feature",
      "id": "terrain-r03-c30",
      "properties": {
        "terrain_grid_id": "rey-county-semantic-terrain-v1",
        "terrain_grid_column": 30,
        "terrain_grid_row": 3,
        "terrain_grid_columns": 41,
        "terrain_grid_rows": 41,
        "terrain_grid_validity": "valid",
        "material": "rock",
        "landform": "architecture-highlands"
      },
      "geometry": {
        "type": "Point",
        "coordinates": [
          -159.34,
          -19.30625,
          689.69
        ]
      }
    },
    {
      "type": "Feature",
      "id": "terrain-r03-c31",
      "properties": {
        "terrain_grid_id": "rey-county-semantic-terrain-v1",
        "terrain_grid_column": 31,
        "terrain_grid_row": 3,
        "terrain_grid_columns": 41,
        "terrain_grid_rows": 41,
        "terrain_grid_validity": "valid",
        "material": "rock",
        "landform": "architecture-highlands"
      },
      "geometry": {
        "type": "Point",
        "coordinates": [
          -159.318,
          -19.30625,
          669.31
        ]
      }
    },
    {
      "type": "Feature",
      "id": "terrain-r03-c32",
      "properties": {
        "terrain_grid_id": "rey-county-semantic-terrain-v1",
        "terrain_grid_column": 32,
        "terrain_grid_row": 3,
        "terrain_grid_columns": 41,
        "terrain_grid_rows": 41,
        "terrain_grid_validity": "no_data"
      },
      "geometry": {
        "type": "Point",
        "coordinates": [
          -159.296,
          -19.30625
        ]
      }
    },
    {
      "type": "Feature",
      "id": "terrain-r03-c33",
      "properties": {
        "terrain_grid_id": "rey-county-semantic-terrain-v1",
        "terrain_grid_column": 33,
        "terrain_grid_row": 3,
        "terrain_grid_columns": 41,
        "terrain_grid_rows": 41,
        "terrain_grid_validity": "no_data"
      },
      "geometry": {
        "type": "Point",
        "coordinates": [
          -159.274,
          -19.30625
        ]
      }
    },
    {
      "type": "Feature",
      "id": "terrain-r03-c34",
      "properties": {
        "terrain_grid_id": "rey-county-semantic-terrain-v1",
        "terrain_grid_column": 34,
        "terrain_grid_row": 3,
        "terrain_grid_columns": 41,
        "terrain_grid_rows": 41,
        "terrain_grid_validity": "no_data"
      },
      "geometry": {
        "type": "Point",
        "coordinates": [
          -159.252,
          -19.30625
        ]
      }
    },
    {
      "type": "Feature",
      "id": "terrain-r03-c35",
      "properties": {
        "terrain_grid_id": "rey-county-semantic-terrain-v1",
        "terrain_grid_column": 35,
        "terrain_grid_row": 3,
        "terrain_grid_columns": 41,
        "terrain_grid_rows": 41,
        "terrain_grid_validity": "no_data"
      },
      "geometry": {
        "type": "Point",
        "coordinates": [
          -159.23,
          -19.30625
        ]
      }
    },
    {
      "type": "Feature",
      "id": "terrain-r03-c36",
      "properties": {
        "terrain_grid_id": "rey-county-semantic-terrain-v1",
        "terrain_grid_column": 36,
        "terrain_grid_row": 3,
        "terrain_grid_columns": 41,
        "terrain_grid_rows": 41,
        "terrain_grid_validity": "no_data"
      },
      "geometry": {
        "type": "Point",
        "coordinates": [
          -159.208,
          -19.30625
        ]
      }
    },
    {
      "type": "Feature",
      "id": "terrain-r03-c37",
      "properties": {
        "terrain_grid_id": "rey-county-semantic-terrain-v1",
        "terrain_grid_column": 37,
        "terrain_grid_row": 3,
        "terrain_grid_columns": 41,
        "terrain_grid_rows": 41,
        "terrain_grid_validity": "no_data"
      },
      "geometry": {
        "type": "Point",
        "coordinates": [
          -159.186,
          -19.30625
        ]
      }
    },
    {
      "type": "Feature",
      "id": "terrain-r03-c38",
      "properties": {
        "terrain_grid_id": "rey-county-semantic-terrain-v1",
        "terrain_grid_column": 38,
        "terrain_grid_row": 3,
        "terrain_grid_columns": 41,
        "terrain_grid_rows": 41,
        "terrain_grid_validity": "no_data"
      },
      "geometry": {
        "type": "Point",
        "coordinates": [
          -159.164,
          -19.30625
        ]
      }
    },
    {
      "type": "Feature",
      "id": "terrain-r03-c39",
      "properties": {
        "terrain_grid_id": "rey-county-semantic-terrain-v1",
        "terrain_grid_column": 39,
        "terrain_grid_row": 3,
        "terrain_grid_columns": 41,
        "terrain_grid_rows": 41,
        "terrain_grid_validity": "no_data"
      },
      "geometry": {
        "type": "Point",
        "coordinates": [
          -159.142,
          -19.30625
        ]
      }
    },
    {
      "type": "Feature",
      "id": "terrain-r03-c40",
      "properties": {
        "terrain_grid_id": "rey-county-semantic-terrain-v1",
        "terrain_grid_column": 40,
        "terrain_grid_row": 3,
        "terrain_grid_columns": 41,
        "terrain_grid_rows": 41,
        "terrain_grid_validity": "no_data"
      },
      "geometry": {
        "type": "Point",
        "coordinates": [
          -159.12,
          -19.30625
        ]
      }
    },
    {
      "type": "Feature",
      "id": "terrain-r04-c00",
      "properties": {
        "terrain_grid_id": "rey-county-semantic-terrain-v1",
        "terrain_grid_column": 0,
        "terrain_grid_row": 4,
        "terrain_grid_columns": 41,
        "terrain_grid_rows": 41,
        "terrain_grid_validity": "no_data"
      },
      "geometry": {
        "type": "Point",
        "coordinates": [
          -160,
          -19.325
        ]
      }
    },
    {
      "type": "Feature",
      "id": "terrain-r04-c01",
      "properties": {
        "terrain_grid_id": "rey-county-semantic-terrain-v1",
        "terrain_grid_column": 1,
        "terrain_grid_row": 4,
        "terrain_grid_columns": 41,
        "terrain_grid_rows": 41,
        "terrain_grid_validity": "no_data"
      },
      "geometry": {
        "type": "Point",
        "coordinates": [
          -159.978,
          -19.325
        ]
      }
    },
    {
      "type": "Feature",
      "id": "terrain-r04-c02",
      "properties": {
        "terrain_grid_id": "rey-county-semantic-terrain-v1",
        "terrain_grid_column": 2,
        "terrain_grid_row": 4,
        "terrain_grid_columns": 41,
        "terrain_grid_rows": 41,
        "terrain_grid_validity": "no_data"
      },
      "geometry": {
        "type": "Point",
        "coordinates": [
          -159.956,
          -19.325
        ]
      }
    },
    {
      "type": "Feature",
      "id": "terrain-r04-c03",
      "properties": {
        "terrain_grid_id": "rey-county-semantic-terrain-v1",
        "terrain_grid_column": 3,
        "terrain_grid_row": 4,
        "terrain_grid_columns": 41,
        "terrain_grid_rows": 41,
        "terrain_grid_validity": "no_data"
      },
      "geometry": {
        "type": "Point",
        "coordinates": [
          -159.934,
          -19.325
        ]
      }
    },
    {
      "type": "Feature",
      "id": "terrain-r04-c04",
      "properties": {
        "terrain_grid_id": "rey-county-semantic-terrain-v1",
        "terrain_grid_column": 4,
        "terrain_grid_row": 4,
        "terrain_grid_columns": 41,
        "terrain_grid_rows": 41,
        "terrain_grid_validity": "no_data"
      },
      "geometry": {
        "type": "Point",
        "coordinates": [
          -159.912,
          -19.325
        ]
      }
    },
    {
      "type": "Feature",
      "id": "terrain-r04-c05",
      "properties": {
        "terrain_grid_id": "rey-county-semantic-terrain-v1",
        "terrain_grid_column": 5,
        "terrain_grid_row": 4,
        "terrain_grid_columns": 41,
        "terrain_grid_rows": 41,
        "terrain_grid_validity": "no_data"
      },
      "geometry": {
        "type": "Point",
        "coordinates": [
          -159.89,
          -19.325
        ]
      }
    },
    {
      "type": "Feature",
      "id": "terrain-r04-c06",
      "properties": {
        "terrain_grid_id": "rey-county-semantic-terrain-v1",
        "terrain_grid_column": 6,
        "terrain_grid_row": 4,
        "terrain_grid_columns": 41,
        "terrain_grid_rows": 41,
        "terrain_grid_validity": "no_data"
      },
      "geometry": {
        "type": "Point",
        "coordinates": [
          -159.868,
          -19.325
        ]
      }
    },
    {
      "type": "Feature",
      "id": "terrain-r04-c07",
      "properties": {
        "terrain_grid_id": "rey-county-semantic-terrain-v1",
        "terrain_grid_column": 7,
        "terrain_grid_row": 4,
        "terrain_grid_columns": 41,
        "terrain_grid_rows": 41,
        "terrain_grid_validity": "no_data"
      },
      "geometry": {
        "type": "Point",
        "coordinates": [
          -159.846,
          -19.325
        ]
      }
    },
    {
      "type": "Feature",
      "id": "terrain-r04-c08",
      "properties": {
        "terrain_grid_id": "rey-county-semantic-terrain-v1",
        "terrain_grid_column": 8,
        "terrain_grid_row": 4,
        "terrain_grid_columns": 41,
        "terrain_grid_rows": 41,
        "terrain_grid_validity": "no_data"
      },
      "geometry": {
        "type": "Point",
        "coordinates": [
          -159.824,
          -19.325
        ]
      }
    },
    {
      "type": "Feature",
      "id": "terrain-r04-c09",
      "properties": {
        "terrain_grid_id": "rey-county-semantic-terrain-v1",
        "terrain_grid_column": 9,
        "terrain_grid_row": 4,
        "terrain_grid_columns": 41,
        "terrain_grid_rows": 41,
        "terrain_grid_validity": "no_data"
      },
      "geometry": {
        "type": "Point",
        "coordinates": [
          -159.802,
          -19.325
        ]
      }
    },
    {
      "type": "Feature",
      "id": "terrain-r04-c10",
      "properties": {
        "terrain_grid_id": "rey-county-semantic-terrain-v1",
        "terrain_grid_column": 10,
        "terrain_grid_row": 4,
        "terrain_grid_columns": 41,
        "terrain_grid_rows": 41,
        "terrain_grid_validity": "no_data"
      },
      "geometry": {
        "type": "Point",
        "coordinates": [
          -159.78,
          -19.325
        ]
      }
    },
    {
      "type": "Feature",
      "id": "terrain-r04-c11",
      "properties": {
        "terrain_grid_id": "rey-county-semantic-terrain-v1",
        "terrain_grid_column": 11,
        "terrain_grid_row": 4,
        "terrain_grid_columns": 41,
        "terrain_grid_rows": 41,
        "terrain_grid_validity": "valid",
        "material": "rock",
        "landform": "anchor-range"
      },
      "geometry": {
        "type": "Point",
        "coordinates": [
          -159.758,
          -19.325,
          844.89
        ]
      }
    },
    {
      "type": "Feature",
      "id": "terrain-r04-c12",
      "properties": {
        "terrain_grid_id": "rey-county-semantic-terrain-v1",
        "terrain_grid_column": 12,
        "terrain_grid_row": 4,
        "terrain_grid_columns": 41,
        "terrain_grid_rows": 41,
        "terrain_grid_validity": "valid",
        "material": "rock",
        "landform": "anchor-range"
      },
      "geometry": {
        "type": "Point",
        "coordinates": [
          -159.736,
          -19.325,
          825.41
        ]
      }
    },
    {
      "type": "Feature",
      "id": "terrain-r04-c13",
      "properties": {
        "terrain_grid_id": "rey-county-semantic-terrain-v1",
        "terrain_grid_column": 13,
        "terrain_grid_row": 4,
        "terrain_grid_columns": 41,
        "terrain_grid_rows": 41,
        "terrain_grid_validity": "valid",
        "material": "rock",
        "landform": "anchor-range"
      },
      "geometry": {
        "type": "Point",
        "coordinates": [
          -159.714,
          -19.325,
          841.98
        ]
      }
    },
    {
      "type": "Feature",
      "id": "terrain-r04-c14",
      "properties": {
        "terrain_grid_id": "rey-county-semantic-terrain-v1",
        "terrain_grid_column": 14,
        "terrain_grid_row": 4,
        "terrain_grid_columns": 41,
        "terrain_grid_rows": 41,
        "terrain_grid_validity": "valid",
        "material": "rock",
        "landform": "anchor-range"
      },
      "geometry": {
        "type": "Point",
        "coordinates": [
          -159.692,
          -19.325,
          858.18
        ]
      }
    },
    {
      "type": "Feature",
      "id": "terrain-r04-c15",
      "properties": {
        "terrain_grid_id": "rey-county-semantic-terrain-v1",
        "terrain_grid_column": 15,
        "terrain_grid_row": 4,
        "terrain_grid_columns": 41,
        "terrain_grid_rows": 41,
        "terrain_grid_validity": "valid",
        "material": "granite",
        "landform": "anchor-range"
      },
      "geometry": {
        "type": "Point",
        "coordinates": [
          -159.67,
          -19.325,
          869.43
        ]
      }
    },
    {
      "type": "Feature",
      "id": "terrain-r04-c16",
      "properties": {
        "terrain_grid_id": "rey-county-semantic-terrain-v1",
        "terrain_grid_column": 16,
        "terrain_grid_row": 4,
        "terrain_grid_columns": 41,
        "terrain_grid_rows": 41,
        "terrain_grid_validity": "valid",
        "material": "granite",
        "landform": "anchor-range"
      },
      "geometry": {
        "type": "Point",
        "coordinates": [
          -159.648,
          -19.325,
          882.28
        ]
      }
    },
    {
      "type": "Feature",
      "id": "terrain-r04-c17",
      "properties": {
        "terrain_grid_id": "rey-county-semantic-terrain-v1",
        "terrain_grid_column": 17,
        "terrain_grid_row": 4,
        "terrain_grid_columns": 41,
        "terrain_grid_rows": 41,
        "terrain_grid_validity": "valid",
        "material": "granite",
        "landform": "anchor-range"
      },
      "geometry": {
        "type": "Point",
        "coordinates": [
          -159.626,
          -19.325,
          885.92
        ]
      }
    },
    {
      "type": "Feature",
      "id": "terrain-r04-c18",
      "properties": {
        "terrain_grid_id": "rey-county-semantic-terrain-v1",
        "terrain_grid_column": 18,
        "terrain_grid_row": 4,
        "terrain_grid_columns": 41,
        "terrain_grid_rows": 41,
        "terrain_grid_validity": "valid",
        "material": "granite",
        "landform": "anchor-range"
      },
      "geometry": {
        "type": "Point",
        "coordinates": [
          -159.604,
          -19.325,
          885.33
        ]
      }
    },
    {
      "type": "Feature",
      "id": "terrain-r04-c19",
      "properties": {
        "terrain_grid_id": "rey-county-semantic-terrain-v1",
        "terrain_grid_column": 19,
        "terrain_grid_row": 4,
        "terrain_grid_columns": 41,
        "terrain_grid_rows": 41,
        "terrain_grid_validity": "valid",
        "material": "granite",
        "landform": "architecture-highlands"
      },
      "geometry": {
        "type": "Point",
        "coordinates": [
          -159.582,
          -19.325,
          877.09
        ]
      }
    },
    {
      "type": "Feature",
      "id": "terrain-r04-c20",
      "properties": {
        "terrain_grid_id": "rey-county-semantic-terrain-v1",
        "terrain_grid_column": 20,
        "terrain_grid_row": 4,
        "terrain_grid_columns": 41,
        "terrain_grid_rows": 41,
        "terrain_grid_validity": "valid",
        "material": "rock",
        "landform": "architecture-highlands"
      },
      "geometry": {
        "type": "Point",
        "coordinates": [
          -159.56,
          -19.325,
          858.48
        ]
      }
    },
    {
      "type": "Feature",
      "id": "terrain-r04-c21",
      "properties": {
        "terrain_grid_id": "rey-county-semantic-terrain-v1",
        "terrain_grid_column": 21,
        "terrain_grid_row": 4,
        "terrain_grid_columns": 41,
        "terrain_grid_rows": 41,
        "terrain_grid_validity": "valid",
        "material": "rock",
        "landform": "architecture-highlands"
      },
      "geometry": {
        "type": "Point",
        "coordinates": [
          -159.538,
          -19.325,
          847.69
        ]
      }
    },
    {
      "type": "Feature",
      "id": "terrain-r04-c22",
      "properties": {
        "terrain_grid_id": "rey-county-semantic-terrain-v1",
        "terrain_grid_column": 22,
        "terrain_grid_row": 4,
        "terrain_grid_columns": 41,
        "terrain_grid_rows": 41,
        "terrain_grid_validity": "valid",
        "material": "rock",
        "landform": "architecture-highlands"
      },
      "geometry": {
        "type": "Point",
        "coordinates": [
          -159.516,
          -19.325,
          841.81
        ]
      }
    },
    {
      "type": "Feature",
      "id": "terrain-r04-c23",
      "properties": {
        "terrain_grid_id": "rey-county-semantic-terrain-v1",
        "terrain_grid_column": 23,
        "terrain_grid_row": 4,
        "terrain_grid_columns": 41,
        "terrain_grid_rows": 41,
        "terrain_grid_validity": "valid",
        "material": "rock",
        "landform": "architecture-highlands"
      },
      "geometry": {
        "type": "Point",
        "coordinates": [
          -159.494,
          -19.325,
          812.65
        ]
      }
    },
    {
      "type": "Feature",
      "id": "terrain-r04-c24",
      "properties": {
        "terrain_grid_id": "rey-county-semantic-terrain-v1",
        "terrain_grid_column": 24,
        "terrain_grid_row": 4,
        "terrain_grid_columns": 41,
        "terrain_grid_rows": 41,
        "terrain_grid_validity": "valid",
        "material": "rock",
        "landform": "architecture-highlands"
      },
      "geometry": {
        "type": "Point",
        "coordinates": [
          -159.472,
          -19.325,
          819.2
        ]
      }
    },
    {
      "type": "Feature",
      "id": "terrain-r04-c25",
      "properties": {
        "terrain_grid_id": "rey-county-semantic-terrain-v1",
        "terrain_grid_column": 25,
        "terrain_grid_row": 4,
        "terrain_grid_columns": 41,
        "terrain_grid_rows": 41,
        "terrain_grid_validity": "valid",
        "material": "rock",
        "landform": "architecture-highlands"
      },
      "geometry": {
        "type": "Point",
        "coordinates": [
          -159.45,
          -19.325,
          802.04
        ]
      }
    },
    {
      "type": "Feature",
      "id": "terrain-r04-c26",
      "properties": {
        "terrain_grid_id": "rey-county-semantic-terrain-v1",
        "terrain_grid_column": 26,
        "terrain_grid_row": 4,
        "terrain_grid_columns": 41,
        "terrain_grid_rows": 41,
        "terrain_grid_validity": "valid",
        "material": "rock",
        "landform": "architecture-highlands"
      },
      "geometry": {
        "type": "Point",
        "coordinates": [
          -159.428,
          -19.325,
          781.77
        ]
      }
    },
    {
      "type": "Feature",
      "id": "terrain-r04-c27",
      "properties": {
        "terrain_grid_id": "rey-county-semantic-terrain-v1",
        "terrain_grid_column": 27,
        "terrain_grid_row": 4,
        "terrain_grid_columns": 41,
        "terrain_grid_rows": 41,
        "terrain_grid_validity": "valid",
        "material": "rock",
        "landform": "architecture-highlands"
      },
      "geometry": {
        "type": "Point",
        "coordinates": [
          -159.406,
          -19.325,
          764.76
        ]
      }
    },
    {
      "type": "Feature",
      "id": "terrain-r04-c28",
      "properties": {
        "terrain_grid_id": "rey-county-semantic-terrain-v1",
        "terrain_grid_column": 28,
        "terrain_grid_row": 4,
        "terrain_grid_columns": 41,
        "terrain_grid_rows": 41,
        "terrain_grid_validity": "valid",
        "material": "rock",
        "landform": "architecture-highlands"
      },
      "geometry": {
        "type": "Point",
        "coordinates": [
          -159.384,
          -19.325,
          752.6
        ]
      }
    },
    {
      "type": "Feature",
      "id": "terrain-r04-c29",
      "properties": {
        "terrain_grid_id": "rey-county-semantic-terrain-v1",
        "terrain_grid_column": 29,
        "terrain_grid_row": 4,
        "terrain_grid_columns": 41,
        "terrain_grid_rows": 41,
        "terrain_grid_validity": "valid",
        "material": "rock",
        "landform": "architecture-highlands"
      },
      "geometry": {
        "type": "Point",
        "coordinates": [
          -159.362,
          -19.325,
          740.88
        ]
      }
    },
    {
      "type": "Feature",
      "id": "terrain-r04-c30",
      "properties": {
        "terrain_grid_id": "rey-county-semantic-terrain-v1",
        "terrain_grid_column": 30,
        "terrain_grid_row": 4,
        "terrain_grid_columns": 41,
        "terrain_grid_rows": 41,
        "terrain_grid_validity": "valid",
        "material": "rock",
        "landform": "architecture-highlands"
      },
      "geometry": {
        "type": "Point",
        "coordinates": [
          -159.34,
          -19.325,
          734.89
        ]
      }
    },
    {
      "type": "Feature",
      "id": "terrain-r04-c31",
      "properties": {
        "terrain_grid_id": "rey-county-semantic-terrain-v1",
        "terrain_grid_column": 31,
        "terrain_grid_row": 4,
        "terrain_grid_columns": 41,
        "terrain_grid_rows": 41,
        "terrain_grid_validity": "valid",
        "material": "rock",
        "landform": "architecture-highlands"
      },
      "geometry": {
        "type": "Point",
        "coordinates": [
          -159.318,
          -19.325,
          710.83
        ]
      }
    },
    {
      "type": "Feature",
      "id": "terrain-r04-c32",
      "properties": {
        "terrain_grid_id": "rey-county-semantic-terrain-v1",
        "terrain_grid_column": 32,
        "terrain_grid_row": 4,
        "terrain_grid_columns": 41,
        "terrain_grid_rows": 41,
        "terrain_grid_validity": "valid",
        "material": "rock",
        "landform": "architecture-highlands"
      },
      "geometry": {
        "type": "Point",
        "coordinates": [
          -159.296,
          -19.325,
          690.67
        ]
      }
    },
    {
      "type": "Feature",
      "id": "terrain-r04-c33",
      "properties": {
        "terrain_grid_id": "rey-county-semantic-terrain-v1",
        "terrain_grid_column": 33,
        "terrain_grid_row": 4,
        "terrain_grid_columns": 41,
        "terrain_grid_rows": 41,
        "terrain_grid_validity": "valid",
        "material": "rock",
        "landform": "architecture-highlands"
      },
      "geometry": {
        "type": "Point",
        "coordinates": [
          -159.274,
          -19.325,
          669.49
        ]
      }
    },
    {
      "type": "Feature",
      "id": "terrain-r04-c34",
      "properties": {
        "terrain_grid_id": "rey-county-semantic-terrain-v1",
        "terrain_grid_column": 34,
        "terrain_grid_row": 4,
        "terrain_grid_columns": 41,
        "terrain_grid_rows": 41,
        "terrain_grid_validity": "no_data"
      },
      "geometry": {
        "type": "Point",
        "coordinates": [
          -159.252,
          -19.325
        ]
      }
    },
    {
      "type": "Feature",
      "id": "terrain-r04-c35",
      "properties": {
        "terrain_grid_id": "rey-county-semantic-terrain-v1",
        "terrain_grid_column": 35,
        "terrain_grid_row": 4,
        "terrain_grid_columns": 41,
        "terrain_grid_rows": 41,
        "terrain_grid_validity": "no_data"
      },
      "geometry": {
        "type": "Point",
        "coordinates": [
          -159.23,
          -19.325
        ]
      }
    },
    {
      "type": "Feature",
      "id": "terrain-r04-c36",
      "properties": {
        "terrain_grid_id": "rey-county-semantic-terrain-v1",
        "terrain_grid_column": 36,
        "terrain_grid_row": 4,
        "terrain_grid_columns": 41,
        "terrain_grid_rows": 41,
        "terrain_grid_validity": "no_data"
      },
      "geometry": {
        "type": "Point",
        "coordinates": [
          -159.208,
          -19.325
        ]
      }
    },
    {
      "type": "Feature",
      "id": "terrain-r04-c37",
      "properties": {
        "terrain_grid_id": "rey-county-semantic-terrain-v1",
        "terrain_grid_column": 37,
        "terrain_grid_row": 4,
        "terrain_grid_columns": 41,
        "terrain_grid_rows": 41,
        "terrain_grid_validity": "no_data"
      },
      "geometry": {
        "type": "Point",
        "coordinates": [
          -159.186,
          -19.325
        ]
      }
    },
    {
      "type": "Feature",
      "id": "terrain-r04-c38",
      "properties": {
        "terrain_grid_id": "rey-county-semantic-terrain-v1",
        "terrain_grid_column": 38,
        "terrain_grid_row": 4,
        "terrain_grid_columns": 41,
        "terrain_grid_rows": 41,
        "terrain_grid_validity": "no_data"
      },
      "geometry": {
        "type": "Point",
        "coordinates": [
          -159.164,
          -19.325
        ]
      }
    },
    {
      "type": "Feature",
      "id": "terrain-r04-c39",
      "properties": {
        "terrain_grid_id": "rey-county-semantic-terrain-v1",
        "terrain_grid_column": 39,
        "terrain_grid_row": 4,
        "terrain_grid_columns": 41,
        "terrain_grid_rows": 41,
        "terrain_grid_validity": "no_data"
      },
      "geometry": {
        "type": "Point",
        "coordinates": [
          -159.142,
          -19.325
        ]
      }
    },
    {
      "type": "Feature",
      "id": "terrain-r04-c40",
      "properties": {
        "terrain_grid_id": "rey-county-semantic-terrain-v1",
        "terrain_grid_column": 40,
        "terrain_grid_row": 4,
        "terrain_grid_columns": 41,
        "terrain_grid_rows": 41,
        "terrain_grid_validity": "no_data"
      },
      "geometry": {
        "type": "Point",
        "coordinates": [
          -159.12,
          -19.325
        ]
      }
    },
    {
      "type": "Feature",
      "id": "terrain-r05-c00",
      "properties": {
        "terrain_grid_id": "rey-county-semantic-terrain-v1",
        "terrain_grid_column": 0,
        "terrain_grid_row": 5,
        "terrain_grid_columns": 41,
        "terrain_grid_rows": 41,
        "terrain_grid_validity": "no_data"
      },
      "geometry": {
        "type": "Point",
        "coordinates": [
          -160,
          -19.34375
        ]
      }
    },
    {
      "type": "Feature",
      "id": "terrain-r05-c01",
      "properties": {
        "terrain_grid_id": "rey-county-semantic-terrain-v1",
        "terrain_grid_column": 1,
        "terrain_grid_row": 5,
        "terrain_grid_columns": 41,
        "terrain_grid_rows": 41,
        "terrain_grid_validity": "no_data"
      },
      "geometry": {
        "type": "Point",
        "coordinates": [
          -159.978,
          -19.34375
        ]
      }
    },
    {
      "type": "Feature",
      "id": "terrain-r05-c02",
      "properties": {
        "terrain_grid_id": "rey-county-semantic-terrain-v1",
        "terrain_grid_column": 2,
        "terrain_grid_row": 5,
        "terrain_grid_columns": 41,
        "terrain_grid_rows": 41,
        "terrain_grid_validity": "no_data"
      },
      "geometry": {
        "type": "Point",
        "coordinates": [
          -159.956,
          -19.34375
        ]
      }
    },
    {
      "type": "Feature",
      "id": "terrain-r05-c03",
      "properties": {
        "terrain_grid_id": "rey-county-semantic-terrain-v1",
        "terrain_grid_column": 3,
        "terrain_grid_row": 5,
        "terrain_grid_columns": 41,
        "terrain_grid_rows": 41,
        "terrain_grid_validity": "no_data"
      },
      "geometry": {
        "type": "Point",
        "coordinates": [
          -159.934,
          -19.34375
        ]
      }
    },
    {
      "type": "Feature",
      "id": "terrain-r05-c04",
      "properties": {
        "terrain_grid_id": "rey-county-semantic-terrain-v1",
        "terrain_grid_column": 4,
        "terrain_grid_row": 5,
        "terrain_grid_columns": 41,
        "terrain_grid_rows": 41,
        "terrain_grid_validity": "no_data"
      },
      "geometry": {
        "type": "Point",
        "coordinates": [
          -159.912,
          -19.34375
        ]
      }
    },
    {
      "type": "Feature",
      "id": "terrain-r05-c05",
      "properties": {
        "terrain_grid_id": "rey-county-semantic-terrain-v1",
        "terrain_grid_column": 5,
        "terrain_grid_row": 5,
        "terrain_grid_columns": 41,
        "terrain_grid_rows": 41,
        "terrain_grid_validity": "no_data"
      },
      "geometry": {
        "type": "Point",
        "coordinates": [
          -159.89,
          -19.34375
        ]
      }
    },
    {
      "type": "Feature",
      "id": "terrain-r05-c06",
      "properties": {
        "terrain_grid_id": "rey-county-semantic-terrain-v1",
        "terrain_grid_column": 6,
        "terrain_grid_row": 5,
        "terrain_grid_columns": 41,
        "terrain_grid_rows": 41,
        "terrain_grid_validity": "no_data"
      },
      "geometry": {
        "type": "Point",
        "coordinates": [
          -159.868,
          -19.34375
        ]
      }
    },
    {
      "type": "Feature",
      "id": "terrain-r05-c07",
      "properties": {
        "terrain_grid_id": "rey-county-semantic-terrain-v1",
        "terrain_grid_column": 7,
        "terrain_grid_row": 5,
        "terrain_grid_columns": 41,
        "terrain_grid_rows": 41,
        "terrain_grid_validity": "no_data"
      },
      "geometry": {
        "type": "Point",
        "coordinates": [
          -159.846,
          -19.34375
        ]
      }
    },
    {
      "type": "Feature",
      "id": "terrain-r05-c08",
      "properties": {
        "terrain_grid_id": "rey-county-semantic-terrain-v1",
        "terrain_grid_column": 8,
        "terrain_grid_row": 5,
        "terrain_grid_columns": 41,
        "terrain_grid_rows": 41,
        "terrain_grid_validity": "no_data"
      },
      "geometry": {
        "type": "Point",
        "coordinates": [
          -159.824,
          -19.34375
        ]
      }
    },
    {
      "type": "Feature",
      "id": "terrain-r05-c09",
      "properties": {
        "terrain_grid_id": "rey-county-semantic-terrain-v1",
        "terrain_grid_column": 9,
        "terrain_grid_row": 5,
        "terrain_grid_columns": 41,
        "terrain_grid_rows": 41,
        "terrain_grid_validity": "no_data"
      },
      "geometry": {
        "type": "Point",
        "coordinates": [
          -159.802,
          -19.34375
        ]
      }
    },
    {
      "type": "Feature",
      "id": "terrain-r05-c10",
      "properties": {
        "terrain_grid_id": "rey-county-semantic-terrain-v1",
        "terrain_grid_column": 10,
        "terrain_grid_row": 5,
        "terrain_grid_columns": 41,
        "terrain_grid_rows": 41,
        "terrain_grid_validity": "valid",
        "material": "granite",
        "landform": "anchor-range"
      },
      "geometry": {
        "type": "Point",
        "coordinates": [
          -159.78,
          -19.34375,
          953.59
        ]
      }
    },
    {
      "type": "Feature",
      "id": "terrain-r05-c11",
      "properties": {
        "terrain_grid_id": "rey-county-semantic-terrain-v1",
        "terrain_grid_column": 11,
        "terrain_grid_row": 5,
        "terrain_grid_columns": 41,
        "terrain_grid_rows": 41,
        "terrain_grid_validity": "valid",
        "material": "granite",
        "landform": "anchor-range"
      },
      "geometry": {
        "type": "Point",
        "coordinates": [
          -159.758,
          -19.34375,
          938.94
        ]
      }
    },
    {
      "type": "Feature",
      "id": "terrain-r05-c12",
      "properties": {
        "terrain_grid_id": "rey-county-semantic-terrain-v1",
        "terrain_grid_column": 12,
        "terrain_grid_row": 5,
        "terrain_grid_columns": 41,
        "terrain_grid_rows": 41,
        "terrain_grid_validity": "valid",
        "material": "sand",
        "landform": "anchor-range"
      },
      "geometry": {
        "type": "Point",
        "coordinates": [
          -159.736,
          -19.34375,
          863.09
        ]
      }
    },
    {
      "type": "Feature",
      "id": "terrain-r05-c13",
      "properties": {
        "terrain_grid_id": "rey-county-semantic-terrain-v1",
        "terrain_grid_column": 13,
        "terrain_grid_row": 5,
        "terrain_grid_columns": 41,
        "terrain_grid_rows": 41,
        "terrain_grid_validity": "valid",
        "material": "granite",
        "landform": "anchor-range"
      },
      "geometry": {
        "type": "Point",
        "coordinates": [
          -159.714,
          -19.34375,
          872.96
        ]
      }
    },
    {
      "type": "Feature",
      "id": "terrain-r05-c14",
      "properties": {
        "terrain_grid_id": "rey-county-semantic-terrain-v1",
        "terrain_grid_column": 14,
        "terrain_grid_row": 5,
        "terrain_grid_columns": 41,
        "terrain_grid_rows": 41,
        "terrain_grid_validity": "valid",
        "material": "granite",
        "landform": "anchor-range"
      },
      "geometry": {
        "type": "Point",
        "coordinates": [
          -159.692,
          -19.34375,
          932.31
        ]
      }
    },
    {
      "type": "Feature",
      "id": "terrain-r05-c15",
      "properties": {
        "terrain_grid_id": "rey-county-semantic-terrain-v1",
        "terrain_grid_column": 15,
        "terrain_grid_row": 5,
        "terrain_grid_columns": 41,
        "terrain_grid_rows": 41,
        "terrain_grid_validity": "valid",
        "material": "granite",
        "landform": "anchor-range"
      },
      "geometry": {
        "type": "Point",
        "coordinates": [
          -159.67,
          -19.34375,
          941.36
        ]
      }
    },
    {
      "type": "Feature",
      "id": "terrain-r05-c16",
      "properties": {
        "terrain_grid_id": "rey-county-semantic-terrain-v1",
        "terrain_grid_column": 16,
        "terrain_grid_row": 5,
        "terrain_grid_columns": 41,
        "terrain_grid_rows": 41,
        "terrain_grid_validity": "valid",
        "material": "granite",
        "landform": "anchor-range"
      },
      "geometry": {
        "type": "Point",
        "coordinates": [
          -159.648,
          -19.34375,
          953.09
        ]
      }
    },
    {
      "type": "Feature",
      "id": "terrain-r05-c17",
      "properties": {
        "terrain_grid_id": "rey-county-semantic-terrain-v1",
        "terrain_grid_column": 17,
        "terrain_grid_row": 5,
        "terrain_grid_columns": 41,
        "terrain_grid_rows": 41,
        "terrain_grid_validity": "valid",
        "material": "granite",
        "landform": "anchor-range"
      },
      "geometry": {
        "type": "Point",
        "coordinates": [
          -159.626,
          -19.34375,
          959.2
        ]
      }
    },
    {
      "type": "Feature",
      "id": "terrain-r05-c18",
      "properties": {
        "terrain_grid_id": "rey-county-semantic-terrain-v1",
        "terrain_grid_column": 18,
        "terrain_grid_row": 5,
        "terrain_grid_columns": 41,
        "terrain_grid_rows": 41,
        "terrain_grid_validity": "valid",
        "material": "granite",
        "landform": "anchor-range"
      },
      "geometry": {
        "type": "Point",
        "coordinates": [
          -159.604,
          -19.34375,
          955.51
        ]
      }
    },
    {
      "type": "Feature",
      "id": "terrain-r05-c19",
      "properties": {
        "terrain_grid_id": "rey-county-semantic-terrain-v1",
        "terrain_grid_column": 19,
        "terrain_grid_row": 5,
        "terrain_grid_columns": 41,
        "terrain_grid_rows": 41,
        "terrain_grid_validity": "valid",
        "material": "granite",
        "landform": "architecture-highlands"
      },
      "geometry": {
        "type": "Point",
        "coordinates": [
          -159.582,
          -19.34375,
          941.24
        ]
      }
    },
    {
      "type": "Feature",
      "id": "terrain-r05-c20",
      "properties": {
        "terrain_grid_id": "rey-county-semantic-terrain-v1",
        "terrain_grid_column": 20,
        "terrain_grid_row": 5,
        "terrain_grid_columns": 41,
        "terrain_grid_rows": 41,
        "terrain_grid_validity": "valid",
        "material": "granite",
        "landform": "architecture-highlands"
      },
      "geometry": {
        "type": "Point",
        "coordinates": [
          -159.56,
          -19.34375,
          925.99
        ]
      }
    },
    {
      "type": "Feature",
      "id": "terrain-r05-c21",
      "properties": {
        "terrain_grid_id": "rey-county-semantic-terrain-v1",
        "terrain_grid_column": 21,
        "terrain_grid_row": 5,
        "terrain_grid_columns": 41,
        "terrain_grid_rows": 41,
        "terrain_grid_validity": "valid",
        "material": "granite",
        "landform": "architecture-highlands"
      },
      "geometry": {
        "type": "Point",
        "coordinates": [
          -159.538,
          -19.34375,
          897.74
        ]
      }
    },
    {
      "type": "Feature",
      "id": "terrain-r05-c22",
      "properties": {
        "terrain_grid_id": "rey-county-semantic-terrain-v1",
        "terrain_grid_column": 22,
        "terrain_grid_row": 5,
        "terrain_grid_columns": 41,
        "terrain_grid_rows": 41,
        "terrain_grid_validity": "valid",
        "material": "granite",
        "landform": "architecture-highlands"
      },
      "geometry": {
        "type": "Point",
        "coordinates": [
          -159.516,
          -19.34375,
          887.65
        ]
      }
    },
    {
      "type": "Feature",
      "id": "terrain-r05-c23",
      "properties": {
        "terrain_grid_id": "rey-county-semantic-terrain-v1",
        "terrain_grid_column": 23,
        "terrain_grid_row": 5,
        "terrain_grid_columns": 41,
        "terrain_grid_rows": 41,
        "terrain_grid_validity": "valid",
        "material": "sand",
        "landform": "architecture-highlands"
      },
      "geometry": {
        "type": "Point",
        "coordinates": [
          -159.494,
          -19.34375,
          825.46
        ]
      }
    },
    {
      "type": "Feature",
      "id": "terrain-r05-c24",
      "properties": {
        "terrain_grid_id": "rey-county-semantic-terrain-v1",
        "terrain_grid_column": 24,
        "terrain_grid_row": 5,
        "terrain_grid_columns": 41,
        "terrain_grid_rows": 41,
        "terrain_grid_validity": "valid",
        "material": "rock",
        "landform": "architecture-highlands"
      },
      "geometry": {
        "type": "Point",
        "coordinates": [
          -159.472,
          -19.34375,
          853.35
        ]
      }
    },
    {
      "type": "Feature",
      "id": "terrain-r05-c25",
      "properties": {
        "terrain_grid_id": "rey-county-semantic-terrain-v1",
        "terrain_grid_column": 25,
        "terrain_grid_row": 5,
        "terrain_grid_columns": 41,
        "terrain_grid_rows": 41,
        "terrain_grid_validity": "valid",
        "material": "rock",
        "landform": "architecture-highlands"
      },
      "geometry": {
        "type": "Point",
        "coordinates": [
          -159.45,
          -19.34375,
          856.37
        ]
      }
    },
    {
      "type": "Feature",
      "id": "terrain-r05-c26",
      "properties": {
        "terrain_grid_id": "rey-county-semantic-terrain-v1",
        "terrain_grid_column": 26,
        "terrain_grid_row": 5,
        "terrain_grid_columns": 41,
        "terrain_grid_rows": 41,
        "terrain_grid_validity": "valid",
        "material": "rock",
        "landform": "architecture-highlands"
      },
      "geometry": {
        "type": "Point",
        "coordinates": [
          -159.428,
          -19.34375,
          832.92
        ]
      }
    },
    {
      "type": "Feature",
      "id": "terrain-r05-c27",
      "properties": {
        "terrain_grid_id": "rey-county-semantic-terrain-v1",
        "terrain_grid_column": 27,
        "terrain_grid_row": 5,
        "terrain_grid_columns": 41,
        "terrain_grid_rows": 41,
        "terrain_grid_validity": "valid",
        "material": "rock",
        "landform": "architecture-highlands"
      },
      "geometry": {
        "type": "Point",
        "coordinates": [
          -159.406,
          -19.34375,
          809.75
        ]
      }
    },
    {
      "type": "Feature",
      "id": "terrain-r05-c28",
      "properties": {
        "terrain_grid_id": "rey-county-semantic-terrain-v1",
        "terrain_grid_column": 28,
        "terrain_grid_row": 5,
        "terrain_grid_columns": 41,
        "terrain_grid_rows": 41,
        "terrain_grid_validity": "valid",
        "material": "rock",
        "landform": "architecture-highlands"
      },
      "geometry": {
        "type": "Point",
        "coordinates": [
          -159.384,
          -19.34375,
          798
        ]
      }
    },
    {
      "type": "Feature",
      "id": "terrain-r05-c29",
      "properties": {
        "terrain_grid_id": "rey-county-semantic-terrain-v1",
        "terrain_grid_column": 29,
        "terrain_grid_row": 5,
        "terrain_grid_columns": 41,
        "terrain_grid_rows": 41,
        "terrain_grid_validity": "valid",
        "material": "rock",
        "landform": "architecture-highlands"
      },
      "geometry": {
        "type": "Point",
        "coordinates": [
          -159.362,
          -19.34375,
          784.18
        ]
      }
    },
    {
      "type": "Feature",
      "id": "terrain-r05-c30",
      "properties": {
        "terrain_grid_id": "rey-county-semantic-terrain-v1",
        "terrain_grid_column": 30,
        "terrain_grid_row": 5,
        "terrain_grid_columns": 41,
        "terrain_grid_rows": 41,
        "terrain_grid_validity": "valid",
        "material": "rock",
        "landform": "architecture-highlands"
      },
      "geometry": {
        "type": "Point",
        "coordinates": [
          -159.34,
          -19.34375,
          770.59
        ]
      }
    },
    {
      "type": "Feature",
      "id": "terrain-r05-c31",
      "properties": {
        "terrain_grid_id": "rey-county-semantic-terrain-v1",
        "terrain_grid_column": 31,
        "terrain_grid_row": 5,
        "terrain_grid_columns": 41,
        "terrain_grid_rows": 41,
        "terrain_grid_validity": "valid",
        "material": "rock",
        "landform": "architecture-highlands"
      },
      "geometry": {
        "type": "Point",
        "coordinates": [
          -159.318,
          -19.34375,
          753.48
        ]
      }
    },
    {
      "type": "Feature",
      "id": "terrain-r05-c32",
      "properties": {
        "terrain_grid_id": "rey-county-semantic-terrain-v1",
        "terrain_grid_column": 32,
        "terrain_grid_row": 5,
        "terrain_grid_columns": 41,
        "terrain_grid_rows": 41,
        "terrain_grid_validity": "valid",
        "material": "rock",
        "landform": "architecture-highlands"
      },
      "geometry": {
        "type": "Point",
        "coordinates": [
          -159.296,
          -19.34375,
          721.79
        ]
      }
    },
    {
      "type": "Feature",
      "id": "terrain-r05-c33",
      "properties": {
        "terrain_grid_id": "rey-county-semantic-terrain-v1",
        "terrain_grid_column": 33,
        "terrain_grid_row": 5,
        "terrain_grid_columns": 41,
        "terrain_grid_rows": 41,
        "terrain_grid_validity": "valid",
        "material": "rock",
        "landform": "architecture-highlands"
      },
      "geometry": {
        "type": "Point",
        "coordinates": [
          -159.274,
          -19.34375,
          697.61
        ]
      }
    },
    {
      "type": "Feature",
      "id": "terrain-r05-c34",
      "properties": {
        "terrain_grid_id": "rey-county-semantic-terrain-v1",
        "terrain_grid_column": 34,
        "terrain_grid_row": 5,
        "terrain_grid_columns": 41,
        "terrain_grid_rows": 41,
        "terrain_grid_validity": "valid",
        "material": "rock",
        "landform": "architecture-highlands"
      },
      "geometry": {
        "type": "Point",
        "coordinates": [
          -159.252,
          -19.34375,
          672.04
        ]
      }
    },
    {
      "type": "Feature",
      "id": "terrain-r05-c35",
      "properties": {
        "terrain_grid_id": "rey-county-semantic-terrain-v1",
        "terrain_grid_column": 35,
        "terrain_grid_row": 5,
        "terrain_grid_columns": 41,
        "terrain_grid_rows": 41,
        "terrain_grid_validity": "valid",
        "material": "rock",
        "landform": "architecture-highlands"
      },
      "geometry": {
        "type": "Point",
        "coordinates": [
          -159.23,
          -19.34375,
          651.08
        ]
      }
    },
    {
      "type": "Feature",
      "id": "terrain-r05-c36",
      "properties": {
        "terrain_grid_id": "rey-county-semantic-terrain-v1",
        "terrain_grid_column": 36,
        "terrain_grid_row": 5,
        "terrain_grid_columns": 41,
        "terrain_grid_rows": 41,
        "terrain_grid_validity": "no_data"
      },
      "geometry": {
        "type": "Point",
        "coordinates": [
          -159.208,
          -19.34375
        ]
      }
    },
    {
      "type": "Feature",
      "id": "terrain-r05-c37",
      "properties": {
        "terrain_grid_id": "rey-county-semantic-terrain-v1",
        "terrain_grid_column": 37,
        "terrain_grid_row": 5,
        "terrain_grid_columns": 41,
        "terrain_grid_rows": 41,
        "terrain_grid_validity": "no_data"
      },
      "geometry": {
        "type": "Point",
        "coordinates": [
          -159.186,
          -19.34375
        ]
      }
    },
    {
      "type": "Feature",
      "id": "terrain-r05-c38",
      "properties": {
        "terrain_grid_id": "rey-county-semantic-terrain-v1",
        "terrain_grid_column": 38,
        "terrain_grid_row": 5,
        "terrain_grid_columns": 41,
        "terrain_grid_rows": 41,
        "terrain_grid_validity": "no_data"
      },
      "geometry": {
        "type": "Point",
        "coordinates": [
          -159.164,
          -19.34375
        ]
      }
    },
    {
      "type": "Feature",
      "id": "terrain-r05-c39",
      "properties": {
        "terrain_grid_id": "rey-county-semantic-terrain-v1",
        "terrain_grid_column": 39,
        "terrain_grid_row": 5,
        "terrain_grid_columns": 41,
        "terrain_grid_rows": 41,
        "terrain_grid_validity": "no_data"
      },
      "geometry": {
        "type": "Point",
        "coordinates": [
          -159.142,
          -19.34375
        ]
      }
    },
    {
      "type": "Feature",
      "id": "terrain-r05-c40",
      "properties": {
        "terrain_grid_id": "rey-county-semantic-terrain-v1",
        "terrain_grid_column": 40,
        "terrain_grid_row": 5,
        "terrain_grid_columns": 41,
        "terrain_grid_rows": 41,
        "terrain_grid_validity": "no_data"
      },
      "geometry": {
        "type": "Point",
        "coordinates": [
          -159.12,
          -19.34375
        ]
      }
    },
    {
      "type": "Feature",
      "id": "terrain-r06-c00",
      "properties": {
        "terrain_grid_id": "rey-county-semantic-terrain-v1",
        "terrain_grid_column": 0,
        "terrain_grid_row": 6,
        "terrain_grid_columns": 41,
        "terrain_grid_rows": 41,
        "terrain_grid_validity": "no_data"
      },
      "geometry": {
        "type": "Point",
        "coordinates": [
          -160,
          -19.3625
        ]
      }
    },
    {
      "type": "Feature",
      "id": "terrain-r06-c01",
      "properties": {
        "terrain_grid_id": "rey-county-semantic-terrain-v1",
        "terrain_grid_column": 1,
        "terrain_grid_row": 6,
        "terrain_grid_columns": 41,
        "terrain_grid_rows": 41,
        "terrain_grid_validity": "no_data"
      },
      "geometry": {
        "type": "Point",
        "coordinates": [
          -159.978,
          -19.3625
        ]
      }
    },
    {
      "type": "Feature",
      "id": "terrain-r06-c02",
      "properties": {
        "terrain_grid_id": "rey-county-semantic-terrain-v1",
        "terrain_grid_column": 2,
        "terrain_grid_row": 6,
        "terrain_grid_columns": 41,
        "terrain_grid_rows": 41,
        "terrain_grid_validity": "no_data"
      },
      "geometry": {
        "type": "Point",
        "coordinates": [
          -159.956,
          -19.3625
        ]
      }
    },
    {
      "type": "Feature",
      "id": "terrain-r06-c03",
      "properties": {
        "terrain_grid_id": "rey-county-semantic-terrain-v1",
        "terrain_grid_column": 3,
        "terrain_grid_row": 6,
        "terrain_grid_columns": 41,
        "terrain_grid_rows": 41,
        "terrain_grid_validity": "no_data"
      },
      "geometry": {
        "type": "Point",
        "coordinates": [
          -159.934,
          -19.3625
        ]
      }
    },
    {
      "type": "Feature",
      "id": "terrain-r06-c04",
      "properties": {
        "terrain_grid_id": "rey-county-semantic-terrain-v1",
        "terrain_grid_column": 4,
        "terrain_grid_row": 6,
        "terrain_grid_columns": 41,
        "terrain_grid_rows": 41,
        "terrain_grid_validity": "no_data"
      },
      "geometry": {
        "type": "Point",
        "coordinates": [
          -159.912,
          -19.3625
        ]
      }
    },
    {
      "type": "Feature",
      "id": "terrain-r06-c05",
      "properties": {
        "terrain_grid_id": "rey-county-semantic-terrain-v1",
        "terrain_grid_column": 5,
        "terrain_grid_row": 6,
        "terrain_grid_columns": 41,
        "terrain_grid_rows": 41,
        "terrain_grid_validity": "no_data"
      },
      "geometry": {
        "type": "Point",
        "coordinates": [
          -159.89,
          -19.3625
        ]
      }
    },
    {
      "type": "Feature",
      "id": "terrain-r06-c06",
      "properties": {
        "terrain_grid_id": "rey-county-semantic-terrain-v1",
        "terrain_grid_column": 6,
        "terrain_grid_row": 6,
        "terrain_grid_columns": 41,
        "terrain_grid_rows": 41,
        "terrain_grid_validity": "no_data"
      },
      "geometry": {
        "type": "Point",
        "coordinates": [
          -159.868,
          -19.3625
        ]
      }
    },
    {
      "type": "Feature",
      "id": "terrain-r06-c07",
      "properties": {
        "terrain_grid_id": "rey-county-semantic-terrain-v1",
        "terrain_grid_column": 7,
        "terrain_grid_row": 6,
        "terrain_grid_columns": 41,
        "terrain_grid_rows": 41,
        "terrain_grid_validity": "no_data"
      },
      "geometry": {
        "type": "Point",
        "coordinates": [
          -159.846,
          -19.3625
        ]
      }
    },
    {
      "type": "Feature",
      "id": "terrain-r06-c08",
      "properties": {
        "terrain_grid_id": "rey-county-semantic-terrain-v1",
        "terrain_grid_column": 8,
        "terrain_grid_row": 6,
        "terrain_grid_columns": 41,
        "terrain_grid_rows": 41,
        "terrain_grid_validity": "no_data"
      },
      "geometry": {
        "type": "Point",
        "coordinates": [
          -159.824,
          -19.3625
        ]
      }
    },
    {
      "type": "Feature",
      "id": "terrain-r06-c09",
      "properties": {
        "terrain_grid_id": "rey-county-semantic-terrain-v1",
        "terrain_grid_column": 9,
        "terrain_grid_row": 6,
        "terrain_grid_columns": 41,
        "terrain_grid_rows": 41,
        "terrain_grid_validity": "valid",
        "material": "granite",
        "landform": "anchor-range"
      },
      "geometry": {
        "type": "Point",
        "coordinates": [
          -159.802,
          -19.3625,
          1111.5
        ]
      }
    },
    {
      "type": "Feature",
      "id": "terrain-r06-c10",
      "properties": {
        "terrain_grid_id": "rey-county-semantic-terrain-v1",
        "terrain_grid_column": 10,
        "terrain_grid_row": 6,
        "terrain_grid_columns": 41,
        "terrain_grid_rows": 41,
        "terrain_grid_validity": "valid",
        "material": "granite",
        "landform": "anchor-range"
      },
      "geometry": {
        "type": "Point",
        "coordinates": [
          -159.78,
          -19.3625,
          1194.87
        ]
      }
    },
    {
      "type": "Feature",
      "id": "terrain-r06-c11",
      "properties": {
        "terrain_grid_id": "rey-county-semantic-terrain-v1",
        "terrain_grid_column": 11,
        "terrain_grid_row": 6,
        "terrain_grid_columns": 41,
        "terrain_grid_rows": 41,
        "terrain_grid_validity": "valid",
        "material": "granite",
        "landform": "anchor-range"
      },
      "geometry": {
        "type": "Point",
        "coordinates": [
          -159.758,
          -19.3625,
          1147.46
        ]
      }
    },
    {
      "type": "Feature",
      "id": "terrain-r06-c12",
      "properties": {
        "terrain_grid_id": "rey-county-semantic-terrain-v1",
        "terrain_grid_column": 12,
        "terrain_grid_row": 6,
        "terrain_grid_columns": 41,
        "terrain_grid_rows": 41,
        "terrain_grid_validity": "valid",
        "material": "granite",
        "landform": "anchor-range"
      },
      "geometry": {
        "type": "Point",
        "coordinates": [
          -159.736,
          -19.3625,
          1020.26
        ]
      }
    },
    {
      "type": "Feature",
      "id": "terrain-r06-c13",
      "properties": {
        "terrain_grid_id": "rey-county-semantic-terrain-v1",
        "terrain_grid_column": 13,
        "terrain_grid_row": 6,
        "terrain_grid_columns": 41,
        "terrain_grid_rows": 41,
        "terrain_grid_validity": "valid",
        "material": "sand",
        "landform": "anchor-range"
      },
      "geometry": {
        "type": "Point",
        "coordinates": [
          -159.714,
          -19.3625,
          950.5
        ]
      }
    },
    {
      "type": "Feature",
      "id": "terrain-r06-c14",
      "properties": {
        "terrain_grid_id": "rey-county-semantic-terrain-v1",
        "terrain_grid_column": 14,
        "terrain_grid_row": 6,
        "terrain_grid_columns": 41,
        "terrain_grid_rows": 41,
        "terrain_grid_validity": "valid",
        "material": "granite",
        "landform": "anchor-range"
      },
      "geometry": {
        "type": "Point",
        "coordinates": [
          -159.692,
          -19.3625,
          994.93
        ]
      }
    },
    {
      "type": "Feature",
      "id": "terrain-r06-c15",
      "properties": {
        "terrain_grid_id": "rey-county-semantic-terrain-v1",
        "terrain_grid_column": 15,
        "terrain_grid_row": 6,
        "terrain_grid_columns": 41,
        "terrain_grid_rows": 41,
        "terrain_grid_validity": "valid",
        "material": "granite",
        "landform": "anchor-range"
      },
      "geometry": {
        "type": "Point",
        "coordinates": [
          -159.67,
          -19.3625,
          1016
        ]
      }
    },
    {
      "type": "Feature",
      "id": "terrain-r06-c16",
      "properties": {
        "terrain_grid_id": "rey-county-semantic-terrain-v1",
        "terrain_grid_column": 16,
        "terrain_grid_row": 6,
        "terrain_grid_columns": 41,
        "terrain_grid_rows": 41,
        "terrain_grid_validity": "valid",
        "material": "granite",
        "landform": "anchor-range"
      },
      "geometry": {
        "type": "Point",
        "coordinates": [
          -159.648,
          -19.3625,
          1015.18
        ]
      }
    },
    {
      "type": "Feature",
      "id": "terrain-r06-c17",
      "properties": {
        "terrain_grid_id": "rey-county-semantic-terrain-v1",
        "terrain_grid_column": 17,
        "terrain_grid_row": 6,
        "terrain_grid_columns": 41,
        "terrain_grid_rows": 41,
        "terrain_grid_validity": "valid",
        "material": "granite",
        "landform": "anchor-range"
      },
      "geometry": {
        "type": "Point",
        "coordinates": [
          -159.626,
          -19.3625,
          1017.14
        ]
      }
    },
    {
      "type": "Feature",
      "id": "terrain-r06-c18",
      "properties": {
        "terrain_grid_id": "rey-county-semantic-terrain-v1",
        "terrain_grid_column": 18,
        "terrain_grid_row": 6,
        "terrain_grid_columns": 41,
        "terrain_grid_rows": 41,
        "terrain_grid_validity": "valid",
        "material": "granite",
        "landform": "anchor-range"
      },
      "geometry": {
        "type": "Point",
        "coordinates": [
          -159.604,
          -19.3625,
          1017.18
        ]
      }
    },
    {
      "type": "Feature",
      "id": "terrain-r06-c19",
      "properties": {
        "terrain_grid_id": "rey-county-semantic-terrain-v1",
        "terrain_grid_column": 19,
        "terrain_grid_row": 6,
        "terrain_grid_columns": 41,
        "terrain_grid_rows": 41,
        "terrain_grid_validity": "valid",
        "material": "granite",
        "landform": "architecture-highlands"
      },
      "geometry": {
        "type": "Point",
        "coordinates": [
          -159.582,
          -19.3625,
          996.62
        ]
      }
    },
    {
      "type": "Feature",
      "id": "terrain-r06-c20",
      "properties": {
        "terrain_grid_id": "rey-county-semantic-terrain-v1",
        "terrain_grid_column": 20,
        "terrain_grid_row": 6,
        "terrain_grid_columns": 41,
        "terrain_grid_rows": 41,
        "terrain_grid_validity": "valid",
        "material": "granite",
        "landform": "architecture-highlands"
      },
      "geometry": {
        "type": "Point",
        "coordinates": [
          -159.56,
          -19.3625,
          978.71
        ]
      }
    },
    {
      "type": "Feature",
      "id": "terrain-r06-c21",
      "properties": {
        "terrain_grid_id": "rey-county-semantic-terrain-v1",
        "terrain_grid_column": 21,
        "terrain_grid_row": 6,
        "terrain_grid_columns": 41,
        "terrain_grid_rows": 41,
        "terrain_grid_validity": "valid",
        "material": "granite",
        "landform": "architecture-highlands"
      },
      "geometry": {
        "type": "Point",
        "coordinates": [
          -159.538,
          -19.3625,
          953.89
        ]
      }
    },
    {
      "type": "Feature",
      "id": "terrain-r06-c22",
      "properties": {
        "terrain_grid_id": "rey-county-semantic-terrain-v1",
        "terrain_grid_column": 22,
        "terrain_grid_row": 6,
        "terrain_grid_columns": 41,
        "terrain_grid_rows": 41,
        "terrain_grid_validity": "valid",
        "material": "granite",
        "landform": "architecture-highlands"
      },
      "geometry": {
        "type": "Point",
        "coordinates": [
          -159.516,
          -19.3625,
          925.22
        ]
      }
    },
    {
      "type": "Feature",
      "id": "terrain-r06-c23",
      "properties": {
        "terrain_grid_id": "rey-county-semantic-terrain-v1",
        "terrain_grid_column": 23,
        "terrain_grid_row": 6,
        "terrain_grid_columns": 41,
        "terrain_grid_rows": 41,
        "terrain_grid_validity": "valid",
        "material": "sand",
        "landform": "architecture-highlands"
      },
      "geometry": {
        "type": "Point",
        "coordinates": [
          -159.494,
          -19.3625,
          872.52
        ]
      }
    },
    {
      "type": "Feature",
      "id": "terrain-r06-c24",
      "properties": {
        "terrain_grid_id": "rey-county-semantic-terrain-v1",
        "terrain_grid_column": 24,
        "terrain_grid_row": 6,
        "terrain_grid_columns": 41,
        "terrain_grid_rows": 41,
        "terrain_grid_validity": "valid",
        "material": "granite",
        "landform": "architecture-highlands"
      },
      "geometry": {
        "type": "Point",
        "coordinates": [
          -159.472,
          -19.3625,
          904.07
        ]
      }
    },
    {
      "type": "Feature",
      "id": "terrain-r06-c25",
      "properties": {
        "terrain_grid_id": "rey-county-semantic-terrain-v1",
        "terrain_grid_column": 25,
        "terrain_grid_row": 6,
        "terrain_grid_columns": 41,
        "terrain_grid_rows": 41,
        "terrain_grid_validity": "valid",
        "material": "granite",
        "landform": "architecture-highlands"
      },
      "geometry": {
        "type": "Point",
        "coordinates": [
          -159.45,
          -19.3625,
          904.75
        ]
      }
    },
    {
      "type": "Feature",
      "id": "terrain-r06-c26",
      "properties": {
        "terrain_grid_id": "rey-county-semantic-terrain-v1",
        "terrain_grid_column": 26,
        "terrain_grid_row": 6,
        "terrain_grid_columns": 41,
        "terrain_grid_rows": 41,
        "terrain_grid_validity": "valid",
        "material": "granite",
        "landform": "architecture-highlands"
      },
      "geometry": {
        "type": "Point",
        "coordinates": [
          -159.428,
          -19.3625,
          884.34
        ]
      }
    },
    {
      "type": "Feature",
      "id": "terrain-r06-c27",
      "properties": {
        "terrain_grid_id": "rey-county-semantic-terrain-v1",
        "terrain_grid_column": 27,
        "terrain_grid_row": 6,
        "terrain_grid_columns": 41,
        "terrain_grid_rows": 41,
        "terrain_grid_validity": "valid",
        "material": "rock",
        "landform": "architecture-highlands"
      },
      "geometry": {
        "type": "Point",
        "coordinates": [
          -159.406,
          -19.3625,
          857.95
        ]
      }
    },
    {
      "type": "Feature",
      "id": "terrain-r06-c28",
      "properties": {
        "terrain_grid_id": "rey-county-semantic-terrain-v1",
        "terrain_grid_column": 28,
        "terrain_grid_row": 6,
        "terrain_grid_columns": 41,
        "terrain_grid_rows": 41,
        "terrain_grid_validity": "valid",
        "material": "rock",
        "landform": "architecture-highlands"
      },
      "geometry": {
        "type": "Point",
        "coordinates": [
          -159.384,
          -19.3625,
          833.8
        ]
      }
    },
    {
      "type": "Feature",
      "id": "terrain-r06-c29",
      "properties": {
        "terrain_grid_id": "rey-county-semantic-terrain-v1",
        "terrain_grid_column": 29,
        "terrain_grid_row": 6,
        "terrain_grid_columns": 41,
        "terrain_grid_rows": 41,
        "terrain_grid_validity": "valid",
        "material": "rock",
        "landform": "architecture-highlands"
      },
      "geometry": {
        "type": "Point",
        "coordinates": [
          -159.362,
          -19.3625,
          822.36
        ]
      }
    },
    {
      "type": "Feature",
      "id": "terrain-r06-c30",
      "properties": {
        "terrain_grid_id": "rey-county-semantic-terrain-v1",
        "terrain_grid_column": 30,
        "terrain_grid_row": 6,
        "terrain_grid_columns": 41,
        "terrain_grid_rows": 41,
        "terrain_grid_validity": "valid",
        "material": "rock",
        "landform": "architecture-highlands"
      },
      "geometry": {
        "type": "Point",
        "coordinates": [
          -159.34,
          -19.3625,
          798.24
        ]
      }
    },
    {
      "type": "Feature",
      "id": "terrain-r06-c31",
      "properties": {
        "terrain_grid_id": "rey-county-semantic-terrain-v1",
        "terrain_grid_column": 31,
        "terrain_grid_row": 6,
        "terrain_grid_columns": 41,
        "terrain_grid_rows": 41,
        "terrain_grid_validity": "valid",
        "material": "rock",
        "landform": "architecture-highlands"
      },
      "geometry": {
        "type": "Point",
        "coordinates": [
          -159.318,
          -19.3625,
          783.23
        ]
      }
    },
    {
      "type": "Feature",
      "id": "terrain-r06-c32",
      "properties": {
        "terrain_grid_id": "rey-county-semantic-terrain-v1",
        "terrain_grid_column": 32,
        "terrain_grid_row": 6,
        "terrain_grid_columns": 41,
        "terrain_grid_rows": 41,
        "terrain_grid_validity": "valid",
        "material": "rock",
        "landform": "architecture-highlands"
      },
      "geometry": {
        "type": "Point",
        "coordinates": [
          -159.296,
          -19.3625,
          750.18
        ]
      }
    },
    {
      "type": "Feature",
      "id": "terrain-r06-c33",
      "properties": {
        "terrain_grid_id": "rey-county-semantic-terrain-v1",
        "terrain_grid_column": 33,
        "terrain_grid_row": 6,
        "terrain_grid_columns": 41,
        "terrain_grid_rows": 41,
        "terrain_grid_validity": "valid",
        "material": "rock",
        "landform": "architecture-highlands"
      },
      "geometry": {
        "type": "Point",
        "coordinates": [
          -159.274,
          -19.3625,
          716.91
        ]
      }
    },
    {
      "type": "Feature",
      "id": "terrain-r06-c34",
      "properties": {
        "terrain_grid_id": "rey-county-semantic-terrain-v1",
        "terrain_grid_column": 34,
        "terrain_grid_row": 6,
        "terrain_grid_columns": 41,
        "terrain_grid_rows": 41,
        "terrain_grid_validity": "valid",
        "material": "rock",
        "landform": "architecture-highlands"
      },
      "geometry": {
        "type": "Point",
        "coordinates": [
          -159.252,
          -19.3625,
          688.92
        ]
      }
    },
    {
      "type": "Feature",
      "id": "terrain-r06-c35",
      "properties": {
        "terrain_grid_id": "rey-county-semantic-terrain-v1",
        "terrain_grid_column": 35,
        "terrain_grid_row": 6,
        "terrain_grid_columns": 41,
        "terrain_grid_rows": 41,
        "terrain_grid_validity": "valid",
        "material": "rock",
        "landform": "architecture-highlands"
      },
      "geometry": {
        "type": "Point",
        "coordinates": [
          -159.23,
          -19.3625,
          666.36
        ]
      }
    },
    {
      "type": "Feature",
      "id": "terrain-r06-c36",
      "properties": {
        "terrain_grid_id": "rey-county-semantic-terrain-v1",
        "terrain_grid_column": 36,
        "terrain_grid_row": 6,
        "terrain_grid_columns": 41,
        "terrain_grid_rows": 41,
        "terrain_grid_validity": "valid",
        "material": "rock",
        "landform": "architecture-highlands"
      },
      "geometry": {
        "type": "Point",
        "coordinates": [
          -159.208,
          -19.3625,
          643.5
        ]
      }
    },
    {
      "type": "Feature",
      "id": "terrain-r06-c37",
      "properties": {
        "terrain_grid_id": "rey-county-semantic-terrain-v1",
        "terrain_grid_column": 37,
        "terrain_grid_row": 6,
        "terrain_grid_columns": 41,
        "terrain_grid_rows": 41,
        "terrain_grid_validity": "valid",
        "material": "rock",
        "landform": "architecture-highlands"
      },
      "geometry": {
        "type": "Point",
        "coordinates": [
          -159.186,
          -19.3625,
          626.87
        ]
      }
    },
    {
      "type": "Feature",
      "id": "terrain-r06-c38",
      "properties": {
        "terrain_grid_id": "rey-county-semantic-terrain-v1",
        "terrain_grid_column": 38,
        "terrain_grid_row": 6,
        "terrain_grid_columns": 41,
        "terrain_grid_rows": 41,
        "terrain_grid_validity": "no_data"
      },
      "geometry": {
        "type": "Point",
        "coordinates": [
          -159.164,
          -19.3625
        ]
      }
    },
    {
      "type": "Feature",
      "id": "terrain-r06-c39",
      "properties": {
        "terrain_grid_id": "rey-county-semantic-terrain-v1",
        "terrain_grid_column": 39,
        "terrain_grid_row": 6,
        "terrain_grid_columns": 41,
        "terrain_grid_rows": 41,
        "terrain_grid_validity": "no_data"
      },
      "geometry": {
        "type": "Point",
        "coordinates": [
          -159.142,
          -19.3625
        ]
      }
    },
    {
      "type": "Feature",
      "id": "terrain-r06-c40",
      "properties": {
        "terrain_grid_id": "rey-county-semantic-terrain-v1",
        "terrain_grid_column": 40,
        "terrain_grid_row": 6,
        "terrain_grid_columns": 41,
        "terrain_grid_rows": 41,
        "terrain_grid_validity": "no_data"
      },
      "geometry": {
        "type": "Point",
        "coordinates": [
          -159.12,
          -19.3625
        ]
      }
    },
    {
      "type": "Feature",
      "id": "terrain-r07-c00",
      "properties": {
        "terrain_grid_id": "rey-county-semantic-terrain-v1",
        "terrain_grid_column": 0,
        "terrain_grid_row": 7,
        "terrain_grid_columns": 41,
        "terrain_grid_rows": 41,
        "terrain_grid_validity": "no_data"
      },
      "geometry": {
        "type": "Point",
        "coordinates": [
          -160,
          -19.38125
        ]
      }
    },
    {
      "type": "Feature",
      "id": "terrain-r07-c01",
      "properties": {
        "terrain_grid_id": "rey-county-semantic-terrain-v1",
        "terrain_grid_column": 1,
        "terrain_grid_row": 7,
        "terrain_grid_columns": 41,
        "terrain_grid_rows": 41,
        "terrain_grid_validity": "no_data"
      },
      "geometry": {
        "type": "Point",
        "coordinates": [
          -159.978,
          -19.38125
        ]
      }
    },
    {
      "type": "Feature",
      "id": "terrain-r07-c02",
      "properties": {
        "terrain_grid_id": "rey-county-semantic-terrain-v1",
        "terrain_grid_column": 2,
        "terrain_grid_row": 7,
        "terrain_grid_columns": 41,
        "terrain_grid_rows": 41,
        "terrain_grid_validity": "no_data"
      },
      "geometry": {
        "type": "Point",
        "coordinates": [
          -159.956,
          -19.38125
        ]
      }
    },
    {
      "type": "Feature",
      "id": "terrain-r07-c03",
      "properties": {
        "terrain_grid_id": "rey-county-semantic-terrain-v1",
        "terrain_grid_column": 3,
        "terrain_grid_row": 7,
        "terrain_grid_columns": 41,
        "terrain_grid_rows": 41,
        "terrain_grid_validity": "no_data"
      },
      "geometry": {
        "type": "Point",
        "coordinates": [
          -159.934,
          -19.38125
        ]
      }
    },
    {
      "type": "Feature",
      "id": "terrain-r07-c04",
      "properties": {
        "terrain_grid_id": "rey-county-semantic-terrain-v1",
        "terrain_grid_column": 4,
        "terrain_grid_row": 7,
        "terrain_grid_columns": 41,
        "terrain_grid_rows": 41,
        "terrain_grid_validity": "no_data"
      },
      "geometry": {
        "type": "Point",
        "coordinates": [
          -159.912,
          -19.38125
        ]
      }
    },
    {
      "type": "Feature",
      "id": "terrain-r07-c05",
      "properties": {
        "terrain_grid_id": "rey-county-semantic-terrain-v1",
        "terrain_grid_column": 5,
        "terrain_grid_row": 7,
        "terrain_grid_columns": 41,
        "terrain_grid_rows": 41,
        "terrain_grid_validity": "no_data"
      },
      "geometry": {
        "type": "Point",
        "coordinates": [
          -159.89,
          -19.38125
        ]
      }
    },
    {
      "type": "Feature",
      "id": "terrain-r07-c06",
      "properties": {
        "terrain_grid_id": "rey-county-semantic-terrain-v1",
        "terrain_grid_column": 6,
        "terrain_grid_row": 7,
        "terrain_grid_columns": 41,
        "terrain_grid_rows": 41,
        "terrain_grid_validity": "no_data"
      },
      "geometry": {
        "type": "Point",
        "coordinates": [
          -159.868,
          -19.38125
        ]
      }
    },
    {
      "type": "Feature",
      "id": "terrain-r07-c07",
      "properties": {
        "terrain_grid_id": "rey-county-semantic-terrain-v1",
        "terrain_grid_column": 7,
        "terrain_grid_row": 7,
        "terrain_grid_columns": 41,
        "terrain_grid_rows": 41,
        "terrain_grid_validity": "no_data"
      },
      "geometry": {
        "type": "Point",
        "coordinates": [
          -159.846,
          -19.38125
        ]
      }
    },
    {
      "type": "Feature",
      "id": "terrain-r07-c08",
      "properties": {
        "terrain_grid_id": "rey-county-semantic-terrain-v1",
        "terrain_grid_column": 8,
        "terrain_grid_row": 7,
        "terrain_grid_columns": 41,
        "terrain_grid_rows": 41,
        "terrain_grid_validity": "valid",
        "material": "granite",
        "landform": "anchor-range"
      },
      "geometry": {
        "type": "Point",
        "coordinates": [
          -159.824,
          -19.38125,
          1149.77
        ]
      }
    },
    {
      "type": "Feature",
      "id": "terrain-r07-c09",
      "properties": {
        "terrain_grid_id": "rey-county-semantic-terrain-v1",
        "terrain_grid_column": 9,
        "terrain_grid_row": 7,
        "terrain_grid_columns": 41,
        "terrain_grid_rows": 41,
        "terrain_grid_validity": "valid",
        "material": "granite",
        "landform": "anchor-summit"
      },
      "geometry": {
        "type": "Point",
        "coordinates": [
          -159.802,
          -19.38125,
          1369.77
        ]
      }
    },
    {
      "type": "Feature",
      "id": "terrain-r07-c10",
      "properties": {
        "terrain_grid_id": "rey-county-semantic-terrain-v1",
        "terrain_grid_column": 10,
        "terrain_grid_row": 7,
        "terrain_grid_columns": 41,
        "terrain_grid_rows": 41,
        "terrain_grid_validity": "valid",
        "material": "granite",
        "landform": "anchor-summit"
      },
      "geometry": {
        "type": "Point",
        "coordinates": [
          -159.78,
          -19.38125,
          1512.5
        ]
      }
    },
    {
      "type": "Feature",
      "id": "terrain-r07-c11",
      "properties": {
        "terrain_grid_id": "rey-county-semantic-terrain-v1",
        "terrain_grid_column": 11,
        "terrain_grid_row": 7,
        "terrain_grid_columns": 41,
        "terrain_grid_rows": 41,
        "terrain_grid_validity": "valid",
        "material": "granite",
        "landform": "anchor-range"
      },
      "geometry": {
        "type": "Point",
        "coordinates": [
          -159.758,
          -19.38125,
          1429.66
        ]
      }
    },
    {
      "type": "Feature",
      "id": "terrain-r07-c12",
      "properties": {
        "terrain_grid_id": "rey-county-semantic-terrain-v1",
        "terrain_grid_column": 12,
        "terrain_grid_row": 7,
        "terrain_grid_columns": 41,
        "terrain_grid_rows": 41,
        "terrain_grid_validity": "valid",
        "material": "granite",
        "landform": "anchor-range"
      },
      "geometry": {
        "type": "Point",
        "coordinates": [
          -159.736,
          -19.38125,
          1211
        ]
      }
    },
    {
      "type": "Feature",
      "id": "terrain-r07-c13",
      "properties": {
        "terrain_grid_id": "rey-county-semantic-terrain-v1",
        "terrain_grid_column": 13,
        "terrain_grid_row": 7,
        "terrain_grid_columns": 41,
        "terrain_grid_rows": 41,
        "terrain_grid_validity": "valid",
        "material": "sand",
        "landform": "anchor-range"
      },
      "geometry": {
        "type": "Point",
        "coordinates": [
          -159.714,
          -19.38125,
          1049.27
        ]
      }
    },
    {
      "type": "Feature",
      "id": "terrain-r07-c14",
      "properties": {
        "terrain_grid_id": "rey-county-semantic-terrain-v1",
        "terrain_grid_column": 14,
        "terrain_grid_row": 7,
        "terrain_grid_columns": 41,
        "terrain_grid_rows": 41,
        "terrain_grid_validity": "valid",
        "material": "granite",
        "landform": "anchor-range"
      },
      "geometry": {
        "type": "Point",
        "coordinates": [
          -159.692,
          -19.38125,
          1039.7
        ]
      }
    },
    {
      "type": "Feature",
      "id": "terrain-r07-c15",
      "properties": {
        "terrain_grid_id": "rey-county-semantic-terrain-v1",
        "terrain_grid_column": 15,
        "terrain_grid_row": 7,
        "terrain_grid_columns": 41,
        "terrain_grid_rows": 41,
        "terrain_grid_validity": "valid",
        "material": "granite",
        "landform": "anchor-range"
      },
      "geometry": {
        "type": "Point",
        "coordinates": [
          -159.67,
          -19.38125,
          1070.48
        ]
      }
    },
    {
      "type": "Feature",
      "id": "terrain-r07-c16",
      "properties": {
        "terrain_grid_id": "rey-county-semantic-terrain-v1",
        "terrain_grid_column": 16,
        "terrain_grid_row": 7,
        "terrain_grid_columns": 41,
        "terrain_grid_rows": 41,
        "terrain_grid_validity": "valid",
        "material": "granite",
        "landform": "anchor-range"
      },
      "geometry": {
        "type": "Point",
        "coordinates": [
          -159.648,
          -19.38125,
          1068.77
        ]
      }
    },
    {
      "type": "Feature",
      "id": "terrain-r07-c17",
      "properties": {
        "terrain_grid_id": "rey-county-semantic-terrain-v1",
        "terrain_grid_column": 17,
        "terrain_grid_row": 7,
        "terrain_grid_columns": 41,
        "terrain_grid_rows": 41,
        "terrain_grid_validity": "valid",
        "material": "granite",
        "landform": "anchor-range"
      },
      "geometry": {
        "type": "Point",
        "coordinates": [
          -159.626,
          -19.38125,
          1061.24
        ]
      }
    },
    {
      "type": "Feature",
      "id": "terrain-r07-c18",
      "properties": {
        "terrain_grid_id": "rey-county-semantic-terrain-v1",
        "terrain_grid_column": 18,
        "terrain_grid_row": 7,
        "terrain_grid_columns": 41,
        "terrain_grid_rows": 41,
        "terrain_grid_validity": "valid",
        "material": "granite",
        "landform": "anchor-range"
      },
      "geometry": {
        "type": "Point",
        "coordinates": [
          -159.604,
          -19.38125,
          1059.18
        ]
      }
    },
    {
      "type": "Feature",
      "id": "terrain-r07-c19",
      "properties": {
        "terrain_grid_id": "rey-county-semantic-terrain-v1",
        "terrain_grid_column": 19,
        "terrain_grid_row": 7,
        "terrain_grid_columns": 41,
        "terrain_grid_rows": 41,
        "terrain_grid_validity": "valid",
        "material": "granite",
        "landform": "architecture-highlands"
      },
      "geometry": {
        "type": "Point",
        "coordinates": [
          -159.582,
          -19.38125,
          1050.85
        ]
      }
    },
    {
      "type": "Feature",
      "id": "terrain-r07-c20",
      "properties": {
        "terrain_grid_id": "rey-county-semantic-terrain-v1",
        "terrain_grid_column": 20,
        "terrain_grid_row": 7,
        "terrain_grid_columns": 41,
        "terrain_grid_rows": 41,
        "terrain_grid_validity": "valid",
        "material": "granite",
        "landform": "architecture-highlands"
      },
      "geometry": {
        "type": "Point",
        "coordinates": [
          -159.56,
          -19.38125,
          1020.73
        ]
      }
    },
    {
      "type": "Feature",
      "id": "terrain-r07-c21",
      "properties": {
        "terrain_grid_id": "rey-county-semantic-terrain-v1",
        "terrain_grid_column": 21,
        "terrain_grid_row": 7,
        "terrain_grid_columns": 41,
        "terrain_grid_rows": 41,
        "terrain_grid_validity": "valid",
        "material": "granite",
        "landform": "architecture-highlands"
      },
      "geometry": {
        "type": "Point",
        "coordinates": [
          -159.538,
          -19.38125,
          1004.95
        ]
      }
    },
    {
      "type": "Feature",
      "id": "terrain-r07-c22",
      "properties": {
        "terrain_grid_id": "rey-county-semantic-terrain-v1",
        "terrain_grid_column": 22,
        "terrain_grid_row": 7,
        "terrain_grid_columns": 41,
        "terrain_grid_rows": 41,
        "terrain_grid_validity": "valid",
        "material": "granite",
        "landform": "architecture-highlands"
      },
      "geometry": {
        "type": "Point",
        "coordinates": [
          -159.516,
          -19.38125,
          966.17
        ]
      }
    },
    {
      "type": "Feature",
      "id": "terrain-r07-c23",
      "properties": {
        "terrain_grid_id": "rey-county-semantic-terrain-v1",
        "terrain_grid_column": 23,
        "terrain_grid_row": 7,
        "terrain_grid_columns": 41,
        "terrain_grid_rows": 41,
        "terrain_grid_validity": "valid",
        "material": "sand",
        "landform": "architecture-highlands"
      },
      "geometry": {
        "type": "Point",
        "coordinates": [
          -159.494,
          -19.38125,
          909.01
        ]
      }
    },
    {
      "type": "Feature",
      "id": "terrain-r07-c24",
      "properties": {
        "terrain_grid_id": "rey-county-semantic-terrain-v1",
        "terrain_grid_column": 24,
        "terrain_grid_row": 7,
        "terrain_grid_columns": 41,
        "terrain_grid_rows": 41,
        "terrain_grid_validity": "valid",
        "material": "granite",
        "landform": "architecture-highlands"
      },
      "geometry": {
        "type": "Point",
        "coordinates": [
          -159.472,
          -19.38125,
          950.32
        ]
      }
    },
    {
      "type": "Feature",
      "id": "terrain-r07-c25",
      "properties": {
        "terrain_grid_id": "rey-county-semantic-terrain-v1",
        "terrain_grid_column": 25,
        "terrain_grid_row": 7,
        "terrain_grid_columns": 41,
        "terrain_grid_rows": 41,
        "terrain_grid_validity": "valid",
        "material": "granite",
        "landform": "architecture-highlands"
      },
      "geometry": {
        "type": "Point",
        "coordinates": [
          -159.45,
          -19.38125,
          944.88
        ]
      }
    },
    {
      "type": "Feature",
      "id": "terrain-r07-c26",
      "properties": {
        "terrain_grid_id": "rey-county-semantic-terrain-v1",
        "terrain_grid_column": 26,
        "terrain_grid_row": 7,
        "terrain_grid_columns": 41,
        "terrain_grid_rows": 41,
        "terrain_grid_validity": "valid",
        "material": "granite",
        "landform": "architecture-highlands"
      },
      "geometry": {
        "type": "Point",
        "coordinates": [
          -159.428,
          -19.38125,
          919.27
        ]
      }
    },
    {
      "type": "Feature",
      "id": "terrain-r07-c27",
      "properties": {
        "terrain_grid_id": "rey-county-semantic-terrain-v1",
        "terrain_grid_column": 27,
        "terrain_grid_row": 7,
        "terrain_grid_columns": 41,
        "terrain_grid_rows": 41,
        "terrain_grid_validity": "valid",
        "material": "granite",
        "landform": "architecture-highlands"
      },
      "geometry": {
        "type": "Point",
        "coordinates": [
          -159.406,
          -19.38125,
          895.2
        ]
      }
    },
    {
      "type": "Feature",
      "id": "terrain-r07-c28",
      "properties": {
        "terrain_grid_id": "rey-county-semantic-terrain-v1",
        "terrain_grid_column": 28,
        "terrain_grid_row": 7,
        "terrain_grid_columns": 41,
        "terrain_grid_rows": 41,
        "terrain_grid_validity": "valid",
        "material": "rock",
        "landform": "architecture-highlands"
      },
      "geometry": {
        "type": "Point",
        "coordinates": [
          -159.384,
          -19.38125,
          859.77
        ]
      }
    },
    {
      "type": "Feature",
      "id": "terrain-r07-c29",
      "properties": {
        "terrain_grid_id": "rey-county-semantic-terrain-v1",
        "terrain_grid_column": 29,
        "terrain_grid_row": 7,
        "terrain_grid_columns": 41,
        "terrain_grid_rows": 41,
        "terrain_grid_validity": "valid",
        "material": "rock",
        "landform": "architecture-highlands"
      },
      "geometry": {
        "type": "Point",
        "coordinates": [
          -159.362,
          -19.38125,
          839.78
        ]
      }
    },
    {
      "type": "Feature",
      "id": "terrain-r07-c30",
      "properties": {
        "terrain_grid_id": "rey-county-semantic-terrain-v1",
        "terrain_grid_column": 30,
        "terrain_grid_row": 7,
        "terrain_grid_columns": 41,
        "terrain_grid_rows": 41,
        "terrain_grid_validity": "valid",
        "material": "rock",
        "landform": "architecture-highlands"
      },
      "geometry": {
        "type": "Point",
        "coordinates": [
          -159.34,
          -19.38125,
          820.23
        ]
      }
    },
    {
      "type": "Feature",
      "id": "terrain-r07-c31",
      "properties": {
        "terrain_grid_id": "rey-county-semantic-terrain-v1",
        "terrain_grid_column": 31,
        "terrain_grid_row": 7,
        "terrain_grid_columns": 41,
        "terrain_grid_rows": 41,
        "terrain_grid_validity": "valid",
        "material": "rock",
        "landform": "architecture-highlands"
      },
      "geometry": {
        "type": "Point",
        "coordinates": [
          -159.318,
          -19.38125,
          794.02
        ]
      }
    },
    {
      "type": "Feature",
      "id": "terrain-r07-c32",
      "properties": {
        "terrain_grid_id": "rey-county-semantic-terrain-v1",
        "terrain_grid_column": 32,
        "terrain_grid_row": 7,
        "terrain_grid_columns": 41,
        "terrain_grid_rows": 41,
        "terrain_grid_validity": "valid",
        "material": "rock",
        "landform": "architecture-highlands"
      },
      "geometry": {
        "type": "Point",
        "coordinates": [
          -159.296,
          -19.38125,
          769.41
        ]
      }
    },
    {
      "type": "Feature",
      "id": "terrain-r07-c33",
      "properties": {
        "terrain_grid_id": "rey-county-semantic-terrain-v1",
        "terrain_grid_column": 33,
        "terrain_grid_row": 7,
        "terrain_grid_columns": 41,
        "terrain_grid_rows": 41,
        "terrain_grid_validity": "valid",
        "material": "rock",
        "landform": "architecture-highlands"
      },
      "geometry": {
        "type": "Point",
        "coordinates": [
          -159.274,
          -19.38125,
          735.57
        ]
      }
    },
    {
      "type": "Feature",
      "id": "terrain-r07-c34",
      "properties": {
        "terrain_grid_id": "rey-county-semantic-terrain-v1",
        "terrain_grid_column": 34,
        "terrain_grid_row": 7,
        "terrain_grid_columns": 41,
        "terrain_grid_rows": 41,
        "terrain_grid_validity": "valid",
        "material": "rock",
        "landform": "architecture-highlands"
      },
      "geometry": {
        "type": "Point",
        "coordinates": [
          -159.252,
          -19.38125,
          700.51
        ]
      }
    },
    {
      "type": "Feature",
      "id": "terrain-r07-c35",
      "properties": {
        "terrain_grid_id": "rey-county-semantic-terrain-v1",
        "terrain_grid_column": 35,
        "terrain_grid_row": 7,
        "terrain_grid_columns": 41,
        "terrain_grid_rows": 41,
        "terrain_grid_validity": "valid",
        "material": "rock",
        "landform": "architecture-highlands"
      },
      "geometry": {
        "type": "Point",
        "coordinates": [
          -159.23,
          -19.38125,
          677.1
        ]
      }
    },
    {
      "type": "Feature",
      "id": "terrain-r07-c36",
      "properties": {
        "terrain_grid_id": "rey-county-semantic-terrain-v1",
        "terrain_grid_column": 36,
        "terrain_grid_row": 7,
        "terrain_grid_columns": 41,
        "terrain_grid_rows": 41,
        "terrain_grid_validity": "valid",
        "material": "rock",
        "landform": "architecture-highlands"
      },
      "geometry": {
        "type": "Point",
        "coordinates": [
          -159.208,
          -19.38125,
          656.68
        ]
      }
    },
    {
      "type": "Feature",
      "id": "terrain-r07-c37",
      "properties": {
        "terrain_grid_id": "rey-county-semantic-terrain-v1",
        "terrain_grid_column": 37,
        "terrain_grid_row": 7,
        "terrain_grid_columns": 41,
        "terrain_grid_rows": 41,
        "terrain_grid_validity": "valid",
        "material": "rock",
        "landform": "architecture-highlands"
      },
      "geometry": {
        "type": "Point",
        "coordinates": [
          -159.186,
          -19.38125,
          634.65
        ]
      }
    },
    {
      "type": "Feature",
      "id": "terrain-r07-c38",
      "properties": {
        "terrain_grid_id": "rey-county-semantic-terrain-v1",
        "terrain_grid_column": 38,
        "terrain_grid_row": 7,
        "terrain_grid_columns": 41,
        "terrain_grid_rows": 41,
        "terrain_grid_validity": "no_data"
      },
      "geometry": {
        "type": "Point",
        "coordinates": [
          -159.164,
          -19.38125
        ]
      }
    },
    {
      "type": "Feature",
      "id": "terrain-r07-c39",
      "properties": {
        "terrain_grid_id": "rey-county-semantic-terrain-v1",
        "terrain_grid_column": 39,
        "terrain_grid_row": 7,
        "terrain_grid_columns": 41,
        "terrain_grid_rows": 41,
        "terrain_grid_validity": "no_data"
      },
      "geometry": {
        "type": "Point",
        "coordinates": [
          -159.142,
          -19.38125
        ]
      }
    },
    {
      "type": "Feature",
      "id": "terrain-r07-c40",
      "properties": {
        "terrain_grid_id": "rey-county-semantic-terrain-v1",
        "terrain_grid_column": 40,
        "terrain_grid_row": 7,
        "terrain_grid_columns": 41,
        "terrain_grid_rows": 41,
        "terrain_grid_validity": "no_data"
      },
      "geometry": {
        "type": "Point",
        "coordinates": [
          -159.12,
          -19.38125
        ]
      }
    },
    {
      "type": "Feature",
      "id": "terrain-r08-c00",
      "properties": {
        "terrain_grid_id": "rey-county-semantic-terrain-v1",
        "terrain_grid_column": 0,
        "terrain_grid_row": 8,
        "terrain_grid_columns": 41,
        "terrain_grid_rows": 41,
        "terrain_grid_validity": "no_data"
      },
      "geometry": {
        "type": "Point",
        "coordinates": [
          -160,
          -19.4
        ]
      }
    },
    {
      "type": "Feature",
      "id": "terrain-r08-c01",
      "properties": {
        "terrain_grid_id": "rey-county-semantic-terrain-v1",
        "terrain_grid_column": 1,
        "terrain_grid_row": 8,
        "terrain_grid_columns": 41,
        "terrain_grid_rows": 41,
        "terrain_grid_validity": "no_data"
      },
      "geometry": {
        "type": "Point",
        "coordinates": [
          -159.978,
          -19.4
        ]
      }
    },
    {
      "type": "Feature",
      "id": "terrain-r08-c02",
      "properties": {
        "terrain_grid_id": "rey-county-semantic-terrain-v1",
        "terrain_grid_column": 2,
        "terrain_grid_row": 8,
        "terrain_grid_columns": 41,
        "terrain_grid_rows": 41,
        "terrain_grid_validity": "no_data"
      },
      "geometry": {
        "type": "Point",
        "coordinates": [
          -159.956,
          -19.4
        ]
      }
    },
    {
      "type": "Feature",
      "id": "terrain-r08-c03",
      "properties": {
        "terrain_grid_id": "rey-county-semantic-terrain-v1",
        "terrain_grid_column": 3,
        "terrain_grid_row": 8,
        "terrain_grid_columns": 41,
        "terrain_grid_rows": 41,
        "terrain_grid_validity": "no_data"
      },
      "geometry": {
        "type": "Point",
        "coordinates": [
          -159.934,
          -19.4
        ]
      }
    },
    {
      "type": "Feature",
      "id": "terrain-r08-c04",
      "properties": {
        "terrain_grid_id": "rey-county-semantic-terrain-v1",
        "terrain_grid_column": 4,
        "terrain_grid_row": 8,
        "terrain_grid_columns": 41,
        "terrain_grid_rows": 41,
        "terrain_grid_validity": "no_data"
      },
      "geometry": {
        "type": "Point",
        "coordinates": [
          -159.912,
          -19.4
        ]
      }
    },
    {
      "type": "Feature",
      "id": "terrain-r08-c05",
      "properties": {
        "terrain_grid_id": "rey-county-semantic-terrain-v1",
        "terrain_grid_column": 5,
        "terrain_grid_row": 8,
        "terrain_grid_columns": 41,
        "terrain_grid_rows": 41,
        "terrain_grid_validity": "no_data"
      },
      "geometry": {
        "type": "Point",
        "coordinates": [
          -159.89,
          -19.4
        ]
      }
    },
    {
      "type": "Feature",
      "id": "terrain-r08-c06",
      "properties": {
        "terrain_grid_id": "rey-county-semantic-terrain-v1",
        "terrain_grid_column": 6,
        "terrain_grid_row": 8,
        "terrain_grid_columns": 41,
        "terrain_grid_rows": 41,
        "terrain_grid_validity": "no_data"
      },
      "geometry": {
        "type": "Point",
        "coordinates": [
          -159.868,
          -19.4
        ]
      }
    },
    {
      "type": "Feature",
      "id": "terrain-r08-c07",
      "properties": {
        "terrain_grid_id": "rey-county-semantic-terrain-v1",
        "terrain_grid_column": 7,
        "terrain_grid_row": 8,
        "terrain_grid_columns": 41,
        "terrain_grid_rows": 41,
        "terrain_grid_validity": "valid",
        "material": "granite",
        "landform": "anchor-range"
      },
      "geometry": {
        "type": "Point",
        "coordinates": [
          -159.846,
          -19.4,
          1051.67
        ]
      }
    },
    {
      "type": "Feature",
      "id": "terrain-r08-c08",
      "properties": {
        "terrain_grid_id": "rey-county-semantic-terrain-v1",
        "terrain_grid_column": 8,
        "terrain_grid_row": 8,
        "terrain_grid_columns": 41,
        "terrain_grid_rows": 41,
        "terrain_grid_validity": "valid",
        "material": "granite",
        "landform": "anchor-range"
      },
      "geometry": {
        "type": "Point",
        "coordinates": [
          -159.824,
          -19.4,
          1268.82
        ]
      }
    },
    {
      "type": "Feature",
      "id": "terrain-r08-c09",
      "properties": {
        "terrain_grid_id": "rey-county-semantic-terrain-v1",
        "terrain_grid_column": 9,
        "terrain_grid_row": 8,
        "terrain_grid_columns": 41,
        "terrain_grid_rows": 41,
        "terrain_grid_validity": "valid",
        "material": "granite",
        "landform": "anchor-summit"
      },
      "geometry": {
        "type": "Point",
        "coordinates": [
          -159.802,
          -19.4,
          1540.59
        ]
      }
    },
    {
      "type": "Feature",
      "id": "terrain-r08-c10",
      "properties": {
        "terrain_grid_id": "rey-county-semantic-terrain-v1",
        "terrain_grid_column": 10,
        "terrain_grid_row": 8,
        "terrain_grid_columns": 41,
        "terrain_grid_rows": 41,
        "terrain_grid_validity": "valid",
        "material": "granite",
        "landform": "anchor-summit"
      },
      "geometry": {
        "type": "Point",
        "coordinates": [
          -159.78,
          -19.4,
          1689.11
        ]
      }
    },
    {
      "type": "Feature",
      "id": "terrain-r08-c11",
      "properties": {
        "terrain_grid_id": "rey-county-semantic-terrain-v1",
        "terrain_grid_column": 11,
        "terrain_grid_row": 8,
        "terrain_grid_columns": 41,
        "terrain_grid_rows": 41,
        "terrain_grid_validity": "valid",
        "material": "granite",
        "landform": "anchor-summit"
      },
      "geometry": {
        "type": "Point",
        "coordinates": [
          -159.758,
          -19.4,
          1601.89
        ]
      }
    },
    {
      "type": "Feature",
      "id": "terrain-r08-c12",
      "properties": {
        "terrain_grid_id": "rey-county-semantic-terrain-v1",
        "terrain_grid_column": 12,
        "terrain_grid_row": 8,
        "terrain_grid_columns": 41,
        "terrain_grid_rows": 41,
        "terrain_grid_validity": "valid",
        "material": "granite",
        "landform": "anchor-range"
      },
      "geometry": {
        "type": "Point",
        "coordinates": [
          -159.736,
          -19.4,
          1336.33
        ]
      }
    },
    {
      "type": "Feature",
      "id": "terrain-r08-c13",
      "properties": {
        "terrain_grid_id": "rey-county-semantic-terrain-v1",
        "terrain_grid_column": 13,
        "terrain_grid_row": 8,
        "terrain_grid_columns": 41,
        "terrain_grid_rows": 41,
        "terrain_grid_validity": "valid",
        "material": "sand",
        "landform": "anchor-range"
      },
      "geometry": {
        "type": "Point",
        "coordinates": [
          -159.714,
          -19.4,
          1122.96
        ]
      }
    },
    {
      "type": "Feature",
      "id": "terrain-r08-c14",
      "properties": {
        "terrain_grid_id": "rey-county-semantic-terrain-v1",
        "terrain_grid_column": 14,
        "terrain_grid_row": 8,
        "terrain_grid_columns": 41,
        "terrain_grid_rows": 41,
        "terrain_grid_validity": "valid",
        "material": "granite",
        "landform": "anchor-range"
      },
      "geometry": {
        "type": "Point",
        "coordinates": [
          -159.692,
          -19.4,
          1070.32
        ]
      }
    },
    {
      "type": "Feature",
      "id": "terrain-r08-c15",
      "properties": {
        "terrain_grid_id": "rey-county-semantic-terrain-v1",
        "terrain_grid_column": 15,
        "terrain_grid_row": 8,
        "terrain_grid_columns": 41,
        "terrain_grid_rows": 41,
        "terrain_grid_validity": "valid",
        "material": "granite",
        "landform": "anchor-range"
      },
      "geometry": {
        "type": "Point",
        "coordinates": [
          -159.67,
          -19.4,
          1101.37
        ]
      }
    },
    {
      "type": "Feature",
      "id": "terrain-r08-c16",
      "properties": {
        "terrain_grid_id": "rey-county-semantic-terrain-v1",
        "terrain_grid_column": 16,
        "terrain_grid_row": 8,
        "terrain_grid_columns": 41,
        "terrain_grid_rows": 41,
        "terrain_grid_validity": "valid",
        "material": "granite",
        "landform": "anchor-range"
      },
      "geometry": {
        "type": "Point",
        "coordinates": [
          -159.648,
          -19.4,
          1105.07
        ]
      }
    },
    {
      "type": "Feature",
      "id": "terrain-r08-c17",
      "properties": {
        "terrain_grid_id": "rey-county-semantic-terrain-v1",
        "terrain_grid_column": 17,
        "terrain_grid_row": 8,
        "terrain_grid_columns": 41,
        "terrain_grid_rows": 41,
        "terrain_grid_validity": "valid",
        "material": "granite",
        "landform": "anchor-range"
      },
      "geometry": {
        "type": "Point",
        "coordinates": [
          -159.626,
          -19.4,
          1101.95
        ]
      }
    },
    {
      "type": "Feature",
      "id": "terrain-r08-c18",
      "properties": {
        "terrain_grid_id": "rey-county-semantic-terrain-v1",
        "terrain_grid_column": 18,
        "terrain_grid_row": 8,
        "terrain_grid_columns": 41,
        "terrain_grid_rows": 41,
        "terrain_grid_validity": "valid",
        "material": "granite",
        "landform": "anchor-range"
      },
      "geometry": {
        "type": "Point",
        "coordinates": [
          -159.604,
          -19.4,
          1088.57
        ]
      }
    },
    {
      "type": "Feature",
      "id": "terrain-r08-c19",
      "properties": {
        "terrain_grid_id": "rey-county-semantic-terrain-v1",
        "terrain_grid_column": 19,
        "terrain_grid_row": 8,
        "terrain_grid_columns": 41,
        "terrain_grid_rows": 41,
        "terrain_grid_validity": "valid",
        "material": "granite",
        "landform": "architecture-highlands"
      },
      "geometry": {
        "type": "Point",
        "coordinates": [
          -159.582,
          -19.4,
          1090.27
        ]
      }
    },
    {
      "type": "Feature",
      "id": "terrain-r08-c20",
      "properties": {
        "terrain_grid_id": "rey-county-semantic-terrain-v1",
        "terrain_grid_column": 20,
        "terrain_grid_row": 8,
        "terrain_grid_columns": 41,
        "terrain_grid_rows": 41,
        "terrain_grid_validity": "valid",
        "material": "granite",
        "landform": "architecture-highlands"
      },
      "geometry": {
        "type": "Point",
        "coordinates": [
          -159.56,
          -19.4,
          1065.38
        ]
      }
    },
    {
      "type": "Feature",
      "id": "terrain-r08-c21",
      "properties": {
        "terrain_grid_id": "rey-county-semantic-terrain-v1",
        "terrain_grid_column": 21,
        "terrain_grid_row": 8,
        "terrain_grid_columns": 41,
        "terrain_grid_rows": 41,
        "terrain_grid_validity": "valid",
        "material": "granite",
        "landform": "architecture-highlands"
      },
      "geometry": {
        "type": "Point",
        "coordinates": [
          -159.538,
          -19.4,
          1037.55
        ]
      }
    },
    {
      "type": "Feature",
      "id": "terrain-r08-c22",
      "properties": {
        "terrain_grid_id": "rey-county-semantic-terrain-v1",
        "terrain_grid_column": 22,
        "terrain_grid_row": 8,
        "terrain_grid_columns": 41,
        "terrain_grid_rows": 41,
        "terrain_grid_validity": "valid",
        "material": "granite",
        "landform": "architecture-highlands"
      },
      "geometry": {
        "type": "Point",
        "coordinates": [
          -159.516,
          -19.4,
          1003.67
        ]
      }
    },
    {
      "type": "Feature",
      "id": "terrain-r08-c23",
      "properties": {
        "terrain_grid_id": "rey-county-semantic-terrain-v1",
        "terrain_grid_column": 23,
        "terrain_grid_row": 8,
        "terrain_grid_columns": 41,
        "terrain_grid_rows": 41,
        "terrain_grid_validity": "valid",
        "material": "sand",
        "landform": "architecture-highlands"
      },
      "geometry": {
        "type": "Point",
        "coordinates": [
          -159.494,
          -19.4,
          934.63
        ]
      }
    },
    {
      "type": "Feature",
      "id": "terrain-r08-c24",
      "properties": {
        "terrain_grid_id": "rey-county-semantic-terrain-v1",
        "terrain_grid_column": 24,
        "terrain_grid_row": 8,
        "terrain_grid_columns": 41,
        "terrain_grid_rows": 41,
        "terrain_grid_validity": "valid",
        "material": "granite",
        "landform": "architecture-highlands"
      },
      "geometry": {
        "type": "Point",
        "coordinates": [
          -159.472,
          -19.4,
          970.63
        ]
      }
    },
    {
      "type": "Feature",
      "id": "terrain-r08-c25",
      "properties": {
        "terrain_grid_id": "rey-county-semantic-terrain-v1",
        "terrain_grid_column": 25,
        "terrain_grid_row": 8,
        "terrain_grid_columns": 41,
        "terrain_grid_rows": 41,
        "terrain_grid_validity": "valid",
        "material": "granite",
        "landform": "architecture-highlands"
      },
      "geometry": {
        "type": "Point",
        "coordinates": [
          -159.45,
          -19.4,
          967.28
        ]
      }
    },
    {
      "type": "Feature",
      "id": "terrain-r08-c26",
      "properties": {
        "terrain_grid_id": "rey-county-semantic-terrain-v1",
        "terrain_grid_column": 26,
        "terrain_grid_row": 8,
        "terrain_grid_columns": 41,
        "terrain_grid_rows": 41,
        "terrain_grid_validity": "valid",
        "material": "granite",
        "landform": "architecture-highlands"
      },
      "geometry": {
        "type": "Point",
        "coordinates": [
          -159.428,
          -19.4,
          939.43
        ]
      }
    },
    {
      "type": "Feature",
      "id": "terrain-r08-c27",
      "properties": {
        "terrain_grid_id": "rey-county-semantic-terrain-v1",
        "terrain_grid_column": 27,
        "terrain_grid_row": 8,
        "terrain_grid_columns": 41,
        "terrain_grid_rows": 41,
        "terrain_grid_validity": "valid",
        "material": "granite",
        "landform": "architecture-highlands"
      },
      "geometry": {
        "type": "Point",
        "coordinates": [
          -159.406,
          -19.4,
          907.87
        ]
      }
    },
    {
      "type": "Feature",
      "id": "terrain-r08-c28",
      "properties": {
        "terrain_grid_id": "rey-county-semantic-terrain-v1",
        "terrain_grid_column": 28,
        "terrain_grid_row": 8,
        "terrain_grid_columns": 41,
        "terrain_grid_rows": 41,
        "terrain_grid_validity": "valid",
        "material": "granite",
        "landform": "architecture-highlands"
      },
      "geometry": {
        "type": "Point",
        "coordinates": [
          -159.384,
          -19.4,
          878.82
        ]
      }
    },
    {
      "type": "Feature",
      "id": "terrain-r08-c29",
      "properties": {
        "terrain_grid_id": "rey-county-semantic-terrain-v1",
        "terrain_grid_column": 29,
        "terrain_grid_row": 8,
        "terrain_grid_columns": 41,
        "terrain_grid_rows": 41,
        "terrain_grid_validity": "valid",
        "material": "rock",
        "landform": "architecture-highlands"
      },
      "geometry": {
        "type": "Point",
        "coordinates": [
          -159.362,
          -19.4,
          840.75
        ]
      }
    },
    {
      "type": "Feature",
      "id": "terrain-r08-c30",
      "properties": {
        "terrain_grid_id": "rey-county-semantic-terrain-v1",
        "terrain_grid_column": 30,
        "terrain_grid_row": 8,
        "terrain_grid_columns": 41,
        "terrain_grid_rows": 41,
        "terrain_grid_validity": "valid",
        "material": "rock",
        "landform": "architecture-highlands"
      },
      "geometry": {
        "type": "Point",
        "coordinates": [
          -159.34,
          -19.4,
          825.73
        ]
      }
    },
    {
      "type": "Feature",
      "id": "terrain-r08-c31",
      "properties": {
        "terrain_grid_id": "rey-county-semantic-terrain-v1",
        "terrain_grid_column": 31,
        "terrain_grid_row": 8,
        "terrain_grid_columns": 41,
        "terrain_grid_rows": 41,
        "terrain_grid_validity": "valid",
        "material": "rock",
        "landform": "architecture-highlands"
      },
      "geometry": {
        "type": "Point",
        "coordinates": [
          -159.318,
          -19.4,
          802.21
        ]
      }
    },
    {
      "type": "Feature",
      "id": "terrain-r08-c32",
      "properties": {
        "terrain_grid_id": "rey-county-semantic-terrain-v1",
        "terrain_grid_column": 32,
        "terrain_grid_row": 8,
        "terrain_grid_columns": 41,
        "terrain_grid_rows": 41,
        "terrain_grid_validity": "valid",
        "material": "rock",
        "landform": "architecture-highlands"
      },
      "geometry": {
        "type": "Point",
        "coordinates": [
          -159.296,
          -19.4,
          777.63
        ]
      }
    },
    {
      "type": "Feature",
      "id": "terrain-r08-c33",
      "properties": {
        "terrain_grid_id": "rey-county-semantic-terrain-v1",
        "terrain_grid_column": 33,
        "terrain_grid_row": 8,
        "terrain_grid_columns": 41,
        "terrain_grid_rows": 41,
        "terrain_grid_validity": "valid",
        "material": "rock",
        "landform": "architecture-highlands"
      },
      "geometry": {
        "type": "Point",
        "coordinates": [
          -159.274,
          -19.4,
          748.86
        ]
      }
    },
    {
      "type": "Feature",
      "id": "terrain-r08-c34",
      "properties": {
        "terrain_grid_id": "rey-county-semantic-terrain-v1",
        "terrain_grid_column": 34,
        "terrain_grid_row": 8,
        "terrain_grid_columns": 41,
        "terrain_grid_rows": 41,
        "terrain_grid_validity": "valid",
        "material": "rock",
        "landform": "architecture-highlands"
      },
      "geometry": {
        "type": "Point",
        "coordinates": [
          -159.252,
          -19.4,
          718.2
        ]
      }
    },
    {
      "type": "Feature",
      "id": "terrain-r08-c35",
      "properties": {
        "terrain_grid_id": "rey-county-semantic-terrain-v1",
        "terrain_grid_column": 35,
        "terrain_grid_row": 8,
        "terrain_grid_columns": 41,
        "terrain_grid_rows": 41,
        "terrain_grid_validity": "valid",
        "material": "rock",
        "landform": "architecture-highlands"
      },
      "geometry": {
        "type": "Point",
        "coordinates": [
          -159.23,
          -19.4,
          687.34
        ]
      }
    },
    {
      "type": "Feature",
      "id": "terrain-r08-c36",
      "properties": {
        "terrain_grid_id": "rey-county-semantic-terrain-v1",
        "terrain_grid_column": 36,
        "terrain_grid_row": 8,
        "terrain_grid_columns": 41,
        "terrain_grid_rows": 41,
        "terrain_grid_validity": "valid",
        "material": "rock",
        "landform": "architecture-highlands"
      },
      "geometry": {
        "type": "Point",
        "coordinates": [
          -159.208,
          -19.4,
          669.94
        ]
      }
    },
    {
      "type": "Feature",
      "id": "terrain-r08-c37",
      "properties": {
        "terrain_grid_id": "rey-county-semantic-terrain-v1",
        "terrain_grid_column": 37,
        "terrain_grid_row": 8,
        "terrain_grid_columns": 41,
        "terrain_grid_rows": 41,
        "terrain_grid_validity": "valid",
        "material": "rock",
        "landform": "architecture-highlands"
      },
      "geometry": {
        "type": "Point",
        "coordinates": [
          -159.186,
          -19.4,
          645.49
        ]
      }
    },
    {
      "type": "Feature",
      "id": "terrain-r08-c38",
      "properties": {
        "terrain_grid_id": "rey-county-semantic-terrain-v1",
        "terrain_grid_column": 38,
        "terrain_grid_row": 8,
        "terrain_grid_columns": 41,
        "terrain_grid_rows": 41,
        "terrain_grid_validity": "no_data"
      },
      "geometry": {
        "type": "Point",
        "coordinates": [
          -159.164,
          -19.4
        ]
      }
    },
    {
      "type": "Feature",
      "id": "terrain-r08-c39",
      "properties": {
        "terrain_grid_id": "rey-county-semantic-terrain-v1",
        "terrain_grid_column": 39,
        "terrain_grid_row": 8,
        "terrain_grid_columns": 41,
        "terrain_grid_rows": 41,
        "terrain_grid_validity": "no_data"
      },
      "geometry": {
        "type": "Point",
        "coordinates": [
          -159.142,
          -19.4
        ]
      }
    },
    {
      "type": "Feature",
      "id": "terrain-r08-c40",
      "properties": {
        "terrain_grid_id": "rey-county-semantic-terrain-v1",
        "terrain_grid_column": 40,
        "terrain_grid_row": 8,
        "terrain_grid_columns": 41,
        "terrain_grid_rows": 41,
        "terrain_grid_validity": "no_data"
      },
      "geometry": {
        "type": "Point",
        "coordinates": [
          -159.12,
          -19.4
        ]
      }
    },
    {
      "type": "Feature",
      "id": "terrain-r09-c00",
      "properties": {
        "terrain_grid_id": "rey-county-semantic-terrain-v1",
        "terrain_grid_column": 0,
        "terrain_grid_row": 9,
        "terrain_grid_columns": 41,
        "terrain_grid_rows": 41,
        "terrain_grid_validity": "no_data"
      },
      "geometry": {
        "type": "Point",
        "coordinates": [
          -160,
          -19.41875
        ]
      }
    },
    {
      "type": "Feature",
      "id": "terrain-r09-c01",
      "properties": {
        "terrain_grid_id": "rey-county-semantic-terrain-v1",
        "terrain_grid_column": 1,
        "terrain_grid_row": 9,
        "terrain_grid_columns": 41,
        "terrain_grid_rows": 41,
        "terrain_grid_validity": "no_data"
      },
      "geometry": {
        "type": "Point",
        "coordinates": [
          -159.978,
          -19.41875
        ]
      }
    },
    {
      "type": "Feature",
      "id": "terrain-r09-c02",
      "properties": {
        "terrain_grid_id": "rey-county-semantic-terrain-v1",
        "terrain_grid_column": 2,
        "terrain_grid_row": 9,
        "terrain_grid_columns": 41,
        "terrain_grid_rows": 41,
        "terrain_grid_validity": "no_data"
      },
      "geometry": {
        "type": "Point",
        "coordinates": [
          -159.956,
          -19.41875
        ]
      }
    },
    {
      "type": "Feature",
      "id": "terrain-r09-c03",
      "properties": {
        "terrain_grid_id": "rey-county-semantic-terrain-v1",
        "terrain_grid_column": 3,
        "terrain_grid_row": 9,
        "terrain_grid_columns": 41,
        "terrain_grid_rows": 41,
        "terrain_grid_validity": "no_data"
      },
      "geometry": {
        "type": "Point",
        "coordinates": [
          -159.934,
          -19.41875
        ]
      }
    },
    {
      "type": "Feature",
      "id": "terrain-r09-c04",
      "properties": {
        "terrain_grid_id": "rey-county-semantic-terrain-v1",
        "terrain_grid_column": 4,
        "terrain_grid_row": 9,
        "terrain_grid_columns": 41,
        "terrain_grid_rows": 41,
        "terrain_grid_validity": "no_data"
      },
      "geometry": {
        "type": "Point",
        "coordinates": [
          -159.912,
          -19.41875
        ]
      }
    },
    {
      "type": "Feature",
      "id": "terrain-r09-c05",
      "properties": {
        "terrain_grid_id": "rey-county-semantic-terrain-v1",
        "terrain_grid_column": 5,
        "terrain_grid_row": 9,
        "terrain_grid_columns": 41,
        "terrain_grid_rows": 41,
        "terrain_grid_validity": "no_data"
      },
      "geometry": {
        "type": "Point",
        "coordinates": [
          -159.89,
          -19.41875
        ]
      }
    },
    {
      "type": "Feature",
      "id": "terrain-r09-c06",
      "properties": {
        "terrain_grid_id": "rey-county-semantic-terrain-v1",
        "terrain_grid_column": 6,
        "terrain_grid_row": 9,
        "terrain_grid_columns": 41,
        "terrain_grid_rows": 41,
        "terrain_grid_validity": "valid",
        "material": "sand",
        "landform": "anchor-range"
      },
      "geometry": {
        "type": "Point",
        "coordinates": [
          -159.868,
          -19.41875,
          938.52
        ]
      }
    },
    {
      "type": "Feature",
      "id": "terrain-r09-c07",
      "properties": {
        "terrain_grid_id": "rey-county-semantic-terrain-v1",
        "terrain_grid_column": 7,
        "terrain_grid_row": 9,
        "terrain_grid_columns": 41,
        "terrain_grid_rows": 41,
        "terrain_grid_validity": "valid",
        "material": "granite",
        "landform": "anchor-range"
      },
      "geometry": {
        "type": "Point",
        "coordinates": [
          -159.846,
          -19.41875,
          1083.72
        ]
      }
    },
    {
      "type": "Feature",
      "id": "terrain-r09-c08",
      "properties": {
        "terrain_grid_id": "rey-county-semantic-terrain-v1",
        "terrain_grid_column": 8,
        "terrain_grid_row": 9,
        "terrain_grid_columns": 41,
        "terrain_grid_rows": 41,
        "terrain_grid_validity": "valid",
        "material": "granite",
        "landform": "anchor-range"
      },
      "geometry": {
        "type": "Point",
        "coordinates": [
          -159.824,
          -19.41875,
          1264.88
        ]
      }
    },
    {
      "type": "Feature",
      "id": "terrain-r09-c09",
      "properties": {
        "terrain_grid_id": "rey-county-semantic-terrain-v1",
        "terrain_grid_column": 9,
        "terrain_grid_row": 9,
        "terrain_grid_columns": 41,
        "terrain_grid_rows": 41,
        "terrain_grid_validity": "valid",
        "material": "granite",
        "landform": "anchor-range"
      },
      "geometry": {
        "type": "Point",
        "coordinates": [
          -159.802,
          -19.41875,
          1498.64
        ]
      }
    },
    {
      "type": "Feature",
      "id": "terrain-r09-c10",
      "properties": {
        "terrain_grid_id": "rey-county-semantic-terrain-v1",
        "terrain_grid_column": 10,
        "terrain_grid_row": 9,
        "terrain_grid_columns": 41,
        "terrain_grid_rows": 41,
        "terrain_grid_validity": "valid",
        "material": "granite",
        "landform": "anchor-summit"
      },
      "geometry": {
        "type": "Point",
        "coordinates": [
          -159.78,
          -19.41875,
          1605.36
        ]
      }
    },
    {
      "type": "Feature",
      "id": "terrain-r09-c11",
      "properties": {
        "terrain_grid_id": "rey-county-semantic-terrain-v1",
        "terrain_grid_column": 11,
        "terrain_grid_row": 9,
        "terrain_grid_columns": 41,
        "terrain_grid_rows": 41,
        "terrain_grid_validity": "valid",
        "material": "granite",
        "landform": "anchor-range"
      },
      "geometry": {
        "type": "Point",
        "coordinates": [
          -159.758,
          -19.41875,
          1534.36
        ]
      }
    },
    {
      "type": "Feature",
      "id": "terrain-r09-c12",
      "properties": {
        "terrain_grid_id": "rey-county-semantic-terrain-v1",
        "terrain_grid_column": 12,
        "terrain_grid_row": 9,
        "terrain_grid_columns": 41,
        "terrain_grid_rows": 41,
        "terrain_grid_validity": "valid",
        "material": "granite",
        "landform": "anchor-range"
      },
      "geometry": {
        "type": "Point",
        "coordinates": [
          -159.736,
          -19.41875,
          1344.66
        ]
      }
    },
    {
      "type": "Feature",
      "id": "terrain-r09-c13",
      "properties": {
        "terrain_grid_id": "rey-county-semantic-terrain-v1",
        "terrain_grid_column": 13,
        "terrain_grid_row": 9,
        "terrain_grid_columns": 41,
        "terrain_grid_rows": 41,
        "terrain_grid_validity": "valid",
        "material": "granite",
        "landform": "anchor-range"
      },
      "geometry": {
        "type": "Point",
        "coordinates": [
          -159.714,
          -19.41875,
          1155.39
        ]
      }
    },
    {
      "type": "Feature",
      "id": "terrain-r09-c14",
      "properties": {
        "terrain_grid_id": "rey-county-semantic-terrain-v1",
        "terrain_grid_column": 14,
        "terrain_grid_row": 9,
        "terrain_grid_columns": 41,
        "terrain_grid_rows": 41,
        "terrain_grid_validity": "valid",
        "material": "sand",
        "landform": "anchor-range"
      },
      "geometry": {
        "type": "Point",
        "coordinates": [
          -159.692,
          -19.41875,
          1083.54
        ]
      }
    },
    {
      "type": "Feature",
      "id": "terrain-r09-c15",
      "properties": {
        "terrain_grid_id": "rey-county-semantic-terrain-v1",
        "terrain_grid_column": 15,
        "terrain_grid_row": 9,
        "terrain_grid_columns": 41,
        "terrain_grid_rows": 41,
        "terrain_grid_validity": "valid",
        "material": "granite",
        "landform": "anchor-range"
      },
      "geometry": {
        "type": "Point",
        "coordinates": [
          -159.67,
          -19.41875,
          1119.62
        ]
      }
    },
    {
      "type": "Feature",
      "id": "terrain-r09-c16",
      "properties": {
        "terrain_grid_id": "rey-county-semantic-terrain-v1",
        "terrain_grid_column": 16,
        "terrain_grid_row": 9,
        "terrain_grid_columns": 41,
        "terrain_grid_rows": 41,
        "terrain_grid_validity": "valid",
        "material": "granite",
        "landform": "anchor-range"
      },
      "geometry": {
        "type": "Point",
        "coordinates": [
          -159.648,
          -19.41875,
          1130.54
        ]
      }
    },
    {
      "type": "Feature",
      "id": "terrain-r09-c17",
      "properties": {
        "terrain_grid_id": "rey-county-semantic-terrain-v1",
        "terrain_grid_column": 17,
        "terrain_grid_row": 9,
        "terrain_grid_columns": 41,
        "terrain_grid_rows": 41,
        "terrain_grid_validity": "valid",
        "material": "granite",
        "landform": "anchor-range"
      },
      "geometry": {
        "type": "Point",
        "coordinates": [
          -159.626,
          -19.41875,
          1127.62
        ]
      }
    },
    {
      "type": "Feature",
      "id": "terrain-r09-c18",
      "properties": {
        "terrain_grid_id": "rey-county-semantic-terrain-v1",
        "terrain_grid_column": 18,
        "terrain_grid_row": 9,
        "terrain_grid_columns": 41,
        "terrain_grid_rows": 41,
        "terrain_grid_validity": "valid",
        "material": "granite",
        "landform": "anchor-range"
      },
      "geometry": {
        "type": "Point",
        "coordinates": [
          -159.604,
          -19.41875,
          1119.63
        ]
      }
    },
    {
      "type": "Feature",
      "id": "terrain-r09-c19",
      "properties": {
        "terrain_grid_id": "rey-county-semantic-terrain-v1",
        "terrain_grid_column": 19,
        "terrain_grid_row": 9,
        "terrain_grid_columns": 41,
        "terrain_grid_rows": 41,
        "terrain_grid_validity": "valid",
        "material": "granite",
        "landform": "architecture-highlands"
      },
      "geometry": {
        "type": "Point",
        "coordinates": [
          -159.582,
          -19.41875,
          1105.14
        ]
      }
    },
    {
      "type": "Feature",
      "id": "terrain-r09-c20",
      "properties": {
        "terrain_grid_id": "rey-county-semantic-terrain-v1",
        "terrain_grid_column": 20,
        "terrain_grid_row": 9,
        "terrain_grid_columns": 41,
        "terrain_grid_rows": 41,
        "terrain_grid_validity": "valid",
        "material": "granite",
        "landform": "architecture-highlands"
      },
      "geometry": {
        "type": "Point",
        "coordinates": [
          -159.56,
          -19.41875,
          1097.21
        ]
      }
    },
    {
      "type": "Feature",
      "id": "terrain-r09-c21",
      "properties": {
        "terrain_grid_id": "rey-county-semantic-terrain-v1",
        "terrain_grid_column": 21,
        "terrain_grid_row": 9,
        "terrain_grid_columns": 41,
        "terrain_grid_rows": 41,
        "terrain_grid_validity": "valid",
        "material": "granite",
        "landform": "architecture-highlands"
      },
      "geometry": {
        "type": "Point",
        "coordinates": [
          -159.538,
          -19.41875,
          1056.84
        ]
      }
    },
    {
      "type": "Feature",
      "id": "terrain-r09-c22",
      "properties": {
        "terrain_grid_id": "rey-county-semantic-terrain-v1",
        "terrain_grid_column": 22,
        "terrain_grid_row": 9,
        "terrain_grid_columns": 41,
        "terrain_grid_rows": 41,
        "terrain_grid_validity": "valid",
        "material": "granite",
        "landform": "architecture-highlands"
      },
      "geometry": {
        "type": "Point",
        "coordinates": [
          -159.516,
          -19.41875,
          1010.33
        ]
      }
    },
    {
      "type": "Feature",
      "id": "terrain-r09-c23",
      "properties": {
        "terrain_grid_id": "rey-county-semantic-terrain-v1",
        "terrain_grid_column": 23,
        "terrain_grid_row": 9,
        "terrain_grid_columns": 41,
        "terrain_grid_rows": 41,
        "terrain_grid_validity": "valid",
        "material": "sand",
        "landform": "architecture-highlands"
      },
      "geometry": {
        "type": "Point",
        "coordinates": [
          -159.494,
          -19.41875,
          942.02
        ]
      }
    },
    {
      "type": "Feature",
      "id": "terrain-r09-c24",
      "properties": {
        "terrain_grid_id": "rey-county-semantic-terrain-v1",
        "terrain_grid_column": 24,
        "terrain_grid_row": 9,
        "terrain_grid_columns": 41,
        "terrain_grid_rows": 41,
        "terrain_grid_validity": "valid",
        "material": "granite",
        "landform": "architecture-highlands"
      },
      "geometry": {
        "type": "Point",
        "coordinates": [
          -159.472,
          -19.41875,
          969.51
        ]
      }
    },
    {
      "type": "Feature",
      "id": "terrain-r09-c25",
      "properties": {
        "terrain_grid_id": "rey-county-semantic-terrain-v1",
        "terrain_grid_column": 25,
        "terrain_grid_row": 9,
        "terrain_grid_columns": 41,
        "terrain_grid_rows": 41,
        "terrain_grid_validity": "valid",
        "material": "granite",
        "landform": "architecture-highlands"
      },
      "geometry": {
        "type": "Point",
        "coordinates": [
          -159.45,
          -19.41875,
          958.7
        ]
      }
    },
    {
      "type": "Feature",
      "id": "terrain-r09-c26",
      "properties": {
        "terrain_grid_id": "rey-county-semantic-terrain-v1",
        "terrain_grid_column": 26,
        "terrain_grid_row": 9,
        "terrain_grid_columns": 41,
        "terrain_grid_rows": 41,
        "terrain_grid_validity": "valid",
        "material": "granite",
        "landform": "architecture-highlands"
      },
      "geometry": {
        "type": "Point",
        "coordinates": [
          -159.428,
          -19.41875,
          942.08
        ]
      }
    },
    {
      "type": "Feature",
      "id": "terrain-r09-c27",
      "properties": {
        "terrain_grid_id": "rey-county-semantic-terrain-v1",
        "terrain_grid_column": 27,
        "terrain_grid_row": 9,
        "terrain_grid_columns": 41,
        "terrain_grid_rows": 41,
        "terrain_grid_validity": "valid",
        "material": "granite",
        "landform": "architecture-highlands"
      },
      "geometry": {
        "type": "Point",
        "coordinates": [
          -159.406,
          -19.41875,
          904.27
        ]
      }
    },
    {
      "type": "Feature",
      "id": "terrain-r09-c28",
      "properties": {
        "terrain_grid_id": "rey-county-semantic-terrain-v1",
        "terrain_grid_column": 28,
        "terrain_grid_row": 9,
        "terrain_grid_columns": 41,
        "terrain_grid_rows": 41,
        "terrain_grid_validity": "valid",
        "material": "granite",
        "landform": "architecture-highlands"
      },
      "geometry": {
        "type": "Point",
        "coordinates": [
          -159.384,
          -19.41875,
          878.58
        ]
      }
    },
    {
      "type": "Feature",
      "id": "terrain-r09-c29",
      "properties": {
        "terrain_grid_id": "rey-county-semantic-terrain-v1",
        "terrain_grid_column": 29,
        "terrain_grid_row": 9,
        "terrain_grid_columns": 41,
        "terrain_grid_rows": 41,
        "terrain_grid_validity": "valid",
        "material": "rock",
        "landform": "architecture-highlands"
      },
      "geometry": {
        "type": "Point",
        "coordinates": [
          -159.362,
          -19.41875,
          843.64
        ]
      }
    },
    {
      "type": "Feature",
      "id": "terrain-r09-c30",
      "properties": {
        "terrain_grid_id": "rey-county-semantic-terrain-v1",
        "terrain_grid_column": 30,
        "terrain_grid_row": 9,
        "terrain_grid_columns": 41,
        "terrain_grid_rows": 41,
        "terrain_grid_validity": "valid",
        "material": "rock",
        "landform": "architecture-highlands"
      },
      "geometry": {
        "type": "Point",
        "coordinates": [
          -159.34,
          -19.41875,
          820.83
        ]
      }
    },
    {
      "type": "Feature",
      "id": "terrain-r09-c31",
      "properties": {
        "terrain_grid_id": "rey-county-semantic-terrain-v1",
        "terrain_grid_column": 31,
        "terrain_grid_row": 9,
        "terrain_grid_columns": 41,
        "terrain_grid_rows": 41,
        "terrain_grid_validity": "valid",
        "material": "rock",
        "landform": "architecture-highlands"
      },
      "geometry": {
        "type": "Point",
        "coordinates": [
          -159.318,
          -19.41875,
          810.06
        ]
      }
    },
    {
      "type": "Feature",
      "id": "terrain-r09-c32",
      "properties": {
        "terrain_grid_id": "rey-county-semantic-terrain-v1",
        "terrain_grid_column": 32,
        "terrain_grid_row": 9,
        "terrain_grid_columns": 41,
        "terrain_grid_rows": 41,
        "terrain_grid_validity": "valid",
        "material": "rock",
        "landform": "architecture-highlands"
      },
      "geometry": {
        "type": "Point",
        "coordinates": [
          -159.296,
          -19.41875,
          788.5
        ]
      }
    },
    {
      "type": "Feature",
      "id": "terrain-r09-c33",
      "properties": {
        "terrain_grid_id": "rey-county-semantic-terrain-v1",
        "terrain_grid_column": 33,
        "terrain_grid_row": 9,
        "terrain_grid_columns": 41,
        "terrain_grid_rows": 41,
        "terrain_grid_validity": "valid",
        "material": "rock",
        "landform": "architecture-highlands"
      },
      "geometry": {
        "type": "Point",
        "coordinates": [
          -159.274,
          -19.41875,
          759.8
        ]
      }
    },
    {
      "type": "Feature",
      "id": "terrain-r09-c34",
      "properties": {
        "terrain_grid_id": "rey-county-semantic-terrain-v1",
        "terrain_grid_column": 34,
        "terrain_grid_row": 9,
        "terrain_grid_columns": 41,
        "terrain_grid_rows": 41,
        "terrain_grid_validity": "valid",
        "material": "rock",
        "landform": "architecture-highlands"
      },
      "geometry": {
        "type": "Point",
        "coordinates": [
          -159.252,
          -19.41875,
          727.94
        ]
      }
    },
    {
      "type": "Feature",
      "id": "terrain-r09-c35",
      "properties": {
        "terrain_grid_id": "rey-county-semantic-terrain-v1",
        "terrain_grid_column": 35,
        "terrain_grid_row": 9,
        "terrain_grid_columns": 41,
        "terrain_grid_rows": 41,
        "terrain_grid_validity": "valid",
        "material": "rock",
        "landform": "architecture-highlands"
      },
      "geometry": {
        "type": "Point",
        "coordinates": [
          -159.23,
          -19.41875,
          695.4
        ]
      }
    },
    {
      "type": "Feature",
      "id": "terrain-r09-c36",
      "properties": {
        "terrain_grid_id": "rey-county-semantic-terrain-v1",
        "terrain_grid_column": 36,
        "terrain_grid_row": 9,
        "terrain_grid_columns": 41,
        "terrain_grid_rows": 41,
        "terrain_grid_validity": "valid",
        "material": "rock",
        "landform": "architecture-highlands"
      },
      "geometry": {
        "type": "Point",
        "coordinates": [
          -159.208,
          -19.41875,
          669.03
        ]
      }
    },
    {
      "type": "Feature",
      "id": "terrain-r09-c37",
      "properties": {
        "terrain_grid_id": "rey-county-semantic-terrain-v1",
        "terrain_grid_column": 37,
        "terrain_grid_row": 9,
        "terrain_grid_columns": 41,
        "terrain_grid_rows": 41,
        "terrain_grid_validity": "valid",
        "material": "rock",
        "landform": "architecture-highlands"
      },
      "geometry": {
        "type": "Point",
        "coordinates": [
          -159.186,
          -19.41875,
          650.23
        ]
      }
    },
    {
      "type": "Feature",
      "id": "terrain-r09-c38",
      "properties": {
        "terrain_grid_id": "rey-county-semantic-terrain-v1",
        "terrain_grid_column": 38,
        "terrain_grid_row": 9,
        "terrain_grid_columns": 41,
        "terrain_grid_rows": 41,
        "terrain_grid_validity": "no_data"
      },
      "geometry": {
        "type": "Point",
        "coordinates": [
          -159.164,
          -19.41875
        ]
      }
    },
    {
      "type": "Feature",
      "id": "terrain-r09-c39",
      "properties": {
        "terrain_grid_id": "rey-county-semantic-terrain-v1",
        "terrain_grid_column": 39,
        "terrain_grid_row": 9,
        "terrain_grid_columns": 41,
        "terrain_grid_rows": 41,
        "terrain_grid_validity": "no_data"
      },
      "geometry": {
        "type": "Point",
        "coordinates": [
          -159.142,
          -19.41875
        ]
      }
    },
    {
      "type": "Feature",
      "id": "terrain-r09-c40",
      "properties": {
        "terrain_grid_id": "rey-county-semantic-terrain-v1",
        "terrain_grid_column": 40,
        "terrain_grid_row": 9,
        "terrain_grid_columns": 41,
        "terrain_grid_rows": 41,
        "terrain_grid_validity": "no_data"
      },
      "geometry": {
        "type": "Point",
        "coordinates": [
          -159.12,
          -19.41875
        ]
      }
    },
    {
      "type": "Feature",
      "id": "terrain-r10-c00",
      "properties": {
        "terrain_grid_id": "rey-county-semantic-terrain-v1",
        "terrain_grid_column": 0,
        "terrain_grid_row": 10,
        "terrain_grid_columns": 41,
        "terrain_grid_rows": 41,
        "terrain_grid_validity": "no_data"
      },
      "geometry": {
        "type": "Point",
        "coordinates": [
          -160,
          -19.4375
        ]
      }
    },
    {
      "type": "Feature",
      "id": "terrain-r10-c01",
      "properties": {
        "terrain_grid_id": "rey-county-semantic-terrain-v1",
        "terrain_grid_column": 1,
        "terrain_grid_row": 10,
        "terrain_grid_columns": 41,
        "terrain_grid_rows": 41,
        "terrain_grid_validity": "no_data"
      },
      "geometry": {
        "type": "Point",
        "coordinates": [
          -159.978,
          -19.4375
        ]
      }
    },
    {
      "type": "Feature",
      "id": "terrain-r10-c02",
      "properties": {
        "terrain_grid_id": "rey-county-semantic-terrain-v1",
        "terrain_grid_column": 2,
        "terrain_grid_row": 10,
        "terrain_grid_columns": 41,
        "terrain_grid_rows": 41,
        "terrain_grid_validity": "no_data"
      },
      "geometry": {
        "type": "Point",
        "coordinates": [
          -159.956,
          -19.4375
        ]
      }
    },
    {
      "type": "Feature",
      "id": "terrain-r10-c03",
      "properties": {
        "terrain_grid_id": "rey-county-semantic-terrain-v1",
        "terrain_grid_column": 3,
        "terrain_grid_row": 10,
        "terrain_grid_columns": 41,
        "terrain_grid_rows": 41,
        "terrain_grid_validity": "no_data"
      },
      "geometry": {
        "type": "Point",
        "coordinates": [
          -159.934,
          -19.4375
        ]
      }
    },
    {
      "type": "Feature",
      "id": "terrain-r10-c04",
      "properties": {
        "terrain_grid_id": "rey-county-semantic-terrain-v1",
        "terrain_grid_column": 4,
        "terrain_grid_row": 10,
        "terrain_grid_columns": 41,
        "terrain_grid_rows": 41,
        "terrain_grid_validity": "no_data"
      },
      "geometry": {
        "type": "Point",
        "coordinates": [
          -159.912,
          -19.4375
        ]
      }
    },
    {
      "type": "Feature",
      "id": "terrain-r10-c05",
      "properties": {
        "terrain_grid_id": "rey-county-semantic-terrain-v1",
        "terrain_grid_column": 5,
        "terrain_grid_row": 10,
        "terrain_grid_columns": 41,
        "terrain_grid_rows": 41,
        "terrain_grid_validity": "valid",
        "material": "granite",
        "landform": "anchor-range"
      },
      "geometry": {
        "type": "Point",
        "coordinates": [
          -159.89,
          -19.4375,
          924.96
        ]
      }
    },
    {
      "type": "Feature",
      "id": "terrain-r10-c06",
      "properties": {
        "terrain_grid_id": "rey-county-semantic-terrain-v1",
        "terrain_grid_column": 6,
        "terrain_grid_row": 10,
        "terrain_grid_columns": 41,
        "terrain_grid_rows": 41,
        "terrain_grid_validity": "valid",
        "material": "sand",
        "landform": "anchor-range"
      },
      "geometry": {
        "type": "Point",
        "coordinates": [
          -159.868,
          -19.4375,
          946.45
        ]
      }
    },
    {
      "type": "Feature",
      "id": "terrain-r10-c07",
      "properties": {
        "terrain_grid_id": "rey-county-semantic-terrain-v1",
        "terrain_grid_column": 7,
        "terrain_grid_row": 10,
        "terrain_grid_columns": 41,
        "terrain_grid_rows": 41,
        "terrain_grid_validity": "valid",
        "material": "granite",
        "landform": "anchor-range"
      },
      "geometry": {
        "type": "Point",
        "coordinates": [
          -159.846,
          -19.4375,
          1057.75
        ]
      }
    },
    {
      "type": "Feature",
      "id": "terrain-r10-c08",
      "properties": {
        "terrain_grid_id": "rey-county-semantic-terrain-v1",
        "terrain_grid_column": 8,
        "terrain_grid_row": 10,
        "terrain_grid_columns": 41,
        "terrain_grid_rows": 41,
        "terrain_grid_validity": "valid",
        "material": "granite",
        "landform": "anchor-range"
      },
      "geometry": {
        "type": "Point",
        "coordinates": [
          -159.824,
          -19.4375,
          1197.2
        ]
      }
    },
    {
      "type": "Feature",
      "id": "terrain-r10-c09",
      "properties": {
        "terrain_grid_id": "rey-county-semantic-terrain-v1",
        "terrain_grid_column": 9,
        "terrain_grid_row": 10,
        "terrain_grid_columns": 41,
        "terrain_grid_rows": 41,
        "terrain_grid_validity": "valid",
        "material": "granite",
        "landform": "anchor-range"
      },
      "geometry": {
        "type": "Point",
        "coordinates": [
          -159.802,
          -19.4375,
          1328.61
        ]
      }
    },
    {
      "type": "Feature",
      "id": "terrain-r10-c10",
      "properties": {
        "terrain_grid_id": "rey-county-semantic-terrain-v1",
        "terrain_grid_column": 10,
        "terrain_grid_row": 10,
        "terrain_grid_columns": 41,
        "terrain_grid_rows": 41,
        "terrain_grid_validity": "valid",
        "material": "granite",
        "landform": "anchor-range"
      },
      "geometry": {
        "type": "Point",
        "coordinates": [
          -159.78,
          -19.4375,
          1401.32
        ]
      }
    },
    {
      "type": "Feature",
      "id": "terrain-r10-c11",
      "properties": {
        "terrain_grid_id": "rey-county-semantic-terrain-v1",
        "terrain_grid_column": 11,
        "terrain_grid_row": 10,
        "terrain_grid_columns": 41,
        "terrain_grid_rows": 41,
        "terrain_grid_validity": "valid",
        "material": "granite",
        "landform": "anchor-range"
      },
      "geometry": {
        "type": "Point",
        "coordinates": [
          -159.758,
          -19.4375,
          1355.17
        ]
      }
    },
    {
      "type": "Feature",
      "id": "terrain-r10-c12",
      "properties": {
        "terrain_grid_id": "rey-county-semantic-terrain-v1",
        "terrain_grid_column": 12,
        "terrain_grid_row": 10,
        "terrain_grid_columns": 41,
        "terrain_grid_rows": 41,
        "terrain_grid_validity": "valid",
        "material": "granite",
        "landform": "anchor-range"
      },
      "geometry": {
        "type": "Point",
        "coordinates": [
          -159.736,
          -19.4375,
          1278.06
        ]
      }
    },
    {
      "type": "Feature",
      "id": "terrain-r10-c13",
      "properties": {
        "terrain_grid_id": "rey-county-semantic-terrain-v1",
        "terrain_grid_column": 13,
        "terrain_grid_row": 10,
        "terrain_grid_columns": 41,
        "terrain_grid_rows": 41,
        "terrain_grid_validity": "valid",
        "material": "granite",
        "landform": "anchor-range"
      },
      "geometry": {
        "type": "Point",
        "coordinates": [
          -159.714,
          -19.4375,
          1174.76
        ]
      }
    },
    {
      "type": "Feature",
      "id": "terrain-r10-c14",
      "properties": {
        "terrain_grid_id": "rey-county-semantic-terrain-v1",
        "terrain_grid_column": 14,
        "terrain_grid_row": 10,
        "terrain_grid_columns": 41,
        "terrain_grid_rows": 41,
        "terrain_grid_validity": "valid",
        "material": "sand",
        "landform": "anchor-range"
      },
      "geometry": {
        "type": "Point",
        "coordinates": [
          -159.692,
          -19.4375,
          1094.99
        ]
      }
    },
    {
      "type": "Feature",
      "id": "terrain-r10-c15",
      "properties": {
        "terrain_grid_id": "rey-county-semantic-terrain-v1",
        "terrain_grid_column": 15,
        "terrain_grid_row": 10,
        "terrain_grid_columns": 41,
        "terrain_grid_rows": 41,
        "terrain_grid_validity": "valid",
        "material": "granite",
        "landform": "anchor-range"
      },
      "geometry": {
        "type": "Point",
        "coordinates": [
          -159.67,
          -19.4375,
          1116.85
        ]
      }
    },
    {
      "type": "Feature",
      "id": "terrain-r10-c16",
      "properties": {
        "terrain_grid_id": "rey-county-semantic-terrain-v1",
        "terrain_grid_column": 16,
        "terrain_grid_row": 10,
        "terrain_grid_columns": 41,
        "terrain_grid_rows": 41,
        "terrain_grid_validity": "valid",
        "material": "granite",
        "landform": "anchor-range"
      },
      "geometry": {
        "type": "Point",
        "coordinates": [
          -159.648,
          -19.4375,
          1149.81
        ]
      }
    },
    {
      "type": "Feature",
      "id": "terrain-r10-c17",
      "properties": {
        "terrain_grid_id": "rey-county-semantic-terrain-v1",
        "terrain_grid_column": 17,
        "terrain_grid_row": 10,
        "terrain_grid_columns": 41,
        "terrain_grid_rows": 41,
        "terrain_grid_validity": "valid",
        "material": "granite",
        "landform": "anchor-range"
      },
      "geometry": {
        "type": "Point",
        "coordinates": [
          -159.626,
          -19.4375,
          1130.85
        ]
      }
    },
    {
      "type": "Feature",
      "id": "terrain-r10-c18",
      "properties": {
        "terrain_grid_id": "rey-county-semantic-terrain-v1",
        "terrain_grid_column": 18,
        "terrain_grid_row": 10,
        "terrain_grid_columns": 41,
        "terrain_grid_rows": 41,
        "terrain_grid_validity": "valid",
        "material": "granite",
        "landform": "anchor-range"
      },
      "geometry": {
        "type": "Point",
        "coordinates": [
          -159.604,
          -19.4375,
          1127.57
        ]
      }
    },
    {
      "type": "Feature",
      "id": "terrain-r10-c19",
      "properties": {
        "terrain_grid_id": "rey-county-semantic-terrain-v1",
        "terrain_grid_column": 19,
        "terrain_grid_row": 10,
        "terrain_grid_columns": 41,
        "terrain_grid_rows": 41,
        "terrain_grid_validity": "valid",
        "material": "granite",
        "landform": "architecture-highlands"
      },
      "geometry": {
        "type": "Point",
        "coordinates": [
          -159.582,
          -19.4375,
          1102.97
        ]
      }
    },
    {
      "type": "Feature",
      "id": "terrain-r10-c20",
      "properties": {
        "terrain_grid_id": "rey-county-semantic-terrain-v1",
        "terrain_grid_column": 20,
        "terrain_grid_row": 10,
        "terrain_grid_columns": 41,
        "terrain_grid_rows": 41,
        "terrain_grid_validity": "valid",
        "material": "granite",
        "landform": "architecture-highlands"
      },
      "geometry": {
        "type": "Point",
        "coordinates": [
          -159.56,
          -19.4375,
          1085.42
        ]
      }
    },
    {
      "type": "Feature",
      "id": "terrain-r10-c21",
      "properties": {
        "terrain_grid_id": "rey-county-semantic-terrain-v1",
        "terrain_grid_column": 21,
        "terrain_grid_row": 10,
        "terrain_grid_columns": 41,
        "terrain_grid_rows": 41,
        "terrain_grid_validity": "valid",
        "material": "granite",
        "landform": "architecture-highlands"
      },
      "geometry": {
        "type": "Point",
        "coordinates": [
          -159.538,
          -19.4375,
          1054.54
        ]
      }
    },
    {
      "type": "Feature",
      "id": "terrain-r10-c22",
      "properties": {
        "terrain_grid_id": "rey-county-semantic-terrain-v1",
        "terrain_grid_column": 22,
        "terrain_grid_row": 10,
        "terrain_grid_columns": 41,
        "terrain_grid_rows": 41,
        "terrain_grid_validity": "valid",
        "material": "granite",
        "landform": "architecture-highlands"
      },
      "geometry": {
        "type": "Point",
        "coordinates": [
          -159.516,
          -19.4375,
          990.3
        ]
      }
    },
    {
      "type": "Feature",
      "id": "terrain-r10-c23",
      "properties": {
        "terrain_grid_id": "rey-county-semantic-terrain-v1",
        "terrain_grid_column": 23,
        "terrain_grid_row": 10,
        "terrain_grid_columns": 41,
        "terrain_grid_rows": 41,
        "terrain_grid_validity": "valid",
        "material": "sand",
        "landform": "architecture-highlands"
      },
      "geometry": {
        "type": "Point",
        "coordinates": [
          -159.494,
          -19.4375,
          921.68
        ]
      }
    },
    {
      "type": "Feature",
      "id": "terrain-r10-c24",
      "properties": {
        "terrain_grid_id": "rey-county-semantic-terrain-v1",
        "terrain_grid_column": 24,
        "terrain_grid_row": 10,
        "terrain_grid_columns": 41,
        "terrain_grid_rows": 41,
        "terrain_grid_validity": "valid",
        "material": "granite",
        "landform": "architecture-highlands"
      },
      "geometry": {
        "type": "Point",
        "coordinates": [
          -159.472,
          -19.4375,
          952.54
        ]
      }
    },
    {
      "type": "Feature",
      "id": "terrain-r10-c25",
      "properties": {
        "terrain_grid_id": "rey-county-semantic-terrain-v1",
        "terrain_grid_column": 25,
        "terrain_grid_row": 10,
        "terrain_grid_columns": 41,
        "terrain_grid_rows": 41,
        "terrain_grid_validity": "valid",
        "material": "granite",
        "landform": "architecture-highlands"
      },
      "geometry": {
        "type": "Point",
        "coordinates": [
          -159.45,
          -19.4375,
          933.33
        ]
      }
    },
    {
      "type": "Feature",
      "id": "terrain-r10-c26",
      "properties": {
        "terrain_grid_id": "rey-county-semantic-terrain-v1",
        "terrain_grid_column": 26,
        "terrain_grid_row": 10,
        "terrain_grid_columns": 41,
        "terrain_grid_rows": 41,
        "terrain_grid_validity": "valid",
        "material": "granite",
        "landform": "architecture-highlands"
      },
      "geometry": {
        "type": "Point",
        "coordinates": [
          -159.428,
          -19.4375,
          919.95
        ]
      }
    },
    {
      "type": "Feature",
      "id": "terrain-r10-c27",
      "properties": {
        "terrain_grid_id": "rey-county-semantic-terrain-v1",
        "terrain_grid_column": 27,
        "terrain_grid_row": 10,
        "terrain_grid_columns": 41,
        "terrain_grid_rows": 41,
        "terrain_grid_validity": "valid",
        "material": "granite",
        "landform": "architecture-highlands"
      },
      "geometry": {
        "type": "Point",
        "coordinates": [
          -159.406,
          -19.4375,
          897.07
        ]
      }
    },
    {
      "type": "Feature",
      "id": "terrain-r10-c28",
      "properties": {
        "terrain_grid_id": "rey-county-semantic-terrain-v1",
        "terrain_grid_column": 28,
        "terrain_grid_row": 10,
        "terrain_grid_columns": 41,
        "terrain_grid_rows": 41,
        "terrain_grid_validity": "valid",
        "material": "granite",
        "landform": "architecture-highlands"
      },
      "geometry": {
        "type": "Point",
        "coordinates": [
          -159.384,
          -19.4375,
          863.74
        ]
      }
    },
    {
      "type": "Feature",
      "id": "terrain-r10-c29",
      "properties": {
        "terrain_grid_id": "rey-county-semantic-terrain-v1",
        "terrain_grid_column": 29,
        "terrain_grid_row": 10,
        "terrain_grid_columns": 41,
        "terrain_grid_rows": 41,
        "terrain_grid_validity": "valid",
        "material": "rock",
        "landform": "architecture-highlands"
      },
      "geometry": {
        "type": "Point",
        "coordinates": [
          -159.362,
          -19.4375,
          842.32
        ]
      }
    },
    {
      "type": "Feature",
      "id": "terrain-r10-c30",
      "properties": {
        "terrain_grid_id": "rey-county-semantic-terrain-v1",
        "terrain_grid_column": 30,
        "terrain_grid_row": 10,
        "terrain_grid_columns": 41,
        "terrain_grid_rows": 41,
        "terrain_grid_validity": "valid",
        "material": "rock",
        "landform": "architecture-highlands"
      },
      "geometry": {
        "type": "Point",
        "coordinates": [
          -159.34,
          -19.4375,
          816.57
        ]
      }
    },
    {
      "type": "Feature",
      "id": "terrain-r10-c31",
      "properties": {
        "terrain_grid_id": "rey-county-semantic-terrain-v1",
        "terrain_grid_column": 31,
        "terrain_grid_row": 10,
        "terrain_grid_columns": 41,
        "terrain_grid_rows": 41,
        "terrain_grid_validity": "valid",
        "material": "rock",
        "landform": "architecture-highlands"
      },
      "geometry": {
        "type": "Point",
        "coordinates": [
          -159.318,
          -19.4375,
          799.76
        ]
      }
    },
    {
      "type": "Feature",
      "id": "terrain-r10-c32",
      "properties": {
        "terrain_grid_id": "rey-county-semantic-terrain-v1",
        "terrain_grid_column": 32,
        "terrain_grid_row": 10,
        "terrain_grid_columns": 41,
        "terrain_grid_rows": 41,
        "terrain_grid_validity": "valid",
        "material": "rock",
        "landform": "architecture-highlands"
      },
      "geometry": {
        "type": "Point",
        "coordinates": [
          -159.296,
          -19.4375,
          787.69
        ]
      }
    },
    {
      "type": "Feature",
      "id": "terrain-r10-c33",
      "properties": {
        "terrain_grid_id": "rey-county-semantic-terrain-v1",
        "terrain_grid_column": 33,
        "terrain_grid_row": 10,
        "terrain_grid_columns": 41,
        "terrain_grid_rows": 41,
        "terrain_grid_validity": "valid",
        "material": "rock",
        "landform": "architecture-highlands"
      },
      "geometry": {
        "type": "Point",
        "coordinates": [
          -159.274,
          -19.4375,
          762.59
        ]
      }
    },
    {
      "type": "Feature",
      "id": "terrain-r10-c34",
      "properties": {
        "terrain_grid_id": "rey-county-semantic-terrain-v1",
        "terrain_grid_column": 34,
        "terrain_grid_row": 10,
        "terrain_grid_columns": 41,
        "terrain_grid_rows": 41,
        "terrain_grid_validity": "valid",
        "material": "rock",
        "landform": "architecture-highlands"
      },
      "geometry": {
        "type": "Point",
        "coordinates": [
          -159.252,
          -19.4375,
          724.65
        ]
      }
    },
    {
      "type": "Feature",
      "id": "terrain-r10-c35",
      "properties": {
        "terrain_grid_id": "rey-county-semantic-terrain-v1",
        "terrain_grid_column": 35,
        "terrain_grid_row": 10,
        "terrain_grid_columns": 41,
        "terrain_grid_rows": 41,
        "terrain_grid_validity": "valid",
        "material": "rock",
        "landform": "architecture-highlands"
      },
      "geometry": {
        "type": "Point",
        "coordinates": [
          -159.23,
          -19.4375,
          697.56
        ]
      }
    },
    {
      "type": "Feature",
      "id": "terrain-r10-c36",
      "properties": {
        "terrain_grid_id": "rey-county-semantic-terrain-v1",
        "terrain_grid_column": 36,
        "terrain_grid_row": 10,
        "terrain_grid_columns": 41,
        "terrain_grid_rows": 41,
        "terrain_grid_validity": "valid",
        "material": "rock",
        "landform": "architecture-highlands"
      },
      "geometry": {
        "type": "Point",
        "coordinates": [
          -159.208,
          -19.4375,
          663.58
        ]
      }
    },
    {
      "type": "Feature",
      "id": "terrain-r10-c37",
      "properties": {
        "terrain_grid_id": "rey-county-semantic-terrain-v1",
        "terrain_grid_column": 37,
        "terrain_grid_row": 10,
        "terrain_grid_columns": 41,
        "terrain_grid_rows": 41,
        "terrain_grid_validity": "valid",
        "material": "rock",
        "landform": "architecture-highlands"
      },
      "geometry": {
        "type": "Point",
        "coordinates": [
          -159.186,
          -19.4375,
          643.41
        ]
      }
    },
    {
      "type": "Feature",
      "id": "terrain-r10-c38",
      "properties": {
        "terrain_grid_id": "rey-county-semantic-terrain-v1",
        "terrain_grid_column": 38,
        "terrain_grid_row": 10,
        "terrain_grid_columns": 41,
        "terrain_grid_rows": 41,
        "terrain_grid_validity": "valid",
        "material": "rock",
        "landform": "architecture-highlands"
      },
      "geometry": {
        "type": "Point",
        "coordinates": [
          -159.164,
          -19.4375,
          621.21
        ]
      }
    },
    {
      "type": "Feature",
      "id": "terrain-r10-c39",
      "properties": {
        "terrain_grid_id": "rey-county-semantic-terrain-v1",
        "terrain_grid_column": 39,
        "terrain_grid_row": 10,
        "terrain_grid_columns": 41,
        "terrain_grid_rows": 41,
        "terrain_grid_validity": "no_data"
      },
      "geometry": {
        "type": "Point",
        "coordinates": [
          -159.142,
          -19.4375
        ]
      }
    },
    {
      "type": "Feature",
      "id": "terrain-r10-c40",
      "properties": {
        "terrain_grid_id": "rey-county-semantic-terrain-v1",
        "terrain_grid_column": 40,
        "terrain_grid_row": 10,
        "terrain_grid_columns": 41,
        "terrain_grid_rows": 41,
        "terrain_grid_validity": "no_data"
      },
      "geometry": {
        "type": "Point",
        "coordinates": [
          -159.12,
          -19.4375
        ]
      }
    },
    {
      "type": "Feature",
      "id": "terrain-r11-c00",
      "properties": {
        "terrain_grid_id": "rey-county-semantic-terrain-v1",
        "terrain_grid_column": 0,
        "terrain_grid_row": 11,
        "terrain_grid_columns": 41,
        "terrain_grid_rows": 41,
        "terrain_grid_validity": "no_data"
      },
      "geometry": {
        "type": "Point",
        "coordinates": [
          -160,
          -19.45625
        ]
      }
    },
    {
      "type": "Feature",
      "id": "terrain-r11-c01",
      "properties": {
        "terrain_grid_id": "rey-county-semantic-terrain-v1",
        "terrain_grid_column": 1,
        "terrain_grid_row": 11,
        "terrain_grid_columns": 41,
        "terrain_grid_rows": 41,
        "terrain_grid_validity": "no_data"
      },
      "geometry": {
        "type": "Point",
        "coordinates": [
          -159.978,
          -19.45625
        ]
      }
    },
    {
      "type": "Feature",
      "id": "terrain-r11-c02",
      "properties": {
        "terrain_grid_id": "rey-county-semantic-terrain-v1",
        "terrain_grid_column": 2,
        "terrain_grid_row": 11,
        "terrain_grid_columns": 41,
        "terrain_grid_rows": 41,
        "terrain_grid_validity": "no_data"
      },
      "geometry": {
        "type": "Point",
        "coordinates": [
          -159.956,
          -19.45625
        ]
      }
    },
    {
      "type": "Feature",
      "id": "terrain-r11-c03",
      "properties": {
        "terrain_grid_id": "rey-county-semantic-terrain-v1",
        "terrain_grid_column": 3,
        "terrain_grid_row": 11,
        "terrain_grid_columns": 41,
        "terrain_grid_rows": 41,
        "terrain_grid_validity": "no_data"
      },
      "geometry": {
        "type": "Point",
        "coordinates": [
          -159.934,
          -19.45625
        ]
      }
    },
    {
      "type": "Feature",
      "id": "terrain-r11-c04",
      "properties": {
        "terrain_grid_id": "rey-county-semantic-terrain-v1",
        "terrain_grid_column": 4,
        "terrain_grid_row": 11,
        "terrain_grid_columns": 41,
        "terrain_grid_rows": 41,
        "terrain_grid_validity": "valid",
        "material": "granite",
        "landform": "anchor-range"
      },
      "geometry": {
        "type": "Point",
        "coordinates": [
          -159.912,
          -19.45625,
          906.63
        ]
      }
    },
    {
      "type": "Feature",
      "id": "terrain-r11-c05",
      "properties": {
        "terrain_grid_id": "rey-county-semantic-terrain-v1",
        "terrain_grid_column": 5,
        "terrain_grid_row": 11,
        "terrain_grid_columns": 41,
        "terrain_grid_rows": 41,
        "terrain_grid_validity": "valid",
        "material": "granite",
        "landform": "anchor-range"
      },
      "geometry": {
        "type": "Point",
        "coordinates": [
          -159.89,
          -19.45625,
          957.25
        ]
      }
    },
    {
      "type": "Feature",
      "id": "terrain-r11-c06",
      "properties": {
        "terrain_grid_id": "rey-county-semantic-terrain-v1",
        "terrain_grid_column": 6,
        "terrain_grid_row": 11,
        "terrain_grid_columns": 41,
        "terrain_grid_rows": 41,
        "terrain_grid_validity": "valid",
        "material": "granite",
        "landform": "anchor-range"
      },
      "geometry": {
        "type": "Point",
        "coordinates": [
          -159.868,
          -19.45625,
          996.02
        ]
      }
    },
    {
      "type": "Feature",
      "id": "terrain-r11-c07",
      "properties": {
        "terrain_grid_id": "rey-county-semantic-terrain-v1",
        "terrain_grid_column": 7,
        "terrain_grid_row": 11,
        "terrain_grid_columns": 41,
        "terrain_grid_rows": 41,
        "terrain_grid_validity": "valid",
        "material": "sand",
        "landform": "anchor-range"
      },
      "geometry": {
        "type": "Point",
        "coordinates": [
          -159.846,
          -19.45625,
          1019.12
        ]
      }
    },
    {
      "type": "Feature",
      "id": "terrain-r11-c08",
      "properties": {
        "terrain_grid_id": "rey-county-semantic-terrain-v1",
        "terrain_grid_column": 8,
        "terrain_grid_row": 11,
        "terrain_grid_columns": 41,
        "terrain_grid_rows": 41,
        "terrain_grid_validity": "valid",
        "material": "granite",
        "landform": "anchor-range"
      },
      "geometry": {
        "type": "Point",
        "coordinates": [
          -159.824,
          -19.45625,
          1129.77
        ]
      }
    },
    {
      "type": "Feature",
      "id": "terrain-r11-c09",
      "properties": {
        "terrain_grid_id": "rey-county-semantic-terrain-v1",
        "terrain_grid_column": 9,
        "terrain_grid_row": 11,
        "terrain_grid_columns": 41,
        "terrain_grid_rows": 41,
        "terrain_grid_validity": "valid",
        "material": "granite",
        "landform": "anchor-range"
      },
      "geometry": {
        "type": "Point",
        "coordinates": [
          -159.802,
          -19.45625,
          1205.31
        ]
      }
    },
    {
      "type": "Feature",
      "id": "terrain-r11-c10",
      "properties": {
        "terrain_grid_id": "rey-county-semantic-terrain-v1",
        "terrain_grid_column": 10,
        "terrain_grid_row": 11,
        "terrain_grid_columns": 41,
        "terrain_grid_rows": 41,
        "terrain_grid_validity": "valid",
        "material": "granite",
        "landform": "anchor-range"
      },
      "geometry": {
        "type": "Point",
        "coordinates": [
          -159.78,
          -19.45625,
          1250.57
        ]
      }
    },
    {
      "type": "Feature",
      "id": "terrain-r11-c11",
      "properties": {
        "terrain_grid_id": "rey-county-semantic-terrain-v1",
        "terrain_grid_column": 11,
        "terrain_grid_row": 11,
        "terrain_grid_columns": 41,
        "terrain_grid_rows": 41,
        "terrain_grid_validity": "valid",
        "material": "granite",
        "landform": "anchor-range"
      },
      "geometry": {
        "type": "Point",
        "coordinates": [
          -159.758,
          -19.45625,
          1241.3
        ]
      }
    },
    {
      "type": "Feature",
      "id": "terrain-r11-c12",
      "properties": {
        "terrain_grid_id": "rey-county-semantic-terrain-v1",
        "terrain_grid_column": 12,
        "terrain_grid_row": 11,
        "terrain_grid_columns": 41,
        "terrain_grid_rows": 41,
        "terrain_grid_validity": "valid",
        "material": "granite",
        "landform": "anchor-range"
      },
      "geometry": {
        "type": "Point",
        "coordinates": [
          -159.736,
          -19.45625,
          1219.14
        ]
      }
    },
    {
      "type": "Feature",
      "id": "terrain-r11-c13",
      "properties": {
        "terrain_grid_id": "rey-county-semantic-terrain-v1",
        "terrain_grid_column": 13,
        "terrain_grid_row": 11,
        "terrain_grid_columns": 41,
        "terrain_grid_rows": 41,
        "terrain_grid_validity": "valid",
        "material": "granite",
        "landform": "anchor-range"
      },
      "geometry": {
        "type": "Point",
        "coordinates": [
          -159.714,
          -19.45625,
          1186.08
        ]
      }
    },
    {
      "type": "Feature",
      "id": "terrain-r11-c14",
      "properties": {
        "terrain_grid_id": "rey-county-semantic-terrain-v1",
        "terrain_grid_column": 14,
        "terrain_grid_row": 11,
        "terrain_grid_columns": 41,
        "terrain_grid_rows": 41,
        "terrain_grid_validity": "valid",
        "material": "sand",
        "landform": "anchor-range"
      },
      "geometry": {
        "type": "Point",
        "coordinates": [
          -159.692,
          -19.45625,
          1116.25
        ]
      }
    },
    {
      "type": "Feature",
      "id": "terrain-r11-c15",
      "properties": {
        "terrain_grid_id": "rey-county-semantic-terrain-v1",
        "terrain_grid_column": 15,
        "terrain_grid_row": 11,
        "terrain_grid_columns": 41,
        "terrain_grid_rows": 41,
        "terrain_grid_validity": "valid",
        "material": "sand",
        "landform": "anchor-range"
      },
      "geometry": {
        "type": "Point",
        "coordinates": [
          -159.67,
          -19.45625,
          1090.86
        ]
      }
    },
    {
      "type": "Feature",
      "id": "terrain-r11-c16",
      "properties": {
        "terrain_grid_id": "rey-county-semantic-terrain-v1",
        "terrain_grid_column": 16,
        "terrain_grid_row": 11,
        "terrain_grid_columns": 41,
        "terrain_grid_rows": 41,
        "terrain_grid_validity": "valid",
        "material": "granite",
        "landform": "anchor-range"
      },
      "geometry": {
        "type": "Point",
        "coordinates": [
          -159.648,
          -19.45625,
          1134.06
        ]
      }
    },
    {
      "type": "Feature",
      "id": "terrain-r11-c17",
      "properties": {
        "terrain_grid_id": "rey-county-semantic-terrain-v1",
        "terrain_grid_column": 17,
        "terrain_grid_row": 11,
        "terrain_grid_columns": 41,
        "terrain_grid_rows": 41,
        "terrain_grid_validity": "valid",
        "material": "granite",
        "landform": "anchor-range"
      },
      "geometry": {
        "type": "Point",
        "coordinates": [
          -159.626,
          -19.45625,
          1120.02
        ]
      }
    },
    {
      "type": "Feature",
      "id": "terrain-r11-c18",
      "properties": {
        "terrain_grid_id": "rey-county-semantic-terrain-v1",
        "terrain_grid_column": 18,
        "terrain_grid_row": 11,
        "terrain_grid_columns": 41,
        "terrain_grid_rows": 41,
        "terrain_grid_validity": "valid",
        "material": "granite",
        "landform": "anchor-range"
      },
      "geometry": {
        "type": "Point",
        "coordinates": [
          -159.604,
          -19.45625,
          1093.3
        ]
      }
    },
    {
      "type": "Feature",
      "id": "terrain-r11-c19",
      "properties": {
        "terrain_grid_id": "rey-county-semantic-terrain-v1",
        "terrain_grid_column": 19,
        "terrain_grid_row": 11,
        "terrain_grid_columns": 41,
        "terrain_grid_rows": 41,
        "terrain_grid_validity": "valid",
        "material": "granite",
        "landform": "anchor-range"
      },
      "geometry": {
        "type": "Point",
        "coordinates": [
          -159.582,
          -19.45625,
          1077
        ]
      }
    },
    {
      "type": "Feature",
      "id": "terrain-r11-c20",
      "properties": {
        "terrain_grid_id": "rey-county-semantic-terrain-v1",
        "terrain_grid_column": 20,
        "terrain_grid_row": 11,
        "terrain_grid_columns": 41,
        "terrain_grid_rows": 41,
        "terrain_grid_validity": "valid",
        "material": "granite",
        "landform": "architecture-highlands"
      },
      "geometry": {
        "type": "Point",
        "coordinates": [
          -159.56,
          -19.45625,
          1045.67
        ]
      }
    },
    {
      "type": "Feature",
      "id": "terrain-r11-c21",
      "properties": {
        "terrain_grid_id": "rey-county-semantic-terrain-v1",
        "terrain_grid_column": 21,
        "terrain_grid_row": 11,
        "terrain_grid_columns": 41,
        "terrain_grid_rows": 41,
        "terrain_grid_validity": "valid",
        "material": "granite",
        "landform": "architecture-highlands"
      },
      "geometry": {
        "type": "Point",
        "coordinates": [
          -159.538,
          -19.45625,
          1016.13
        ]
      }
    },
    {
      "type": "Feature",
      "id": "terrain-r11-c22",
      "properties": {
        "terrain_grid_id": "rey-county-semantic-terrain-v1",
        "terrain_grid_column": 22,
        "terrain_grid_row": 11,
        "terrain_grid_columns": 41,
        "terrain_grid_rows": 41,
        "terrain_grid_validity": "valid",
        "material": "granite",
        "landform": "architecture-highlands"
      },
      "geometry": {
        "type": "Point",
        "coordinates": [
          -159.516,
          -19.45625,
          945.24
        ]
      }
    },
    {
      "type": "Feature",
      "id": "terrain-r11-c23",
      "properties": {
        "terrain_grid_id": "rey-county-semantic-terrain-v1",
        "terrain_grid_column": 23,
        "terrain_grid_row": 11,
        "terrain_grid_columns": 41,
        "terrain_grid_rows": 41,
        "terrain_grid_validity": "valid",
        "material": "sand",
        "landform": "architecture-highlands"
      },
      "geometry": {
        "type": "Point",
        "coordinates": [
          -159.494,
          -19.45625,
          893.87
        ]
      }
    },
    {
      "type": "Feature",
      "id": "terrain-r11-c24",
      "properties": {
        "terrain_grid_id": "rey-county-semantic-terrain-v1",
        "terrain_grid_column": 24,
        "terrain_grid_row": 11,
        "terrain_grid_columns": 41,
        "terrain_grid_rows": 41,
        "terrain_grid_validity": "valid",
        "material": "granite",
        "landform": "architecture-highlands"
      },
      "geometry": {
        "type": "Point",
        "coordinates": [
          -159.472,
          -19.45625,
          912.54
        ]
      }
    },
    {
      "type": "Feature",
      "id": "terrain-r11-c25",
      "properties": {
        "terrain_grid_id": "rey-county-semantic-terrain-v1",
        "terrain_grid_column": 25,
        "terrain_grid_row": 11,
        "terrain_grid_columns": 41,
        "terrain_grid_rows": 41,
        "terrain_grid_validity": "valid",
        "material": "granite",
        "landform": "architecture-highlands"
      },
      "geometry": {
        "type": "Point",
        "coordinates": [
          -159.45,
          -19.45625,
          906.91
        ]
      }
    },
    {
      "type": "Feature",
      "id": "terrain-r11-c26",
      "properties": {
        "terrain_grid_id": "rey-county-semantic-terrain-v1",
        "terrain_grid_column": 26,
        "terrain_grid_row": 11,
        "terrain_grid_columns": 41,
        "terrain_grid_rows": 41,
        "terrain_grid_validity": "valid",
        "material": "granite",
        "landform": "architecture-highlands"
      },
      "geometry": {
        "type": "Point",
        "coordinates": [
          -159.428,
          -19.45625,
          887.04
        ]
      }
    },
    {
      "type": "Feature",
      "id": "terrain-r11-c27",
      "properties": {
        "terrain_grid_id": "rey-county-semantic-terrain-v1",
        "terrain_grid_column": 27,
        "terrain_grid_row": 11,
        "terrain_grid_columns": 41,
        "terrain_grid_rows": 41,
        "terrain_grid_validity": "valid",
        "material": "granite",
        "landform": "architecture-highlands"
      },
      "geometry": {
        "type": "Point",
        "coordinates": [
          -159.406,
          -19.45625,
          882.85
        ]
      }
    },
    {
      "type": "Feature",
      "id": "terrain-r11-c28",
      "properties": {
        "terrain_grid_id": "rey-county-semantic-terrain-v1",
        "terrain_grid_column": 28,
        "terrain_grid_row": 11,
        "terrain_grid_columns": 41,
        "terrain_grid_rows": 41,
        "terrain_grid_validity": "valid",
        "material": "rock",
        "landform": "architecture-highlands"
      },
      "geometry": {
        "type": "Point",
        "coordinates": [
          -159.384,
          -19.45625,
          849.14
        ]
      }
    },
    {
      "type": "Feature",
      "id": "terrain-r11-c29",
      "properties": {
        "terrain_grid_id": "rey-county-semantic-terrain-v1",
        "terrain_grid_column": 29,
        "terrain_grid_row": 11,
        "terrain_grid_columns": 41,
        "terrain_grid_rows": 41,
        "terrain_grid_validity": "valid",
        "material": "rock",
        "landform": "architecture-highlands"
      },
      "geometry": {
        "type": "Point",
        "coordinates": [
          -159.362,
          -19.45625,
          823.34
        ]
      }
    },
    {
      "type": "Feature",
      "id": "terrain-r11-c30",
      "properties": {
        "terrain_grid_id": "rey-county-semantic-terrain-v1",
        "terrain_grid_column": 30,
        "terrain_grid_row": 11,
        "terrain_grid_columns": 41,
        "terrain_grid_rows": 41,
        "terrain_grid_validity": "valid",
        "material": "rock",
        "landform": "architecture-highlands"
      },
      "geometry": {
        "type": "Point",
        "coordinates": [
          -159.34,
          -19.45625,
          801.11
        ]
      }
    },
    {
      "type": "Feature",
      "id": "terrain-r11-c31",
      "properties": {
        "terrain_grid_id": "rey-county-semantic-terrain-v1",
        "terrain_grid_column": 31,
        "terrain_grid_row": 11,
        "terrain_grid_columns": 41,
        "terrain_grid_rows": 41,
        "terrain_grid_validity": "valid",
        "material": "rock",
        "landform": "architecture-highlands"
      },
      "geometry": {
        "type": "Point",
        "coordinates": [
          -159.318,
          -19.45625,
          786.89
        ]
      }
    },
    {
      "type": "Feature",
      "id": "terrain-r11-c32",
      "properties": {
        "terrain_grid_id": "rey-county-semantic-terrain-v1",
        "terrain_grid_column": 32,
        "terrain_grid_row": 11,
        "terrain_grid_columns": 41,
        "terrain_grid_rows": 41,
        "terrain_grid_validity": "valid",
        "material": "rock",
        "landform": "architecture-highlands"
      },
      "geometry": {
        "type": "Point",
        "coordinates": [
          -159.296,
          -19.45625,
          767.09
        ]
      }
    },
    {
      "type": "Feature",
      "id": "terrain-r11-c33",
      "properties": {
        "terrain_grid_id": "rey-county-semantic-terrain-v1",
        "terrain_grid_column": 33,
        "terrain_grid_row": 11,
        "terrain_grid_columns": 41,
        "terrain_grid_rows": 41,
        "terrain_grid_validity": "valid",
        "material": "rock",
        "landform": "architecture-highlands"
      },
      "geometry": {
        "type": "Point",
        "coordinates": [
          -159.274,
          -19.45625,
          749.36
        ]
      }
    },
    {
      "type": "Feature",
      "id": "terrain-r11-c34",
      "properties": {
        "terrain_grid_id": "rey-county-semantic-terrain-v1",
        "terrain_grid_column": 34,
        "terrain_grid_row": 11,
        "terrain_grid_columns": 41,
        "terrain_grid_rows": 41,
        "terrain_grid_validity": "valid",
        "material": "rock",
        "landform": "architecture-highlands"
      },
      "geometry": {
        "type": "Point",
        "coordinates": [
          -159.252,
          -19.45625,
          716.71
        ]
      }
    },
    {
      "type": "Feature",
      "id": "terrain-r11-c35",
      "properties": {
        "terrain_grid_id": "rey-county-semantic-terrain-v1",
        "terrain_grid_column": 35,
        "terrain_grid_row": 11,
        "terrain_grid_columns": 41,
        "terrain_grid_rows": 41,
        "terrain_grid_validity": "valid",
        "material": "rock",
        "landform": "architecture-highlands"
      },
      "geometry": {
        "type": "Point",
        "coordinates": [
          -159.23,
          -19.45625,
          687.36
        ]
      }
    },
    {
      "type": "Feature",
      "id": "terrain-r11-c36",
      "properties": {
        "terrain_grid_id": "rey-county-semantic-terrain-v1",
        "terrain_grid_column": 36,
        "terrain_grid_row": 11,
        "terrain_grid_columns": 41,
        "terrain_grid_rows": 41,
        "terrain_grid_validity": "valid",
        "material": "rock",
        "landform": "explorer-terraces"
      },
      "geometry": {
        "type": "Point",
        "coordinates": [
          -159.208,
          -19.45625,
          654.89
        ]
      }
    },
    {
      "type": "Feature",
      "id": "terrain-r11-c37",
      "properties": {
        "terrain_grid_id": "rey-county-semantic-terrain-v1",
        "terrain_grid_column": 37,
        "terrain_grid_row": 11,
        "terrain_grid_columns": 41,
        "terrain_grid_rows": 41,
        "terrain_grid_validity": "valid",
        "material": "rock",
        "landform": "explorer-terraces"
      },
      "geometry": {
        "type": "Point",
        "coordinates": [
          -159.186,
          -19.45625,
          628.55
        ]
      }
    },
    {
      "type": "Feature",
      "id": "terrain-r11-c38",
      "properties": {
        "terrain_grid_id": "rey-county-semantic-terrain-v1",
        "terrain_grid_column": 38,
        "terrain_grid_row": 11,
        "terrain_grid_columns": 41,
        "terrain_grid_rows": 41,
        "terrain_grid_validity": "valid",
        "material": "rock",
        "landform": "explorer-terraces"
      },
      "geometry": {
        "type": "Point",
        "coordinates": [
          -159.164,
          -19.45625,
          616.48
        ]
      }
    },
    {
      "type": "Feature",
      "id": "terrain-r11-c39",
      "properties": {
        "terrain_grid_id": "rey-county-semantic-terrain-v1",
        "terrain_grid_column": 39,
        "terrain_grid_row": 11,
        "terrain_grid_columns": 41,
        "terrain_grid_rows": 41,
        "terrain_grid_validity": "no_data"
      },
      "geometry": {
        "type": "Point",
        "coordinates": [
          -159.142,
          -19.45625
        ]
      }
    },
    {
      "type": "Feature",
      "id": "terrain-r11-c40",
      "properties": {
        "terrain_grid_id": "rey-county-semantic-terrain-v1",
        "terrain_grid_column": 40,
        "terrain_grid_row": 11,
        "terrain_grid_columns": 41,
        "terrain_grid_rows": 41,
        "terrain_grid_validity": "no_data"
      },
      "geometry": {
        "type": "Point",
        "coordinates": [
          -159.12,
          -19.45625
        ]
      }
    },
    {
      "type": "Feature",
      "id": "terrain-r12-c00",
      "properties": {
        "terrain_grid_id": "rey-county-semantic-terrain-v1",
        "terrain_grid_column": 0,
        "terrain_grid_row": 12,
        "terrain_grid_columns": 41,
        "terrain_grid_rows": 41,
        "terrain_grid_validity": "no_data"
      },
      "geometry": {
        "type": "Point",
        "coordinates": [
          -160,
          -19.475
        ]
      }
    },
    {
      "type": "Feature",
      "id": "terrain-r12-c01",
      "properties": {
        "terrain_grid_id": "rey-county-semantic-terrain-v1",
        "terrain_grid_column": 1,
        "terrain_grid_row": 12,
        "terrain_grid_columns": 41,
        "terrain_grid_rows": 41,
        "terrain_grid_validity": "no_data"
      },
      "geometry": {
        "type": "Point",
        "coordinates": [
          -159.978,
          -19.475
        ]
      }
    },
    {
      "type": "Feature",
      "id": "terrain-r12-c02",
      "properties": {
        "terrain_grid_id": "rey-county-semantic-terrain-v1",
        "terrain_grid_column": 2,
        "terrain_grid_row": 12,
        "terrain_grid_columns": 41,
        "terrain_grid_rows": 41,
        "terrain_grid_validity": "no_data"
      },
      "geometry": {
        "type": "Point",
        "coordinates": [
          -159.956,
          -19.475
        ]
      }
    },
    {
      "type": "Feature",
      "id": "terrain-r12-c03",
      "properties": {
        "terrain_grid_id": "rey-county-semantic-terrain-v1",
        "terrain_grid_column": 3,
        "terrain_grid_row": 12,
        "terrain_grid_columns": 41,
        "terrain_grid_rows": 41,
        "terrain_grid_validity": "valid",
        "material": "granite",
        "landform": "anchor-range"
      },
      "geometry": {
        "type": "Point",
        "coordinates": [
          -159.934,
          -19.475,
          873.67
        ]
      }
    },
    {
      "type": "Feature",
      "id": "terrain-r12-c04",
      "properties": {
        "terrain_grid_id": "rey-county-semantic-terrain-v1",
        "terrain_grid_column": 4,
        "terrain_grid_row": 12,
        "terrain_grid_columns": 41,
        "terrain_grid_rows": 41,
        "terrain_grid_validity": "valid",
        "material": "granite",
        "landform": "anchor-range"
      },
      "geometry": {
        "type": "Point",
        "coordinates": [
          -159.912,
          -19.475,
          918.58
        ]
      }
    },
    {
      "type": "Feature",
      "id": "terrain-r12-c05",
      "properties": {
        "terrain_grid_id": "rey-county-semantic-terrain-v1",
        "terrain_grid_column": 5,
        "terrain_grid_row": 12,
        "terrain_grid_columns": 41,
        "terrain_grid_rows": 41,
        "terrain_grid_validity": "valid",
        "material": "granite",
        "landform": "anchor-range"
      },
      "geometry": {
        "type": "Point",
        "coordinates": [
          -159.89,
          -19.475,
          963.09
        ]
      }
    },
    {
      "type": "Feature",
      "id": "terrain-r12-c06",
      "properties": {
        "terrain_grid_id": "rey-county-semantic-terrain-v1",
        "terrain_grid_column": 6,
        "terrain_grid_row": 12,
        "terrain_grid_columns": 41,
        "terrain_grid_rows": 41,
        "terrain_grid_validity": "valid",
        "material": "granite",
        "landform": "anchor-range"
      },
      "geometry": {
        "type": "Point",
        "coordinates": [
          -159.868,
          -19.475,
          1020.2
        ]
      }
    },
    {
      "type": "Feature",
      "id": "terrain-r12-c07",
      "properties": {
        "terrain_grid_id": "rey-county-semantic-terrain-v1",
        "terrain_grid_column": 7,
        "terrain_grid_row": 12,
        "terrain_grid_columns": 41,
        "terrain_grid_rows": 41,
        "terrain_grid_validity": "valid",
        "material": "granite",
        "landform": "anchor-range"
      },
      "geometry": {
        "type": "Point",
        "coordinates": [
          -159.846,
          -19.475,
          1047.36
        ]
      }
    },
    {
      "type": "Feature",
      "id": "terrain-r12-c08",
      "properties": {
        "terrain_grid_id": "rey-county-semantic-terrain-v1",
        "terrain_grid_column": 8,
        "terrain_grid_row": 12,
        "terrain_grid_columns": 41,
        "terrain_grid_rows": 41,
        "terrain_grid_validity": "valid",
        "material": "sand",
        "landform": "anchor-range"
      },
      "geometry": {
        "type": "Point",
        "coordinates": [
          -159.824,
          -19.475,
          1075.76
        ]
      }
    },
    {
      "type": "Feature",
      "id": "terrain-r12-c09",
      "properties": {
        "terrain_grid_id": "rey-county-semantic-terrain-v1",
        "terrain_grid_column": 9,
        "terrain_grid_row": 12,
        "terrain_grid_columns": 41,
        "terrain_grid_rows": 41,
        "terrain_grid_validity": "valid",
        "material": "granite",
        "landform": "anchor-range"
      },
      "geometry": {
        "type": "Point",
        "coordinates": [
          -159.802,
          -19.475,
          1156.65
        ]
      }
    },
    {
      "type": "Feature",
      "id": "terrain-r12-c10",
      "properties": {
        "terrain_grid_id": "rey-county-semantic-terrain-v1",
        "terrain_grid_column": 10,
        "terrain_grid_row": 12,
        "terrain_grid_columns": 41,
        "terrain_grid_rows": 41,
        "terrain_grid_validity": "valid",
        "material": "granite",
        "landform": "anchor-range"
      },
      "geometry": {
        "type": "Point",
        "coordinates": [
          -159.78,
          -19.475,
          1189.33
        ]
      }
    },
    {
      "type": "Feature",
      "id": "terrain-r12-c11",
      "properties": {
        "terrain_grid_id": "rey-county-semantic-terrain-v1",
        "terrain_grid_column": 11,
        "terrain_grid_row": 12,
        "terrain_grid_columns": 41,
        "terrain_grid_rows": 41,
        "terrain_grid_validity": "valid",
        "material": "granite",
        "landform": "anchor-range"
      },
      "geometry": {
        "type": "Point",
        "coordinates": [
          -159.758,
          -19.475,
          1200.24
        ]
      }
    },
    {
      "type": "Feature",
      "id": "terrain-r12-c12",
      "properties": {
        "terrain_grid_id": "rey-county-semantic-terrain-v1",
        "terrain_grid_column": 12,
        "terrain_grid_row": 12,
        "terrain_grid_columns": 41,
        "terrain_grid_rows": 41,
        "terrain_grid_validity": "valid",
        "material": "granite",
        "landform": "anchor-range"
      },
      "geometry": {
        "type": "Point",
        "coordinates": [
          -159.736,
          -19.475,
          1192.9
        ]
      }
    },
    {
      "type": "Feature",
      "id": "terrain-r12-c13",
      "properties": {
        "terrain_grid_id": "rey-county-semantic-terrain-v1",
        "terrain_grid_column": 13,
        "terrain_grid_row": 12,
        "terrain_grid_columns": 41,
        "terrain_grid_rows": 41,
        "terrain_grid_validity": "valid",
        "material": "granite",
        "landform": "anchor-range"
      },
      "geometry": {
        "type": "Point",
        "coordinates": [
          -159.714,
          -19.475,
          1177.27
        ]
      }
    },
    {
      "type": "Feature",
      "id": "terrain-r12-c14",
      "properties": {
        "terrain_grid_id": "rey-county-semantic-terrain-v1",
        "terrain_grid_column": 14,
        "terrain_grid_row": 12,
        "terrain_grid_columns": 41,
        "terrain_grid_rows": 41,
        "terrain_grid_validity": "valid",
        "material": "granite",
        "landform": "anchor-range"
      },
      "geometry": {
        "type": "Point",
        "coordinates": [
          -159.692,
          -19.475,
          1120.7
        ]
      }
    },
    {
      "type": "Feature",
      "id": "terrain-r12-c15",
      "properties": {
        "terrain_grid_id": "rey-county-semantic-terrain-v1",
        "terrain_grid_column": 15,
        "terrain_grid_row": 12,
        "terrain_grid_columns": 41,
        "terrain_grid_rows": 41,
        "terrain_grid_validity": "valid",
        "material": "sand",
        "landform": "anchor-range"
      },
      "geometry": {
        "type": "Point",
        "coordinates": [
          -159.67,
          -19.475,
          1057.85
        ]
      }
    },
    {
      "type": "Feature",
      "id": "terrain-r12-c16",
      "properties": {
        "terrain_grid_id": "rey-county-semantic-terrain-v1",
        "terrain_grid_column": 16,
        "terrain_grid_row": 12,
        "terrain_grid_columns": 41,
        "terrain_grid_rows": 41,
        "terrain_grid_validity": "valid",
        "material": "granite",
        "landform": "anchor-range"
      },
      "geometry": {
        "type": "Point",
        "coordinates": [
          -159.648,
          -19.475,
          1068.8
        ]
      }
    },
    {
      "type": "Feature",
      "id": "terrain-r12-c17",
      "properties": {
        "terrain_grid_id": "rey-county-semantic-terrain-v1",
        "terrain_grid_column": 17,
        "terrain_grid_row": 12,
        "terrain_grid_columns": 41,
        "terrain_grid_rows": 41,
        "terrain_grid_validity": "valid",
        "material": "granite",
        "landform": "anchor-range"
      },
      "geometry": {
        "type": "Point",
        "coordinates": [
          -159.626,
          -19.475,
          1080.48
        ]
      }
    },
    {
      "type": "Feature",
      "id": "terrain-r12-c18",
      "properties": {
        "terrain_grid_id": "rey-county-semantic-terrain-v1",
        "terrain_grid_column": 18,
        "terrain_grid_row": 12,
        "terrain_grid_columns": 41,
        "terrain_grid_rows": 41,
        "terrain_grid_validity": "valid",
        "material": "granite",
        "landform": "anchor-range"
      },
      "geometry": {
        "type": "Point",
        "coordinates": [
          -159.604,
          -19.475,
          1036.62
        ]
      }
    },
    {
      "type": "Feature",
      "id": "terrain-r12-c19",
      "properties": {
        "terrain_grid_id": "rey-county-semantic-terrain-v1",
        "terrain_grid_column": 19,
        "terrain_grid_row": 12,
        "terrain_grid_columns": 41,
        "terrain_grid_rows": 41,
        "terrain_grid_validity": "valid",
        "material": "granite",
        "landform": "anchor-range"
      },
      "geometry": {
        "type": "Point",
        "coordinates": [
          -159.582,
          -19.475,
          1015.12
        ]
      }
    },
    {
      "type": "Feature",
      "id": "terrain-r12-c20",
      "properties": {
        "terrain_grid_id": "rey-county-semantic-terrain-v1",
        "terrain_grid_column": 20,
        "terrain_grid_row": 12,
        "terrain_grid_columns": 41,
        "terrain_grid_rows": 41,
        "terrain_grid_validity": "valid",
        "material": "granite",
        "landform": "architecture-highlands"
      },
      "geometry": {
        "type": "Point",
        "coordinates": [
          -159.56,
          -19.475,
          990.64
        ]
      }
    },
    {
      "type": "Feature",
      "id": "terrain-r12-c21",
      "properties": {
        "terrain_grid_id": "rey-county-semantic-terrain-v1",
        "terrain_grid_column": 21,
        "terrain_grid_row": 12,
        "terrain_grid_columns": 41,
        "terrain_grid_rows": 41,
        "terrain_grid_validity": "valid",
        "material": "granite",
        "landform": "architecture-highlands"
      },
      "geometry": {
        "type": "Point",
        "coordinates": [
          -159.538,
          -19.475,
          957.55
        ]
      }
    },
    {
      "type": "Feature",
      "id": "terrain-r12-c22",
      "properties": {
        "terrain_grid_id": "rey-county-semantic-terrain-v1",
        "terrain_grid_column": 22,
        "terrain_grid_row": 12,
        "terrain_grid_columns": 41,
        "terrain_grid_rows": 41,
        "terrain_grid_validity": "valid",
        "material": "sand",
        "landform": "architecture-highlands"
      },
      "geometry": {
        "type": "Point",
        "coordinates": [
          -159.516,
          -19.475,
          879.15
        ]
      }
    },
    {
      "type": "Feature",
      "id": "terrain-r12-c23",
      "properties": {
        "terrain_grid_id": "rey-county-semantic-terrain-v1",
        "terrain_grid_column": 23,
        "terrain_grid_row": 12,
        "terrain_grid_columns": 41,
        "terrain_grid_rows": 41,
        "terrain_grid_validity": "valid",
        "material": "granite",
        "landform": "architecture-highlands"
      },
      "geometry": {
        "type": "Point",
        "coordinates": [
          -159.494,
          -19.475,
          880.82
        ]
      }
    },
    {
      "type": "Feature",
      "id": "terrain-r12-c24",
      "properties": {
        "terrain_grid_id": "rey-county-semantic-terrain-v1",
        "terrain_grid_column": 24,
        "terrain_grid_row": 12,
        "terrain_grid_columns": 41,
        "terrain_grid_rows": 41,
        "terrain_grid_validity": "valid",
        "material": "granite",
        "landform": "architecture-highlands"
      },
      "geometry": {
        "type": "Point",
        "coordinates": [
          -159.472,
          -19.475,
          867.71
        ]
      }
    },
    {
      "type": "Feature",
      "id": "terrain-r12-c25",
      "properties": {
        "terrain_grid_id": "rey-county-semantic-terrain-v1",
        "terrain_grid_column": 25,
        "terrain_grid_row": 12,
        "terrain_grid_columns": 41,
        "terrain_grid_rows": 41,
        "terrain_grid_validity": "valid",
        "material": "granite",
        "landform": "architecture-highlands"
      },
      "geometry": {
        "type": "Point",
        "coordinates": [
          -159.45,
          -19.475,
          863.6
        ]
      }
    },
    {
      "type": "Feature",
      "id": "terrain-r12-c26",
      "properties": {
        "terrain_grid_id": "rey-county-semantic-terrain-v1",
        "terrain_grid_column": 26,
        "terrain_grid_row": 12,
        "terrain_grid_columns": 41,
        "terrain_grid_rows": 41,
        "terrain_grid_validity": "valid",
        "material": "rock",
        "landform": "architecture-highlands"
      },
      "geometry": {
        "type": "Point",
        "coordinates": [
          -159.428,
          -19.475,
          854.99
        ]
      }
    },
    {
      "type": "Feature",
      "id": "terrain-r12-c27",
      "properties": {
        "terrain_grid_id": "rey-county-semantic-terrain-v1",
        "terrain_grid_column": 27,
        "terrain_grid_row": 12,
        "terrain_grid_columns": 41,
        "terrain_grid_rows": 41,
        "terrain_grid_validity": "valid",
        "material": "rock",
        "landform": "architecture-highlands"
      },
      "geometry": {
        "type": "Point",
        "coordinates": [
          -159.406,
          -19.475,
          840.83
        ]
      }
    },
    {
      "type": "Feature",
      "id": "terrain-r12-c28",
      "properties": {
        "terrain_grid_id": "rey-county-semantic-terrain-v1",
        "terrain_grid_column": 28,
        "terrain_grid_row": 12,
        "terrain_grid_columns": 41,
        "terrain_grid_rows": 41,
        "terrain_grid_validity": "valid",
        "material": "rock",
        "landform": "architecture-highlands"
      },
      "geometry": {
        "type": "Point",
        "coordinates": [
          -159.384,
          -19.475,
          824.88
        ]
      }
    },
    {
      "type": "Feature",
      "id": "terrain-r12-c29",
      "properties": {
        "terrain_grid_id": "rey-county-semantic-terrain-v1",
        "terrain_grid_column": 29,
        "terrain_grid_row": 12,
        "terrain_grid_columns": 41,
        "terrain_grid_rows": 41,
        "terrain_grid_validity": "valid",
        "material": "rock",
        "landform": "architecture-highlands"
      },
      "geometry": {
        "type": "Point",
        "coordinates": [
          -159.362,
          -19.475,
          796.05
        ]
      }
    },
    {
      "type": "Feature",
      "id": "terrain-r12-c30",
      "properties": {
        "terrain_grid_id": "rey-county-semantic-terrain-v1",
        "terrain_grid_column": 30,
        "terrain_grid_row": 12,
        "terrain_grid_columns": 41,
        "terrain_grid_rows": 41,
        "terrain_grid_validity": "valid",
        "material": "rock",
        "landform": "architecture-highlands"
      },
      "geometry": {
        "type": "Point",
        "coordinates": [
          -159.34,
          -19.475,
          771.47
        ]
      }
    },
    {
      "type": "Feature",
      "id": "terrain-r12-c31",
      "properties": {
        "terrain_grid_id": "rey-county-semantic-terrain-v1",
        "terrain_grid_column": 31,
        "terrain_grid_row": 12,
        "terrain_grid_columns": 41,
        "terrain_grid_rows": 41,
        "terrain_grid_validity": "valid",
        "material": "rock",
        "landform": "architecture-highlands"
      },
      "geometry": {
        "type": "Point",
        "coordinates": [
          -159.318,
          -19.475,
          759.45
        ]
      }
    },
    {
      "type": "Feature",
      "id": "terrain-r12-c32",
      "properties": {
        "terrain_grid_id": "rey-county-semantic-terrain-v1",
        "terrain_grid_column": 32,
        "terrain_grid_row": 12,
        "terrain_grid_columns": 41,
        "terrain_grid_rows": 41,
        "terrain_grid_validity": "valid",
        "material": "rock",
        "landform": "architecture-highlands"
      },
      "geometry": {
        "type": "Point",
        "coordinates": [
          -159.296,
          -19.475,
          740.55
        ]
      }
    },
    {
      "type": "Feature",
      "id": "terrain-r12-c33",
      "properties": {
        "terrain_grid_id": "rey-county-semantic-terrain-v1",
        "terrain_grid_column": 33,
        "terrain_grid_row": 12,
        "terrain_grid_columns": 41,
        "terrain_grid_rows": 41,
        "terrain_grid_validity": "valid",
        "material": "rock",
        "landform": "explorer-terraces"
      },
      "geometry": {
        "type": "Point",
        "coordinates": [
          -159.274,
          -19.475,
          721.93
        ]
      }
    },
    {
      "type": "Feature",
      "id": "terrain-r12-c34",
      "properties": {
        "terrain_grid_id": "rey-county-semantic-terrain-v1",
        "terrain_grid_column": 34,
        "terrain_grid_row": 12,
        "terrain_grid_columns": 41,
        "terrain_grid_rows": 41,
        "terrain_grid_validity": "valid",
        "material": "rock",
        "landform": "explorer-terraces"
      },
      "geometry": {
        "type": "Point",
        "coordinates": [
          -159.252,
          -19.475,
          702.4
        ]
      }
    },
    {
      "type": "Feature",
      "id": "terrain-r12-c35",
      "properties": {
        "terrain_grid_id": "rey-county-semantic-terrain-v1",
        "terrain_grid_column": 35,
        "terrain_grid_row": 12,
        "terrain_grid_columns": 41,
        "terrain_grid_rows": 41,
        "terrain_grid_validity": "valid",
        "material": "rock",
        "landform": "explorer-terraces"
      },
      "geometry": {
        "type": "Point",
        "coordinates": [
          -159.23,
          -19.475,
          669.88
        ]
      }
    },
    {
      "type": "Feature",
      "id": "terrain-r12-c36",
      "properties": {
        "terrain_grid_id": "rey-county-semantic-terrain-v1",
        "terrain_grid_column": 36,
        "terrain_grid_row": 12,
        "terrain_grid_columns": 41,
        "terrain_grid_rows": 41,
        "terrain_grid_validity": "valid",
        "material": "rock",
        "landform": "explorer-terraces"
      },
      "geometry": {
        "type": "Point",
        "coordinates": [
          -159.208,
          -19.475,
          647.79
        ]
      }
    },
    {
      "type": "Feature",
      "id": "terrain-r12-c37",
      "properties": {
        "terrain_grid_id": "rey-county-semantic-terrain-v1",
        "terrain_grid_column": 37,
        "terrain_grid_row": 12,
        "terrain_grid_columns": 41,
        "terrain_grid_rows": 41,
        "terrain_grid_validity": "valid",
        "material": "rock",
        "landform": "explorer-terraces"
      },
      "geometry": {
        "type": "Point",
        "coordinates": [
          -159.186,
          -19.475,
          623.99
        ]
      }
    },
    {
      "type": "Feature",
      "id": "terrain-r12-c38",
      "properties": {
        "terrain_grid_id": "rey-county-semantic-terrain-v1",
        "terrain_grid_column": 38,
        "terrain_grid_row": 12,
        "terrain_grid_columns": 41,
        "terrain_grid_rows": 41,
        "terrain_grid_validity": "valid",
        "material": "vegetation",
        "landform": "explorer-terraces"
      },
      "geometry": {
        "type": "Point",
        "coordinates": [
          -159.164,
          -19.475,
          606.43
        ]
      }
    },
    {
      "type": "Feature",
      "id": "terrain-r12-c39",
      "properties": {
        "terrain_grid_id": "rey-county-semantic-terrain-v1",
        "terrain_grid_column": 39,
        "terrain_grid_row": 12,
        "terrain_grid_columns": 41,
        "terrain_grid_rows": 41,
        "terrain_grid_validity": "no_data"
      },
      "geometry": {
        "type": "Point",
        "coordinates": [
          -159.142,
          -19.475
        ]
      }
    },
    {
      "type": "Feature",
      "id": "terrain-r12-c40",
      "properties": {
        "terrain_grid_id": "rey-county-semantic-terrain-v1",
        "terrain_grid_column": 40,
        "terrain_grid_row": 12,
        "terrain_grid_columns": 41,
        "terrain_grid_rows": 41,
        "terrain_grid_validity": "no_data"
      },
      "geometry": {
        "type": "Point",
        "coordinates": [
          -159.12,
          -19.475
        ]
      }
    },
    {
      "type": "Feature",
      "id": "terrain-r13-c00",
      "properties": {
        "terrain_grid_id": "rey-county-semantic-terrain-v1",
        "terrain_grid_column": 0,
        "terrain_grid_row": 13,
        "terrain_grid_columns": 41,
        "terrain_grid_rows": 41,
        "terrain_grid_validity": "no_data"
      },
      "geometry": {
        "type": "Point",
        "coordinates": [
          -160,
          -19.49375
        ]
      }
    },
    {
      "type": "Feature",
      "id": "terrain-r13-c01",
      "properties": {
        "terrain_grid_id": "rey-county-semantic-terrain-v1",
        "terrain_grid_column": 1,
        "terrain_grid_row": 13,
        "terrain_grid_columns": 41,
        "terrain_grid_rows": 41,
        "terrain_grid_validity": "no_data"
      },
      "geometry": {
        "type": "Point",
        "coordinates": [
          -159.978,
          -19.49375
        ]
      }
    },
    {
      "type": "Feature",
      "id": "terrain-r13-c02",
      "properties": {
        "terrain_grid_id": "rey-county-semantic-terrain-v1",
        "terrain_grid_column": 2,
        "terrain_grid_row": 13,
        "terrain_grid_columns": 41,
        "terrain_grid_rows": 41,
        "terrain_grid_validity": "no_data"
      },
      "geometry": {
        "type": "Point",
        "coordinates": [
          -159.956,
          -19.49375
        ]
      }
    },
    {
      "type": "Feature",
      "id": "terrain-r13-c03",
      "properties": {
        "terrain_grid_id": "rey-county-semantic-terrain-v1",
        "terrain_grid_column": 3,
        "terrain_grid_row": 13,
        "terrain_grid_columns": 41,
        "terrain_grid_rows": 41,
        "terrain_grid_validity": "valid",
        "material": "granite",
        "landform": "anchor-range"
      },
      "geometry": {
        "type": "Point",
        "coordinates": [
          -159.934,
          -19.49375,
          875.57
        ]
      }
    },
    {
      "type": "Feature",
      "id": "terrain-r13-c04",
      "properties": {
        "terrain_grid_id": "rey-county-semantic-terrain-v1",
        "terrain_grid_column": 4,
        "terrain_grid_row": 13,
        "terrain_grid_columns": 41,
        "terrain_grid_rows": 41,
        "terrain_grid_validity": "valid",
        "material": "granite",
        "landform": "anchor-range"
      },
      "geometry": {
        "type": "Point",
        "coordinates": [
          -159.912,
          -19.49375,
          926.7
        ]
      }
    },
    {
      "type": "Feature",
      "id": "terrain-r13-c05",
      "properties": {
        "terrain_grid_id": "rey-county-semantic-terrain-v1",
        "terrain_grid_column": 5,
        "terrain_grid_row": 13,
        "terrain_grid_columns": 41,
        "terrain_grid_rows": 41,
        "terrain_grid_validity": "valid",
        "material": "granite",
        "landform": "anchor-range"
      },
      "geometry": {
        "type": "Point",
        "coordinates": [
          -159.89,
          -19.49375,
          968.03
        ]
      }
    },
    {
      "type": "Feature",
      "id": "terrain-r13-c06",
      "properties": {
        "terrain_grid_id": "rey-county-semantic-terrain-v1",
        "terrain_grid_column": 6,
        "terrain_grid_row": 13,
        "terrain_grid_columns": 41,
        "terrain_grid_rows": 41,
        "terrain_grid_validity": "valid",
        "material": "granite",
        "landform": "anchor-range"
      },
      "geometry": {
        "type": "Point",
        "coordinates": [
          -159.868,
          -19.49375,
          1018.09
        ]
      }
    },
    {
      "type": "Feature",
      "id": "terrain-r13-c07",
      "properties": {
        "terrain_grid_id": "rey-county-semantic-terrain-v1",
        "terrain_grid_column": 7,
        "terrain_grid_row": 13,
        "terrain_grid_columns": 41,
        "terrain_grid_rows": 41,
        "terrain_grid_validity": "valid",
        "material": "granite",
        "landform": "anchor-range"
      },
      "geometry": {
        "type": "Point",
        "coordinates": [
          -159.846,
          -19.49375,
          1074.72
        ]
      }
    },
    {
      "type": "Feature",
      "id": "terrain-r13-c08",
      "properties": {
        "terrain_grid_id": "rey-county-semantic-terrain-v1",
        "terrain_grid_column": 8,
        "terrain_grid_row": 13,
        "terrain_grid_columns": 41,
        "terrain_grid_rows": 41,
        "terrain_grid_validity": "valid",
        "material": "granite",
        "landform": "anchor-range"
      },
      "geometry": {
        "type": "Point",
        "coordinates": [
          -159.824,
          -19.49375,
          1088.69
        ]
      }
    },
    {
      "type": "Feature",
      "id": "terrain-r13-c09",
      "properties": {
        "terrain_grid_id": "rey-county-semantic-terrain-v1",
        "terrain_grid_column": 9,
        "terrain_grid_row": 13,
        "terrain_grid_columns": 41,
        "terrain_grid_rows": 41,
        "terrain_grid_validity": "valid",
        "material": "sand",
        "landform": "anchor-range"
      },
      "geometry": {
        "type": "Point",
        "coordinates": [
          -159.802,
          -19.49375,
          1112.98
        ]
      }
    },
    {
      "type": "Feature",
      "id": "terrain-r13-c10",
      "properties": {
        "terrain_grid_id": "rey-county-semantic-terrain-v1",
        "terrain_grid_column": 10,
        "terrain_grid_row": 13,
        "terrain_grid_columns": 41,
        "terrain_grid_rows": 41,
        "terrain_grid_validity": "valid",
        "material": "granite",
        "landform": "anchor-range"
      },
      "geometry": {
        "type": "Point",
        "coordinates": [
          -159.78,
          -19.49375,
          1164.32
        ]
      }
    },
    {
      "type": "Feature",
      "id": "terrain-r13-c11",
      "properties": {
        "terrain_grid_id": "rey-county-semantic-terrain-v1",
        "terrain_grid_column": 11,
        "terrain_grid_row": 13,
        "terrain_grid_columns": 41,
        "terrain_grid_rows": 41,
        "terrain_grid_validity": "valid",
        "material": "granite",
        "landform": "anchor-range"
      },
      "geometry": {
        "type": "Point",
        "coordinates": [
          -159.758,
          -19.49375,
          1171.72
        ]
      }
    },
    {
      "type": "Feature",
      "id": "terrain-r13-c12",
      "properties": {
        "terrain_grid_id": "rey-county-semantic-terrain-v1",
        "terrain_grid_column": 12,
        "terrain_grid_row": 13,
        "terrain_grid_columns": 41,
        "terrain_grid_rows": 41,
        "terrain_grid_validity": "valid",
        "material": "granite",
        "landform": "anchor-range"
      },
      "geometry": {
        "type": "Point",
        "coordinates": [
          -159.736,
          -19.49375,
          1162.41
        ]
      }
    },
    {
      "type": "Feature",
      "id": "terrain-r13-c13",
      "properties": {
        "terrain_grid_id": "rey-county-semantic-terrain-v1",
        "terrain_grid_column": 13,
        "terrain_grid_row": 13,
        "terrain_grid_columns": 41,
        "terrain_grid_rows": 41,
        "terrain_grid_validity": "valid",
        "material": "granite",
        "landform": "anchor-range"
      },
      "geometry": {
        "type": "Point",
        "coordinates": [
          -159.714,
          -19.49375,
          1146.59
        ]
      }
    },
    {
      "type": "Feature",
      "id": "terrain-r13-c14",
      "properties": {
        "terrain_grid_id": "rey-county-semantic-terrain-v1",
        "terrain_grid_column": 14,
        "terrain_grid_row": 13,
        "terrain_grid_columns": 41,
        "terrain_grid_rows": 41,
        "terrain_grid_validity": "valid",
        "material": "granite",
        "landform": "anchor-range"
      },
      "geometry": {
        "type": "Point",
        "coordinates": [
          -159.692,
          -19.49375,
          1089.35
        ]
      }
    },
    {
      "type": "Feature",
      "id": "terrain-r13-c15",
      "properties": {
        "terrain_grid_id": "rey-county-semantic-terrain-v1",
        "terrain_grid_column": 15,
        "terrain_grid_row": 13,
        "terrain_grid_columns": 41,
        "terrain_grid_rows": 41,
        "terrain_grid_validity": "valid",
        "material": "sand",
        "landform": "anchor-range"
      },
      "geometry": {
        "type": "Point",
        "coordinates": [
          -159.67,
          -19.49375,
          1013.29
        ]
      }
    },
    {
      "type": "Feature",
      "id": "terrain-r13-c16",
      "properties": {
        "terrain_grid_id": "rey-county-semantic-terrain-v1",
        "terrain_grid_column": 16,
        "terrain_grid_row": 13,
        "terrain_grid_columns": 41,
        "terrain_grid_rows": 41,
        "terrain_grid_validity": "valid",
        "material": "granite",
        "landform": "anchor-range"
      },
      "geometry": {
        "type": "Point",
        "coordinates": [
          -159.648,
          -19.49375,
          981.63
        ]
      }
    },
    {
      "type": "Feature",
      "id": "terrain-r13-c17",
      "properties": {
        "terrain_grid_id": "rey-county-semantic-terrain-v1",
        "terrain_grid_column": 17,
        "terrain_grid_row": 13,
        "terrain_grid_columns": 41,
        "terrain_grid_rows": 41,
        "terrain_grid_validity": "valid",
        "material": "granite",
        "landform": "anchor-range"
      },
      "geometry": {
        "type": "Point",
        "coordinates": [
          -159.626,
          -19.49375,
          1000.59
        ]
      }
    },
    {
      "type": "Feature",
      "id": "terrain-r13-c18",
      "properties": {
        "terrain_grid_id": "rey-county-semantic-terrain-v1",
        "terrain_grid_column": 18,
        "terrain_grid_row": 13,
        "terrain_grid_columns": 41,
        "terrain_grid_rows": 41,
        "terrain_grid_validity": "valid",
        "material": "granite",
        "landform": "anchor-range"
      },
      "geometry": {
        "type": "Point",
        "coordinates": [
          -159.604,
          -19.49375,
          978.1
        ]
      }
    },
    {
      "type": "Feature",
      "id": "terrain-r13-c19",
      "properties": {
        "terrain_grid_id": "rey-county-semantic-terrain-v1",
        "terrain_grid_column": 19,
        "terrain_grid_row": 13,
        "terrain_grid_columns": 41,
        "terrain_grid_rows": 41,
        "terrain_grid_validity": "valid",
        "material": "granite",
        "landform": "anchor-range"
      },
      "geometry": {
        "type": "Point",
        "coordinates": [
          -159.582,
          -19.49375,
          940.93
        ]
      }
    },
    {
      "type": "Feature",
      "id": "terrain-r13-c20",
      "properties": {
        "terrain_grid_id": "rey-county-semantic-terrain-v1",
        "terrain_grid_column": 20,
        "terrain_grid_row": 13,
        "terrain_grid_columns": 41,
        "terrain_grid_rows": 41,
        "terrain_grid_validity": "valid",
        "material": "granite",
        "landform": "architecture-highlands"
      },
      "geometry": {
        "type": "Point",
        "coordinates": [
          -159.56,
          -19.49375,
          922.27
        ]
      }
    },
    {
      "type": "Feature",
      "id": "terrain-r13-c21",
      "properties": {
        "terrain_grid_id": "rey-county-semantic-terrain-v1",
        "terrain_grid_column": 21,
        "terrain_grid_row": 13,
        "terrain_grid_columns": 41,
        "terrain_grid_rows": 41,
        "terrain_grid_validity": "valid",
        "material": "granite",
        "landform": "architecture-highlands"
      },
      "geometry": {
        "type": "Point",
        "coordinates": [
          -159.538,
          -19.49375,
          885.15
        ]
      }
    },
    {
      "type": "Feature",
      "id": "terrain-r13-c22",
      "properties": {
        "terrain_grid_id": "rey-county-semantic-terrain-v1",
        "terrain_grid_column": 22,
        "terrain_grid_row": 13,
        "terrain_grid_columns": 41,
        "terrain_grid_rows": 41,
        "terrain_grid_validity": "valid",
        "material": "sand",
        "landform": "architecture-highlands"
      },
      "geometry": {
        "type": "Point",
        "coordinates": [
          -159.516,
          -19.49375,
          818.63
        ]
      }
    },
    {
      "type": "Feature",
      "id": "terrain-r13-c23",
      "properties": {
        "terrain_grid_id": "rey-county-semantic-terrain-v1",
        "terrain_grid_column": 23,
        "terrain_grid_row": 13,
        "terrain_grid_columns": 41,
        "terrain_grid_rows": 41,
        "terrain_grid_validity": "valid",
        "material": "rock",
        "landform": "architecture-highlands"
      },
      "geometry": {
        "type": "Point",
        "coordinates": [
          -159.494,
          -19.49375,
          841.75
        ]
      }
    },
    {
      "type": "Feature",
      "id": "terrain-r13-c24",
      "properties": {
        "terrain_grid_id": "rey-county-semantic-terrain-v1",
        "terrain_grid_column": 24,
        "terrain_grid_row": 13,
        "terrain_grid_columns": 41,
        "terrain_grid_rows": 41,
        "terrain_grid_validity": "valid",
        "material": "rock",
        "landform": "architecture-highlands"
      },
      "geometry": {
        "type": "Point",
        "coordinates": [
          -159.472,
          -19.49375,
          822.6
        ]
      }
    },
    {
      "type": "Feature",
      "id": "terrain-r13-c25",
      "properties": {
        "terrain_grid_id": "rey-county-semantic-terrain-v1",
        "terrain_grid_column": 25,
        "terrain_grid_row": 13,
        "terrain_grid_columns": 41,
        "terrain_grid_rows": 41,
        "terrain_grid_validity": "valid",
        "material": "rock",
        "landform": "architecture-highlands"
      },
      "geometry": {
        "type": "Point",
        "coordinates": [
          -159.45,
          -19.49375,
          799.71
        ]
      }
    },
    {
      "type": "Feature",
      "id": "terrain-r13-c26",
      "properties": {
        "terrain_grid_id": "rey-county-semantic-terrain-v1",
        "terrain_grid_column": 26,
        "terrain_grid_row": 13,
        "terrain_grid_columns": 41,
        "terrain_grid_rows": 41,
        "terrain_grid_validity": "valid",
        "material": "rock",
        "landform": "architecture-highlands"
      },
      "geometry": {
        "type": "Point",
        "coordinates": [
          -159.428,
          -19.49375,
          800.82
        ]
      }
    },
    {
      "type": "Feature",
      "id": "terrain-r13-c27",
      "properties": {
        "terrain_grid_id": "rey-county-semantic-terrain-v1",
        "terrain_grid_column": 27,
        "terrain_grid_row": 13,
        "terrain_grid_columns": 41,
        "terrain_grid_rows": 41,
        "terrain_grid_validity": "valid",
        "material": "rock",
        "landform": "architecture-highlands"
      },
      "geometry": {
        "type": "Point",
        "coordinates": [
          -159.406,
          -19.49375,
          790.03
        ]
      }
    },
    {
      "type": "Feature",
      "id": "terrain-r13-c28",
      "properties": {
        "terrain_grid_id": "rey-county-semantic-terrain-v1",
        "terrain_grid_column": 28,
        "terrain_grid_row": 13,
        "terrain_grid_columns": 41,
        "terrain_grid_rows": 41,
        "terrain_grid_validity": "valid",
        "material": "rock",
        "landform": "architecture-highlands"
      },
      "geometry": {
        "type": "Point",
        "coordinates": [
          -159.384,
          -19.49375,
          776.38
        ]
      }
    },
    {
      "type": "Feature",
      "id": "terrain-r13-c29",
      "properties": {
        "terrain_grid_id": "rey-county-semantic-terrain-v1",
        "terrain_grid_column": 29,
        "terrain_grid_row": 13,
        "terrain_grid_columns": 41,
        "terrain_grid_rows": 41,
        "terrain_grid_validity": "valid",
        "material": "rock",
        "landform": "architecture-highlands"
      },
      "geometry": {
        "type": "Point",
        "coordinates": [
          -159.362,
          -19.49375,
          761.42
        ]
      }
    },
    {
      "type": "Feature",
      "id": "terrain-r13-c30",
      "properties": {
        "terrain_grid_id": "rey-county-semantic-terrain-v1",
        "terrain_grid_column": 30,
        "terrain_grid_row": 13,
        "terrain_grid_columns": 41,
        "terrain_grid_rows": 41,
        "terrain_grid_validity": "valid",
        "material": "rock",
        "landform": "architecture-highlands"
      },
      "geometry": {
        "type": "Point",
        "coordinates": [
          -159.34,
          -19.49375,
          737.33
        ]
      }
    },
    {
      "type": "Feature",
      "id": "terrain-r13-c31",
      "properties": {
        "terrain_grid_id": "rey-county-semantic-terrain-v1",
        "terrain_grid_column": 31,
        "terrain_grid_row": 13,
        "terrain_grid_columns": 41,
        "terrain_grid_rows": 41,
        "terrain_grid_validity": "valid",
        "material": "rock",
        "landform": "explorer-terraces"
      },
      "geometry": {
        "type": "Point",
        "coordinates": [
          -159.318,
          -19.49375,
          716.59
        ]
      }
    },
    {
      "type": "Feature",
      "id": "terrain-r13-c32",
      "properties": {
        "terrain_grid_id": "rey-county-semantic-terrain-v1",
        "terrain_grid_column": 32,
        "terrain_grid_row": 13,
        "terrain_grid_columns": 41,
        "terrain_grid_rows": 41,
        "terrain_grid_validity": "valid",
        "material": "rock",
        "landform": "explorer-terraces"
      },
      "geometry": {
        "type": "Point",
        "coordinates": [
          -159.296,
          -19.49375,
          713.15
        ]
      }
    },
    {
      "type": "Feature",
      "id": "terrain-r13-c33",
      "properties": {
        "terrain_grid_id": "rey-county-semantic-terrain-v1",
        "terrain_grid_column": 33,
        "terrain_grid_row": 13,
        "terrain_grid_columns": 41,
        "terrain_grid_rows": 41,
        "terrain_grid_validity": "valid",
        "material": "rock",
        "landform": "explorer-terraces"
      },
      "geometry": {
        "type": "Point",
        "coordinates": [
          -159.274,
          -19.49375,
          693.95
        ]
      }
    },
    {
      "type": "Feature",
      "id": "terrain-r13-c34",
      "properties": {
        "terrain_grid_id": "rey-county-semantic-terrain-v1",
        "terrain_grid_column": 34,
        "terrain_grid_row": 13,
        "terrain_grid_columns": 41,
        "terrain_grid_rows": 41,
        "terrain_grid_validity": "valid",
        "material": "rock",
        "landform": "explorer-terraces"
      },
      "geometry": {
        "type": "Point",
        "coordinates": [
          -159.252,
          -19.49375,
          680.51
        ]
      }
    },
    {
      "type": "Feature",
      "id": "terrain-r13-c35",
      "properties": {
        "terrain_grid_id": "rey-county-semantic-terrain-v1",
        "terrain_grid_column": 35,
        "terrain_grid_row": 13,
        "terrain_grid_columns": 41,
        "terrain_grid_rows": 41,
        "terrain_grid_validity": "valid",
        "material": "rock",
        "landform": "explorer-terraces"
      },
      "geometry": {
        "type": "Point",
        "coordinates": [
          -159.23,
          -19.49375,
          663.6
        ]
      }
    },
    {
      "type": "Feature",
      "id": "terrain-r13-c36",
      "properties": {
        "terrain_grid_id": "rey-county-semantic-terrain-v1",
        "terrain_grid_column": 36,
        "terrain_grid_row": 13,
        "terrain_grid_columns": 41,
        "terrain_grid_rows": 41,
        "terrain_grid_validity": "valid",
        "material": "rock",
        "landform": "explorer-terraces"
      },
      "geometry": {
        "type": "Point",
        "coordinates": [
          -159.208,
          -19.49375,
          631.96
        ]
      }
    },
    {
      "type": "Feature",
      "id": "terrain-r13-c37",
      "properties": {
        "terrain_grid_id": "rey-county-semantic-terrain-v1",
        "terrain_grid_column": 37,
        "terrain_grid_row": 13,
        "terrain_grid_columns": 41,
        "terrain_grid_rows": 41,
        "terrain_grid_validity": "valid",
        "material": "rock",
        "landform": "explorer-terraces"
      },
      "geometry": {
        "type": "Point",
        "coordinates": [
          -159.186,
          -19.49375,
          619.56
        ]
      }
    },
    {
      "type": "Feature",
      "id": "terrain-r13-c38",
      "properties": {
        "terrain_grid_id": "rey-county-semantic-terrain-v1",
        "terrain_grid_column": 38,
        "terrain_grid_row": 13,
        "terrain_grid_columns": 41,
        "terrain_grid_rows": 41,
        "terrain_grid_validity": "valid",
        "material": "vegetation",
        "landform": "explorer-terraces"
      },
      "geometry": {
        "type": "Point",
        "coordinates": [
          -159.164,
          -19.49375,
          602.51
        ]
      }
    },
    {
      "type": "Feature",
      "id": "terrain-r13-c39",
      "properties": {
        "terrain_grid_id": "rey-county-semantic-terrain-v1",
        "terrain_grid_column": 39,
        "terrain_grid_row": 13,
        "terrain_grid_columns": 41,
        "terrain_grid_rows": 41,
        "terrain_grid_validity": "no_data"
      },
      "geometry": {
        "type": "Point",
        "coordinates": [
          -159.142,
          -19.49375
        ]
      }
    },
    {
      "type": "Feature",
      "id": "terrain-r13-c40",
      "properties": {
        "terrain_grid_id": "rey-county-semantic-terrain-v1",
        "terrain_grid_column": 40,
        "terrain_grid_row": 13,
        "terrain_grid_columns": 41,
        "terrain_grid_rows": 41,
        "terrain_grid_validity": "no_data"
      },
      "geometry": {
        "type": "Point",
        "coordinates": [
          -159.12,
          -19.49375
        ]
      }
    },
    {
      "type": "Feature",
      "id": "terrain-r14-c00",
      "properties": {
        "terrain_grid_id": "rey-county-semantic-terrain-v1",
        "terrain_grid_column": 0,
        "terrain_grid_row": 14,
        "terrain_grid_columns": 41,
        "terrain_grid_rows": 41,
        "terrain_grid_validity": "no_data"
      },
      "geometry": {
        "type": "Point",
        "coordinates": [
          -160,
          -19.5125
        ]
      }
    },
    {
      "type": "Feature",
      "id": "terrain-r14-c01",
      "properties": {
        "terrain_grid_id": "rey-county-semantic-terrain-v1",
        "terrain_grid_column": 1,
        "terrain_grid_row": 14,
        "terrain_grid_columns": 41,
        "terrain_grid_rows": 41,
        "terrain_grid_validity": "no_data"
      },
      "geometry": {
        "type": "Point",
        "coordinates": [
          -159.978,
          -19.5125
        ]
      }
    },
    {
      "type": "Feature",
      "id": "terrain-r14-c02",
      "properties": {
        "terrain_grid_id": "rey-county-semantic-terrain-v1",
        "terrain_grid_column": 2,
        "terrain_grid_row": 14,
        "terrain_grid_columns": 41,
        "terrain_grid_rows": 41,
        "terrain_grid_validity": "no_data"
      },
      "geometry": {
        "type": "Point",
        "coordinates": [
          -159.956,
          -19.5125
        ]
      }
    },
    {
      "type": "Feature",
      "id": "terrain-r14-c03",
      "properties": {
        "terrain_grid_id": "rey-county-semantic-terrain-v1",
        "terrain_grid_column": 3,
        "terrain_grid_row": 14,
        "terrain_grid_columns": 41,
        "terrain_grid_rows": 41,
        "terrain_grid_validity": "valid",
        "material": "granite",
        "landform": "anchor-range"
      },
      "geometry": {
        "type": "Point",
        "coordinates": [
          -159.934,
          -19.5125,
          874.16
        ]
      }
    },
    {
      "type": "Feature",
      "id": "terrain-r14-c04",
      "properties": {
        "terrain_grid_id": "rey-county-semantic-terrain-v1",
        "terrain_grid_column": 4,
        "terrain_grid_row": 14,
        "terrain_grid_columns": 41,
        "terrain_grid_rows": 41,
        "terrain_grid_validity": "valid",
        "material": "granite",
        "landform": "anchor-range"
      },
      "geometry": {
        "type": "Point",
        "coordinates": [
          -159.912,
          -19.5125,
          926.39
        ]
      }
    },
    {
      "type": "Feature",
      "id": "terrain-r14-c05",
      "properties": {
        "terrain_grid_id": "rey-county-semantic-terrain-v1",
        "terrain_grid_column": 5,
        "terrain_grid_row": 14,
        "terrain_grid_columns": 41,
        "terrain_grid_rows": 41,
        "terrain_grid_validity": "valid",
        "material": "granite",
        "landform": "anchor-range"
      },
      "geometry": {
        "type": "Point",
        "coordinates": [
          -159.89,
          -19.5125,
          977.28
        ]
      }
    },
    {
      "type": "Feature",
      "id": "terrain-r14-c06",
      "properties": {
        "terrain_grid_id": "rey-county-semantic-terrain-v1",
        "terrain_grid_column": 6,
        "terrain_grid_row": 14,
        "terrain_grid_columns": 41,
        "terrain_grid_rows": 41,
        "terrain_grid_validity": "valid",
        "material": "granite",
        "landform": "anchor-range"
      },
      "geometry": {
        "type": "Point",
        "coordinates": [
          -159.868,
          -19.5125,
          1010.83
        ]
      }
    },
    {
      "type": "Feature",
      "id": "terrain-r14-c07",
      "properties": {
        "terrain_grid_id": "rey-county-semantic-terrain-v1",
        "terrain_grid_column": 7,
        "terrain_grid_row": 14,
        "terrain_grid_columns": 41,
        "terrain_grid_rows": 41,
        "terrain_grid_validity": "valid",
        "material": "granite",
        "landform": "anchor-range"
      },
      "geometry": {
        "type": "Point",
        "coordinates": [
          -159.846,
          -19.5125,
          1067.09
        ]
      }
    },
    {
      "type": "Feature",
      "id": "terrain-r14-c08",
      "properties": {
        "terrain_grid_id": "rey-county-semantic-terrain-v1",
        "terrain_grid_column": 8,
        "terrain_grid_row": 14,
        "terrain_grid_columns": 41,
        "terrain_grid_rows": 41,
        "terrain_grid_validity": "valid",
        "material": "granite",
        "landform": "anchor-range"
      },
      "geometry": {
        "type": "Point",
        "coordinates": [
          -159.824,
          -19.5125,
          1102.64
        ]
      }
    },
    {
      "type": "Feature",
      "id": "terrain-r14-c09",
      "properties": {
        "terrain_grid_id": "rey-county-semantic-terrain-v1",
        "terrain_grid_column": 9,
        "terrain_grid_row": 14,
        "terrain_grid_columns": 41,
        "terrain_grid_rows": 41,
        "terrain_grid_validity": "valid",
        "material": "sand",
        "landform": "anchor-range"
      },
      "geometry": {
        "type": "Point",
        "coordinates": [
          -159.802,
          -19.5125,
          1095.12
        ]
      }
    },
    {
      "type": "Feature",
      "id": "terrain-r14-c10",
      "properties": {
        "terrain_grid_id": "rey-county-semantic-terrain-v1",
        "terrain_grid_column": 10,
        "terrain_grid_row": 14,
        "terrain_grid_columns": 41,
        "terrain_grid_rows": 41,
        "terrain_grid_validity": "valid",
        "material": "sand",
        "landform": "anchor-range"
      },
      "geometry": {
        "type": "Point",
        "coordinates": [
          -159.78,
          -19.5125,
          1105.8
        ]
      }
    },
    {
      "type": "Feature",
      "id": "terrain-r14-c11",
      "properties": {
        "terrain_grid_id": "rey-county-semantic-terrain-v1",
        "terrain_grid_column": 11,
        "terrain_grid_row": 14,
        "terrain_grid_columns": 41,
        "terrain_grid_rows": 41,
        "terrain_grid_validity": "valid",
        "material": "granite",
        "landform": "anchor-range"
      },
      "geometry": {
        "type": "Point",
        "coordinates": [
          -159.758,
          -19.5125,
          1128.98
        ]
      }
    },
    {
      "type": "Feature",
      "id": "terrain-r14-c12",
      "properties": {
        "terrain_grid_id": "rey-county-semantic-terrain-v1",
        "terrain_grid_column": 12,
        "terrain_grid_row": 14,
        "terrain_grid_columns": 41,
        "terrain_grid_rows": 41,
        "terrain_grid_validity": "valid",
        "material": "granite",
        "landform": "anchor-range"
      },
      "geometry": {
        "type": "Point",
        "coordinates": [
          -159.736,
          -19.5125,
          1107.03
        ]
      }
    },
    {
      "type": "Feature",
      "id": "terrain-r14-c13",
      "properties": {
        "terrain_grid_id": "rey-county-semantic-terrain-v1",
        "terrain_grid_column": 13,
        "terrain_grid_row": 14,
        "terrain_grid_columns": 41,
        "terrain_grid_rows": 41,
        "terrain_grid_validity": "valid",
        "material": "granite",
        "landform": "anchor-range"
      },
      "geometry": {
        "type": "Point",
        "coordinates": [
          -159.714,
          -19.5125,
          1088.5
        ]
      }
    },
    {
      "type": "Feature",
      "id": "terrain-r14-c14",
      "properties": {
        "terrain_grid_id": "rey-county-semantic-terrain-v1",
        "terrain_grid_column": 14,
        "terrain_grid_row": 14,
        "terrain_grid_columns": 41,
        "terrain_grid_rows": 41,
        "terrain_grid_validity": "valid",
        "material": "granite",
        "landform": "anchor-range"
      },
      "geometry": {
        "type": "Point",
        "coordinates": [
          -159.692,
          -19.5125,
          1042.05
        ]
      }
    },
    {
      "type": "Feature",
      "id": "terrain-r14-c15",
      "properties": {
        "terrain_grid_id": "rey-county-semantic-terrain-v1",
        "terrain_grid_column": 15,
        "terrain_grid_row": 14,
        "terrain_grid_columns": 41,
        "terrain_grid_rows": 41,
        "terrain_grid_validity": "valid",
        "material": "granite",
        "landform": "anchor-range"
      },
      "geometry": {
        "type": "Point",
        "coordinates": [
          -159.67,
          -19.5125,
          955.06
        ]
      }
    },
    {
      "type": "Feature",
      "id": "terrain-r14-c16",
      "properties": {
        "terrain_grid_id": "rey-county-semantic-terrain-v1",
        "terrain_grid_column": 16,
        "terrain_grid_row": 14,
        "terrain_grid_columns": 41,
        "terrain_grid_rows": 41,
        "terrain_grid_validity": "valid",
        "material": "sand",
        "landform": "anchor-range"
      },
      "geometry": {
        "type": "Point",
        "coordinates": [
          -159.648,
          -19.5125,
          899.14
        ]
      }
    },
    {
      "type": "Feature",
      "id": "terrain-r14-c17",
      "properties": {
        "terrain_grid_id": "rey-county-semantic-terrain-v1",
        "terrain_grid_column": 17,
        "terrain_grid_row": 14,
        "terrain_grid_columns": 41,
        "terrain_grid_rows": 41,
        "terrain_grid_validity": "valid",
        "material": "granite",
        "landform": "anchor-range"
      },
      "geometry": {
        "type": "Point",
        "coordinates": [
          -159.626,
          -19.5125,
          903.38
        ]
      }
    },
    {
      "type": "Feature",
      "id": "terrain-r14-c18",
      "properties": {
        "terrain_grid_id": "rey-county-semantic-terrain-v1",
        "terrain_grid_column": 18,
        "terrain_grid_row": 14,
        "terrain_grid_columns": 41,
        "terrain_grid_rows": 41,
        "terrain_grid_validity": "valid",
        "material": "granite",
        "landform": "anchor-range"
      },
      "geometry": {
        "type": "Point",
        "coordinates": [
          -159.604,
          -19.5125,
          904.82
        ]
      }
    },
    {
      "type": "Feature",
      "id": "terrain-r14-c19",
      "properties": {
        "terrain_grid_id": "rey-county-semantic-terrain-v1",
        "terrain_grid_column": 19,
        "terrain_grid_row": 14,
        "terrain_grid_columns": 41,
        "terrain_grid_rows": 41,
        "terrain_grid_validity": "valid",
        "material": "granite",
        "landform": "anchor-range"
      },
      "geometry": {
        "type": "Point",
        "coordinates": [
          -159.582,
          -19.5125,
          871.11
        ]
      }
    },
    {
      "type": "Feature",
      "id": "terrain-r14-c20",
      "properties": {
        "terrain_grid_id": "rey-county-semantic-terrain-v1",
        "terrain_grid_column": 20,
        "terrain_grid_row": 14,
        "terrain_grid_columns": 41,
        "terrain_grid_rows": 41,
        "terrain_grid_validity": "valid",
        "material": "rock",
        "landform": "anchor-range"
      },
      "geometry": {
        "type": "Point",
        "coordinates": [
          -159.56,
          -19.5125,
          844.5
        ]
      }
    },
    {
      "type": "Feature",
      "id": "terrain-r14-c21",
      "properties": {
        "terrain_grid_id": "rey-county-semantic-terrain-v1",
        "terrain_grid_column": 21,
        "terrain_grid_row": 14,
        "terrain_grid_columns": 41,
        "terrain_grid_rows": 41,
        "terrain_grid_validity": "valid",
        "material": "sand",
        "landform": "architecture-highlands"
      },
      "geometry": {
        "type": "Point",
        "coordinates": [
          -159.538,
          -19.5125,
          789.54
        ]
      }
    },
    {
      "type": "Feature",
      "id": "terrain-r14-c22",
      "properties": {
        "terrain_grid_id": "rey-county-semantic-terrain-v1",
        "terrain_grid_column": 22,
        "terrain_grid_row": 14,
        "terrain_grid_columns": 41,
        "terrain_grid_rows": 41,
        "terrain_grid_validity": "valid",
        "material": "rock",
        "landform": "architecture-highlands"
      },
      "geometry": {
        "type": "Point",
        "coordinates": [
          -159.516,
          -19.5125,
          774.42
        ]
      }
    },
    {
      "type": "Feature",
      "id": "terrain-r14-c23",
      "properties": {
        "terrain_grid_id": "rey-county-semantic-terrain-v1",
        "terrain_grid_column": 23,
        "terrain_grid_row": 14,
        "terrain_grid_columns": 41,
        "terrain_grid_rows": 41,
        "terrain_grid_validity": "valid",
        "material": "rock",
        "landform": "architecture-highlands"
      },
      "geometry": {
        "type": "Point",
        "coordinates": [
          -159.494,
          -19.5125,
          775.93
        ]
      }
    },
    {
      "type": "Feature",
      "id": "terrain-r14-c24",
      "properties": {
        "terrain_grid_id": "rey-county-semantic-terrain-v1",
        "terrain_grid_column": 24,
        "terrain_grid_row": 14,
        "terrain_grid_columns": 41,
        "terrain_grid_rows": 41,
        "terrain_grid_validity": "valid",
        "material": "rock",
        "landform": "architecture-highlands"
      },
      "geometry": {
        "type": "Point",
        "coordinates": [
          -159.472,
          -19.5125,
          763.4
        ]
      }
    },
    {
      "type": "Feature",
      "id": "terrain-r14-c25",
      "properties": {
        "terrain_grid_id": "rey-county-semantic-terrain-v1",
        "terrain_grid_column": 25,
        "terrain_grid_row": 14,
        "terrain_grid_columns": 41,
        "terrain_grid_rows": 41,
        "terrain_grid_validity": "valid",
        "material": "rock",
        "landform": "architecture-highlands"
      },
      "geometry": {
        "type": "Point",
        "coordinates": [
          -159.45,
          -19.5125,
          737.88
        ]
      }
    },
    {
      "type": "Feature",
      "id": "terrain-r14-c26",
      "properties": {
        "terrain_grid_id": "rey-county-semantic-terrain-v1",
        "terrain_grid_column": 26,
        "terrain_grid_row": 14,
        "terrain_grid_columns": 41,
        "terrain_grid_rows": 41,
        "terrain_grid_validity": "valid",
        "material": "rock",
        "landform": "architecture-highlands"
      },
      "geometry": {
        "type": "Point",
        "coordinates": [
          -159.428,
          -19.5125,
          727.69
        ]
      }
    },
    {
      "type": "Feature",
      "id": "terrain-r14-c27",
      "properties": {
        "terrain_grid_id": "rey-county-semantic-terrain-v1",
        "terrain_grid_column": 27,
        "terrain_grid_row": 14,
        "terrain_grid_columns": 41,
        "terrain_grid_rows": 41,
        "terrain_grid_validity": "valid",
        "material": "rock",
        "landform": "architecture-highlands"
      },
      "geometry": {
        "type": "Point",
        "coordinates": [
          -159.406,
          -19.5125,
          727.45
        ]
      }
    },
    {
      "type": "Feature",
      "id": "terrain-r14-c28",
      "properties": {
        "terrain_grid_id": "rey-county-semantic-terrain-v1",
        "terrain_grid_column": 28,
        "terrain_grid_row": 14,
        "terrain_grid_columns": 41,
        "terrain_grid_rows": 41,
        "terrain_grid_validity": "valid",
        "material": "rock",
        "landform": "architecture-highlands"
      },
      "geometry": {
        "type": "Point",
        "coordinates": [
          -159.384,
          -19.5125,
          721.47
        ]
      }
    },
    {
      "type": "Feature",
      "id": "terrain-r14-c29",
      "properties": {
        "terrain_grid_id": "rey-county-semantic-terrain-v1",
        "terrain_grid_column": 29,
        "terrain_grid_row": 14,
        "terrain_grid_columns": 41,
        "terrain_grid_rows": 41,
        "terrain_grid_validity": "valid",
        "material": "rock",
        "landform": "explorer-terraces"
      },
      "geometry": {
        "type": "Point",
        "coordinates": [
          -159.362,
          -19.5125,
          713.12
        ]
      }
    },
    {
      "type": "Feature",
      "id": "terrain-r14-c30",
      "properties": {
        "terrain_grid_id": "rey-county-semantic-terrain-v1",
        "terrain_grid_column": 30,
        "terrain_grid_row": 14,
        "terrain_grid_columns": 41,
        "terrain_grid_rows": 41,
        "terrain_grid_validity": "valid",
        "material": "rock",
        "landform": "explorer-terraces"
      },
      "geometry": {
        "type": "Point",
        "coordinates": [
          -159.34,
          -19.5125,
          697.42
        ]
      }
    },
    {
      "type": "Feature",
      "id": "terrain-r14-c31",
      "properties": {
        "terrain_grid_id": "rey-county-semantic-terrain-v1",
        "terrain_grid_column": 31,
        "terrain_grid_row": 14,
        "terrain_grid_columns": 41,
        "terrain_grid_rows": 41,
        "terrain_grid_validity": "valid",
        "material": "rock",
        "landform": "explorer-terraces"
      },
      "geometry": {
        "type": "Point",
        "coordinates": [
          -159.318,
          -19.5125,
          677.24
        ]
      }
    },
    {
      "type": "Feature",
      "id": "terrain-r14-c32",
      "properties": {
        "terrain_grid_id": "rey-county-semantic-terrain-v1",
        "terrain_grid_column": 32,
        "terrain_grid_row": 14,
        "terrain_grid_columns": 41,
        "terrain_grid_rows": 41,
        "terrain_grid_validity": "valid",
        "material": "rock",
        "landform": "explorer-terraces"
      },
      "geometry": {
        "type": "Point",
        "coordinates": [
          -159.296,
          -19.5125,
          673.86
        ]
      }
    },
    {
      "type": "Feature",
      "id": "terrain-r14-c33",
      "properties": {
        "terrain_grid_id": "rey-county-semantic-terrain-v1",
        "terrain_grid_column": 33,
        "terrain_grid_row": 14,
        "terrain_grid_columns": 41,
        "terrain_grid_rows": 41,
        "terrain_grid_validity": "valid",
        "material": "rock",
        "landform": "explorer-terraces"
      },
      "geometry": {
        "type": "Point",
        "coordinates": [
          -159.274,
          -19.5125,
          670.98
        ]
      }
    },
    {
      "type": "Feature",
      "id": "terrain-r14-c34",
      "properties": {
        "terrain_grid_id": "rey-county-semantic-terrain-v1",
        "terrain_grid_column": 34,
        "terrain_grid_row": 14,
        "terrain_grid_columns": 41,
        "terrain_grid_rows": 41,
        "terrain_grid_validity": "valid",
        "material": "rock",
        "landform": "explorer-terraces"
      },
      "geometry": {
        "type": "Point",
        "coordinates": [
          -159.252,
          -19.5125,
          651.81
        ]
      }
    },
    {
      "type": "Feature",
      "id": "terrain-r14-c35",
      "properties": {
        "terrain_grid_id": "rey-county-semantic-terrain-v1",
        "terrain_grid_column": 35,
        "terrain_grid_row": 14,
        "terrain_grid_columns": 41,
        "terrain_grid_rows": 41,
        "terrain_grid_validity": "valid",
        "material": "rock",
        "landform": "explorer-terraces"
      },
      "geometry": {
        "type": "Point",
        "coordinates": [
          -159.23,
          -19.5125,
          643.29
        ]
      }
    },
    {
      "type": "Feature",
      "id": "terrain-r14-c36",
      "properties": {
        "terrain_grid_id": "rey-county-semantic-terrain-v1",
        "terrain_grid_column": 36,
        "terrain_grid_row": 14,
        "terrain_grid_columns": 41,
        "terrain_grid_rows": 41,
        "terrain_grid_validity": "valid",
        "material": "rock",
        "landform": "explorer-terraces"
      },
      "geometry": {
        "type": "Point",
        "coordinates": [
          -159.208,
          -19.5125,
          618.95
        ]
      }
    },
    {
      "type": "Feature",
      "id": "terrain-r14-c37",
      "properties": {
        "terrain_grid_id": "rey-county-semantic-terrain-v1",
        "terrain_grid_column": 37,
        "terrain_grid_row": 14,
        "terrain_grid_columns": 41,
        "terrain_grid_rows": 41,
        "terrain_grid_validity": "valid",
        "material": "vegetation",
        "landform": "explorer-terraces"
      },
      "geometry": {
        "type": "Point",
        "coordinates": [
          -159.186,
          -19.5125,
          600.54
        ]
      }
    },
    {
      "type": "Feature",
      "id": "terrain-r14-c38",
      "properties": {
        "terrain_grid_id": "rey-county-semantic-terrain-v1",
        "terrain_grid_column": 38,
        "terrain_grid_row": 14,
        "terrain_grid_columns": 41,
        "terrain_grid_rows": 41,
        "terrain_grid_validity": "valid",
        "material": "vegetation",
        "landform": "explorer-terraces"
      },
      "geometry": {
        "type": "Point",
        "coordinates": [
          -159.164,
          -19.5125,
          592.94
        ]
      }
    },
    {
      "type": "Feature",
      "id": "terrain-r14-c39",
      "properties": {
        "terrain_grid_id": "rey-county-semantic-terrain-v1",
        "terrain_grid_column": 39,
        "terrain_grid_row": 14,
        "terrain_grid_columns": 41,
        "terrain_grid_rows": 41,
        "terrain_grid_validity": "no_data"
      },
      "geometry": {
        "type": "Point",
        "coordinates": [
          -159.142,
          -19.5125
        ]
      }
    },
    {
      "type": "Feature",
      "id": "terrain-r14-c40",
      "properties": {
        "terrain_grid_id": "rey-county-semantic-terrain-v1",
        "terrain_grid_column": 40,
        "terrain_grid_row": 14,
        "terrain_grid_columns": 41,
        "terrain_grid_rows": 41,
        "terrain_grid_validity": "no_data"
      },
      "geometry": {
        "type": "Point",
        "coordinates": [
          -159.12,
          -19.5125
        ]
      }
    },
    {
      "type": "Feature",
      "id": "terrain-r15-c00",
      "properties": {
        "terrain_grid_id": "rey-county-semantic-terrain-v1",
        "terrain_grid_column": 0,
        "terrain_grid_row": 15,
        "terrain_grid_columns": 41,
        "terrain_grid_rows": 41,
        "terrain_grid_validity": "no_data"
      },
      "geometry": {
        "type": "Point",
        "coordinates": [
          -160,
          -19.53125
        ]
      }
    },
    {
      "type": "Feature",
      "id": "terrain-r15-c01",
      "properties": {
        "terrain_grid_id": "rey-county-semantic-terrain-v1",
        "terrain_grid_column": 1,
        "terrain_grid_row": 15,
        "terrain_grid_columns": 41,
        "terrain_grid_rows": 41,
        "terrain_grid_validity": "no_data"
      },
      "geometry": {
        "type": "Point",
        "coordinates": [
          -159.978,
          -19.53125
        ]
      }
    },
    {
      "type": "Feature",
      "id": "terrain-r15-c02",
      "properties": {
        "terrain_grid_id": "rey-county-semantic-terrain-v1",
        "terrain_grid_column": 2,
        "terrain_grid_row": 15,
        "terrain_grid_columns": 41,
        "terrain_grid_rows": 41,
        "terrain_grid_validity": "no_data"
      },
      "geometry": {
        "type": "Point",
        "coordinates": [
          -159.956,
          -19.53125
        ]
      }
    },
    {
      "type": "Feature",
      "id": "terrain-r15-c03",
      "properties": {
        "terrain_grid_id": "rey-county-semantic-terrain-v1",
        "terrain_grid_column": 3,
        "terrain_grid_row": 15,
        "terrain_grid_columns": 41,
        "terrain_grid_rows": 41,
        "terrain_grid_validity": "valid",
        "material": "granite",
        "landform": "anchor-range"
      },
      "geometry": {
        "type": "Point",
        "coordinates": [
          -159.934,
          -19.53125,
          872.73
        ]
      }
    },
    {
      "type": "Feature",
      "id": "terrain-r15-c04",
      "properties": {
        "terrain_grid_id": "rey-county-semantic-terrain-v1",
        "terrain_grid_column": 4,
        "terrain_grid_row": 15,
        "terrain_grid_columns": 41,
        "terrain_grid_rows": 41,
        "terrain_grid_validity": "valid",
        "material": "granite",
        "landform": "anchor-range"
      },
      "geometry": {
        "type": "Point",
        "coordinates": [
          -159.912,
          -19.53125,
          921.57
        ]
      }
    },
    {
      "type": "Feature",
      "id": "terrain-r15-c05",
      "properties": {
        "terrain_grid_id": "rey-county-semantic-terrain-v1",
        "terrain_grid_column": 5,
        "terrain_grid_row": 15,
        "terrain_grid_columns": 41,
        "terrain_grid_rows": 41,
        "terrain_grid_validity": "valid",
        "material": "granite",
        "landform": "anchor-range"
      },
      "geometry": {
        "type": "Point",
        "coordinates": [
          -159.89,
          -19.53125,
          969.97
        ]
      }
    },
    {
      "type": "Feature",
      "id": "terrain-r15-c06",
      "properties": {
        "terrain_grid_id": "rey-county-semantic-terrain-v1",
        "terrain_grid_column": 6,
        "terrain_grid_row": 15,
        "terrain_grid_columns": 41,
        "terrain_grid_rows": 41,
        "terrain_grid_validity": "valid",
        "material": "granite",
        "landform": "anchor-range"
      },
      "geometry": {
        "type": "Point",
        "coordinates": [
          -159.868,
          -19.53125,
          1004.81
        ]
      }
    },
    {
      "type": "Feature",
      "id": "terrain-r15-c07",
      "properties": {
        "terrain_grid_id": "rey-county-semantic-terrain-v1",
        "terrain_grid_column": 7,
        "terrain_grid_row": 15,
        "terrain_grid_columns": 41,
        "terrain_grid_rows": 41,
        "terrain_grid_validity": "valid",
        "material": "granite",
        "landform": "anchor-range"
      },
      "geometry": {
        "type": "Point",
        "coordinates": [
          -159.846,
          -19.53125,
          1032.23
        ]
      }
    },
    {
      "type": "Feature",
      "id": "terrain-r15-c08",
      "properties": {
        "terrain_grid_id": "rey-county-semantic-terrain-v1",
        "terrain_grid_column": 8,
        "terrain_grid_row": 15,
        "terrain_grid_columns": 41,
        "terrain_grid_rows": 41,
        "terrain_grid_validity": "valid",
        "material": "granite",
        "landform": "anchor-range"
      },
      "geometry": {
        "type": "Point",
        "coordinates": [
          -159.824,
          -19.53125,
          1074.67
        ]
      }
    },
    {
      "type": "Feature",
      "id": "terrain-r15-c09",
      "properties": {
        "terrain_grid_id": "rey-county-semantic-terrain-v1",
        "terrain_grid_column": 9,
        "terrain_grid_row": 15,
        "terrain_grid_columns": 41,
        "terrain_grid_rows": 41,
        "terrain_grid_validity": "valid",
        "material": "granite",
        "landform": "anchor-range"
      },
      "geometry": {
        "type": "Point",
        "coordinates": [
          -159.802,
          -19.53125,
          1081.6
        ]
      }
    },
    {
      "type": "Feature",
      "id": "terrain-r15-c10",
      "properties": {
        "terrain_grid_id": "rey-county-semantic-terrain-v1",
        "terrain_grid_column": 10,
        "terrain_grid_row": 15,
        "terrain_grid_columns": 41,
        "terrain_grid_rows": 41,
        "terrain_grid_validity": "valid",
        "material": "sand",
        "landform": "anchor-range"
      },
      "geometry": {
        "type": "Point",
        "coordinates": [
          -159.78,
          -19.53125,
          1043.75
        ]
      }
    },
    {
      "type": "Feature",
      "id": "terrain-r15-c11",
      "properties": {
        "terrain_grid_id": "rey-county-semantic-terrain-v1",
        "terrain_grid_column": 11,
        "terrain_grid_row": 15,
        "terrain_grid_columns": 41,
        "terrain_grid_rows": 41,
        "terrain_grid_validity": "valid",
        "material": "granite",
        "landform": "anchor-range"
      },
      "geometry": {
        "type": "Point",
        "coordinates": [
          -159.758,
          -19.53125,
          1048.42
        ]
      }
    },
    {
      "type": "Feature",
      "id": "terrain-r15-c12",
      "properties": {
        "terrain_grid_id": "rey-county-semantic-terrain-v1",
        "terrain_grid_column": 12,
        "terrain_grid_row": 15,
        "terrain_grid_columns": 41,
        "terrain_grid_rows": 41,
        "terrain_grid_validity": "valid",
        "material": "granite",
        "landform": "anchor-range"
      },
      "geometry": {
        "type": "Point",
        "coordinates": [
          -159.736,
          -19.53125,
          1044.64
        ]
      }
    },
    {
      "type": "Feature",
      "id": "terrain-r15-c13",
      "properties": {
        "terrain_grid_id": "rey-county-semantic-terrain-v1",
        "terrain_grid_column": 13,
        "terrain_grid_row": 15,
        "terrain_grid_columns": 41,
        "terrain_grid_rows": 41,
        "terrain_grid_validity": "valid",
        "material": "granite",
        "landform": "anchor-range"
      },
      "geometry": {
        "type": "Point",
        "coordinates": [
          -159.714,
          -19.53125,
          1009.73
        ]
      }
    },
    {
      "type": "Feature",
      "id": "terrain-r15-c14",
      "properties": {
        "terrain_grid_id": "rey-county-semantic-terrain-v1",
        "terrain_grid_column": 14,
        "terrain_grid_row": 15,
        "terrain_grid_columns": 41,
        "terrain_grid_rows": 41,
        "terrain_grid_validity": "valid",
        "material": "granite",
        "landform": "anchor-range"
      },
      "geometry": {
        "type": "Point",
        "coordinates": [
          -159.692,
          -19.53125,
          985.1
        ]
      }
    },
    {
      "type": "Feature",
      "id": "terrain-r15-c15",
      "properties": {
        "terrain_grid_id": "rey-county-semantic-terrain-v1",
        "terrain_grid_column": 15,
        "terrain_grid_row": 15,
        "terrain_grid_columns": 41,
        "terrain_grid_rows": 41,
        "terrain_grid_validity": "valid",
        "material": "granite",
        "landform": "anchor-range"
      },
      "geometry": {
        "type": "Point",
        "coordinates": [
          -159.67,
          -19.53125,
          902.53
        ]
      }
    },
    {
      "type": "Feature",
      "id": "terrain-r15-c16",
      "properties": {
        "terrain_grid_id": "rey-county-semantic-terrain-v1",
        "terrain_grid_column": 16,
        "terrain_grid_row": 15,
        "terrain_grid_columns": 41,
        "terrain_grid_rows": 41,
        "terrain_grid_validity": "valid",
        "material": "sand",
        "landform": "anchor-range"
      },
      "geometry": {
        "type": "Point",
        "coordinates": [
          -159.648,
          -19.53125,
          820.14
        ]
      }
    },
    {
      "type": "Feature",
      "id": "terrain-r15-c17",
      "properties": {
        "terrain_grid_id": "rey-county-semantic-terrain-v1",
        "terrain_grid_column": 17,
        "terrain_grid_row": 15,
        "terrain_grid_columns": 41,
        "terrain_grid_rows": 41,
        "terrain_grid_validity": "valid",
        "material": "rock",
        "landform": "anchor-range"
      },
      "geometry": {
        "type": "Point",
        "coordinates": [
          -159.626,
          -19.53125,
          807.81
        ]
      }
    },
    {
      "type": "Feature",
      "id": "terrain-r15-c18",
      "properties": {
        "terrain_grid_id": "rey-county-semantic-terrain-v1",
        "terrain_grid_column": 18,
        "terrain_grid_row": 15,
        "terrain_grid_columns": 41,
        "terrain_grid_rows": 41,
        "terrain_grid_validity": "valid",
        "material": "rock",
        "landform": "anchor-range"
      },
      "geometry": {
        "type": "Point",
        "coordinates": [
          -159.604,
          -19.53125,
          815.63
        ]
      }
    },
    {
      "type": "Feature",
      "id": "terrain-r15-c19",
      "properties": {
        "terrain_grid_id": "rey-county-semantic-terrain-v1",
        "terrain_grid_column": 19,
        "terrain_grid_row": 15,
        "terrain_grid_columns": 41,
        "terrain_grid_rows": 41,
        "terrain_grid_validity": "valid",
        "material": "rock",
        "landform": "anchor-range"
      },
      "geometry": {
        "type": "Point",
        "coordinates": [
          -159.582,
          -19.53125,
          793.2
        ]
      }
    },
    {
      "type": "Feature",
      "id": "terrain-r15-c20",
      "properties": {
        "terrain_grid_id": "rey-county-semantic-terrain-v1",
        "terrain_grid_column": 20,
        "terrain_grid_row": 15,
        "terrain_grid_columns": 41,
        "terrain_grid_rows": 41,
        "terrain_grid_validity": "valid",
        "material": "rock",
        "landform": "anchor-range"
      },
      "geometry": {
        "type": "Point",
        "coordinates": [
          -159.56,
          -19.53125,
          758.46
        ]
      }
    },
    {
      "type": "Feature",
      "id": "terrain-r15-c21",
      "properties": {
        "terrain_grid_id": "rey-county-semantic-terrain-v1",
        "terrain_grid_column": 21,
        "terrain_grid_row": 15,
        "terrain_grid_columns": 41,
        "terrain_grid_rows": 41,
        "terrain_grid_validity": "valid",
        "material": "sand",
        "landform": "anchor-range"
      },
      "geometry": {
        "type": "Point",
        "coordinates": [
          -159.538,
          -19.53125,
          686.52
        ]
      }
    },
    {
      "type": "Feature",
      "id": "terrain-r15-c22",
      "properties": {
        "terrain_grid_id": "rey-county-semantic-terrain-v1",
        "terrain_grid_column": 22,
        "terrain_grid_row": 15,
        "terrain_grid_columns": 41,
        "terrain_grid_rows": 41,
        "terrain_grid_validity": "valid",
        "material": "rock",
        "landform": "architecture-highlands"
      },
      "geometry": {
        "type": "Point",
        "coordinates": [
          -159.516,
          -19.53125,
          715.54
        ]
      }
    },
    {
      "type": "Feature",
      "id": "terrain-r15-c23",
      "properties": {
        "terrain_grid_id": "rey-county-semantic-terrain-v1",
        "terrain_grid_column": 23,
        "terrain_grid_row": 15,
        "terrain_grid_columns": 41,
        "terrain_grid_rows": 41,
        "terrain_grid_validity": "valid",
        "material": "rock",
        "landform": "architecture-highlands"
      },
      "geometry": {
        "type": "Point",
        "coordinates": [
          -159.494,
          -19.53125,
          703.64
        ]
      }
    },
    {
      "type": "Feature",
      "id": "terrain-r15-c24",
      "properties": {
        "terrain_grid_id": "rey-county-semantic-terrain-v1",
        "terrain_grid_column": 24,
        "terrain_grid_row": 15,
        "terrain_grid_columns": 41,
        "terrain_grid_rows": 41,
        "terrain_grid_validity": "valid",
        "material": "rock",
        "landform": "architecture-highlands"
      },
      "geometry": {
        "type": "Point",
        "coordinates": [
          -159.472,
          -19.53125,
          678.55
        ]
      }
    },
    {
      "type": "Feature",
      "id": "terrain-r15-c25",
      "properties": {
        "terrain_grid_id": "rey-county-semantic-terrain-v1",
        "terrain_grid_column": 25,
        "terrain_grid_row": 15,
        "terrain_grid_columns": 41,
        "terrain_grid_rows": 41,
        "terrain_grid_validity": "valid",
        "material": "rock",
        "landform": "architecture-highlands"
      },
      "geometry": {
        "type": "Point",
        "coordinates": [
          -159.45,
          -19.53125,
          669.31
        ]
      }
    },
    {
      "type": "Feature",
      "id": "terrain-r15-c26",
      "properties": {
        "terrain_grid_id": "rey-county-semantic-terrain-v1",
        "terrain_grid_column": 26,
        "terrain_grid_row": 15,
        "terrain_grid_columns": 41,
        "terrain_grid_rows": 41,
        "terrain_grid_validity": "valid",
        "material": "rock",
        "landform": "architecture-highlands"
      },
      "geometry": {
        "type": "Point",
        "coordinates": [
          -159.428,
          -19.53125,
          653.77
        ]
      }
    },
    {
      "type": "Feature",
      "id": "terrain-r15-c27",
      "properties": {
        "terrain_grid_id": "rey-county-semantic-terrain-v1",
        "terrain_grid_column": 27,
        "terrain_grid_row": 15,
        "terrain_grid_columns": 41,
        "terrain_grid_rows": 41,
        "terrain_grid_validity": "valid",
        "material": "rock",
        "landform": "explorer-terraces"
      },
      "geometry": {
        "type": "Point",
        "coordinates": [
          -159.406,
          -19.53125,
          665.04
        ]
      }
    },
    {
      "type": "Feature",
      "id": "terrain-r15-c28",
      "properties": {
        "terrain_grid_id": "rey-county-semantic-terrain-v1",
        "terrain_grid_column": 28,
        "terrain_grid_row": 15,
        "terrain_grid_columns": 41,
        "terrain_grid_rows": 41,
        "terrain_grid_validity": "valid",
        "material": "rock",
        "landform": "explorer-terraces"
      },
      "geometry": {
        "type": "Point",
        "coordinates": [
          -159.384,
          -19.53125,
          669.37
        ]
      }
    },
    {
      "type": "Feature",
      "id": "terrain-r15-c29",
      "properties": {
        "terrain_grid_id": "rey-county-semantic-terrain-v1",
        "terrain_grid_column": 29,
        "terrain_grid_row": 15,
        "terrain_grid_columns": 41,
        "terrain_grid_rows": 41,
        "terrain_grid_validity": "valid",
        "material": "rock",
        "landform": "explorer-terraces"
      },
      "geometry": {
        "type": "Point",
        "coordinates": [
          -159.362,
          -19.53125,
          667.86
        ]
      }
    },
    {
      "type": "Feature",
      "id": "terrain-r15-c30",
      "properties": {
        "terrain_grid_id": "rey-county-semantic-terrain-v1",
        "terrain_grid_column": 30,
        "terrain_grid_row": 15,
        "terrain_grid_columns": 41,
        "terrain_grid_rows": 41,
        "terrain_grid_validity": "valid",
        "material": "rock",
        "landform": "explorer-terraces"
      },
      "geometry": {
        "type": "Point",
        "coordinates": [
          -159.34,
          -19.53125,
          655.72
        ]
      }
    },
    {
      "type": "Feature",
      "id": "terrain-r15-c31",
      "properties": {
        "terrain_grid_id": "rey-county-semantic-terrain-v1",
        "terrain_grid_column": 31,
        "terrain_grid_row": 15,
        "terrain_grid_columns": 41,
        "terrain_grid_rows": 41,
        "terrain_grid_validity": "valid",
        "material": "rock",
        "landform": "explorer-terraces"
      },
      "geometry": {
        "type": "Point",
        "coordinates": [
          -159.318,
          -19.53125,
          652.59
        ]
      }
    },
    {
      "type": "Feature",
      "id": "terrain-r15-c32",
      "properties": {
        "terrain_grid_id": "rey-county-semantic-terrain-v1",
        "terrain_grid_column": 32,
        "terrain_grid_row": 15,
        "terrain_grid_columns": 41,
        "terrain_grid_rows": 41,
        "terrain_grid_validity": "valid",
        "material": "rock",
        "landform": "explorer-terraces"
      },
      "geometry": {
        "type": "Point",
        "coordinates": [
          -159.296,
          -19.53125,
          641.71
        ]
      }
    },
    {
      "type": "Feature",
      "id": "terrain-r15-c33",
      "properties": {
        "terrain_grid_id": "rey-county-semantic-terrain-v1",
        "terrain_grid_column": 33,
        "terrain_grid_row": 15,
        "terrain_grid_columns": 41,
        "terrain_grid_rows": 41,
        "terrain_grid_validity": "valid",
        "material": "rock",
        "landform": "explorer-terraces"
      },
      "geometry": {
        "type": "Point",
        "coordinates": [
          -159.274,
          -19.53125,
          640.1
        ]
      }
    },
    {
      "type": "Feature",
      "id": "terrain-r15-c34",
      "properties": {
        "terrain_grid_id": "rey-county-semantic-terrain-v1",
        "terrain_grid_column": 34,
        "terrain_grid_row": 15,
        "terrain_grid_columns": 41,
        "terrain_grid_rows": 41,
        "terrain_grid_validity": "valid",
        "material": "rock",
        "landform": "explorer-terraces"
      },
      "geometry": {
        "type": "Point",
        "coordinates": [
          -159.252,
          -19.53125,
          617.94
        ]
      }
    },
    {
      "type": "Feature",
      "id": "terrain-r15-c35",
      "properties": {
        "terrain_grid_id": "rey-county-semantic-terrain-v1",
        "terrain_grid_column": 35,
        "terrain_grid_row": 15,
        "terrain_grid_columns": 41,
        "terrain_grid_rows": 41,
        "terrain_grid_validity": "valid",
        "material": "sand",
        "landform": "explorer-terraces"
      },
      "geometry": {
        "type": "Point",
        "coordinates": [
          -159.23,
          -19.53125,
          553.81
        ]
      }
    },
    {
      "type": "Feature",
      "id": "terrain-r15-c36",
      "properties": {
        "terrain_grid_id": "rey-county-semantic-terrain-v1",
        "terrain_grid_column": 36,
        "terrain_grid_row": 15,
        "terrain_grid_columns": 41,
        "terrain_grid_rows": 41,
        "terrain_grid_validity": "valid",
        "material": "sand",
        "landform": "explorer-terraces"
      },
      "geometry": {
        "type": "Point",
        "coordinates": [
          -159.208,
          -19.53125,
          535.51
        ]
      }
    },
    {
      "type": "Feature",
      "id": "terrain-r15-c37",
      "properties": {
        "terrain_grid_id": "rey-county-semantic-terrain-v1",
        "terrain_grid_column": 37,
        "terrain_grid_row": 15,
        "terrain_grid_columns": 41,
        "terrain_grid_rows": 41,
        "terrain_grid_validity": "valid",
        "material": "vegetation",
        "landform": "explorer-terraces"
      },
      "geometry": {
        "type": "Point",
        "coordinates": [
          -159.186,
          -19.53125,
          570.64
        ]
      }
    },
    {
      "type": "Feature",
      "id": "terrain-r15-c38",
      "properties": {
        "terrain_grid_id": "rey-county-semantic-terrain-v1",
        "terrain_grid_column": 38,
        "terrain_grid_row": 15,
        "terrain_grid_columns": 41,
        "terrain_grid_rows": 41,
        "terrain_grid_validity": "valid",
        "material": "vegetation",
        "landform": "explorer-terraces"
      },
      "geometry": {
        "type": "Point",
        "coordinates": [
          -159.164,
          -19.53125,
          567.05
        ]
      }
    },
    {
      "type": "Feature",
      "id": "terrain-r15-c39",
      "properties": {
        "terrain_grid_id": "rey-county-semantic-terrain-v1",
        "terrain_grid_column": 39,
        "terrain_grid_row": 15,
        "terrain_grid_columns": 41,
        "terrain_grid_rows": 41,
        "terrain_grid_validity": "valid",
        "material": "vegetation",
        "landform": "explorer-terraces"
      },
      "geometry": {
        "type": "Point",
        "coordinates": [
          -159.142,
          -19.53125,
          568.01
        ]
      }
    },
    {
      "type": "Feature",
      "id": "terrain-r15-c40",
      "properties": {
        "terrain_grid_id": "rey-county-semantic-terrain-v1",
        "terrain_grid_column": 40,
        "terrain_grid_row": 15,
        "terrain_grid_columns": 41,
        "terrain_grid_rows": 41,
        "terrain_grid_validity": "no_data"
      },
      "geometry": {
        "type": "Point",
        "coordinates": [
          -159.12,
          -19.53125
        ]
      }
    },
    {
      "type": "Feature",
      "id": "terrain-r16-c00",
      "properties": {
        "terrain_grid_id": "rey-county-semantic-terrain-v1",
        "terrain_grid_column": 0,
        "terrain_grid_row": 16,
        "terrain_grid_columns": 41,
        "terrain_grid_rows": 41,
        "terrain_grid_validity": "no_data"
      },
      "geometry": {
        "type": "Point",
        "coordinates": [
          -160,
          -19.55
        ]
      }
    },
    {
      "type": "Feature",
      "id": "terrain-r16-c01",
      "properties": {
        "terrain_grid_id": "rey-county-semantic-terrain-v1",
        "terrain_grid_column": 1,
        "terrain_grid_row": 16,
        "terrain_grid_columns": 41,
        "terrain_grid_rows": 41,
        "terrain_grid_validity": "no_data"
      },
      "geometry": {
        "type": "Point",
        "coordinates": [
          -159.978,
          -19.55
        ]
      }
    },
    {
      "type": "Feature",
      "id": "terrain-r16-c02",
      "properties": {
        "terrain_grid_id": "rey-county-semantic-terrain-v1",
        "terrain_grid_column": 2,
        "terrain_grid_row": 16,
        "terrain_grid_columns": 41,
        "terrain_grid_rows": 41,
        "terrain_grid_validity": "no_data"
      },
      "geometry": {
        "type": "Point",
        "coordinates": [
          -159.956,
          -19.55
        ]
      }
    },
    {
      "type": "Feature",
      "id": "terrain-r16-c03",
      "properties": {
        "terrain_grid_id": "rey-county-semantic-terrain-v1",
        "terrain_grid_column": 3,
        "terrain_grid_row": 16,
        "terrain_grid_columns": 41,
        "terrain_grid_rows": 41,
        "terrain_grid_validity": "valid",
        "material": "rock",
        "landform": "anchor-range"
      },
      "geometry": {
        "type": "Point",
        "coordinates": [
          -159.934,
          -19.55,
          857.11
        ]
      }
    },
    {
      "type": "Feature",
      "id": "terrain-r16-c04",
      "properties": {
        "terrain_grid_id": "rey-county-semantic-terrain-v1",
        "terrain_grid_column": 4,
        "terrain_grid_row": 16,
        "terrain_grid_columns": 41,
        "terrain_grid_rows": 41,
        "terrain_grid_validity": "valid",
        "material": "granite",
        "landform": "anchor-range"
      },
      "geometry": {
        "type": "Point",
        "coordinates": [
          -159.912,
          -19.55,
          912.49
        ]
      }
    },
    {
      "type": "Feature",
      "id": "terrain-r16-c05",
      "properties": {
        "terrain_grid_id": "rey-county-semantic-terrain-v1",
        "terrain_grid_column": 5,
        "terrain_grid_row": 16,
        "terrain_grid_columns": 41,
        "terrain_grid_rows": 41,
        "terrain_grid_validity": "valid",
        "material": "granite",
        "landform": "anchor-range"
      },
      "geometry": {
        "type": "Point",
        "coordinates": [
          -159.89,
          -19.55,
          943.2
        ]
      }
    },
    {
      "type": "Feature",
      "id": "terrain-r16-c06",
      "properties": {
        "terrain_grid_id": "rey-county-semantic-terrain-v1",
        "terrain_grid_column": 6,
        "terrain_grid_row": 16,
        "terrain_grid_columns": 41,
        "terrain_grid_rows": 41,
        "terrain_grid_validity": "valid",
        "material": "granite",
        "landform": "anchor-range"
      },
      "geometry": {
        "type": "Point",
        "coordinates": [
          -159.868,
          -19.55,
          980.13
        ]
      }
    },
    {
      "type": "Feature",
      "id": "terrain-r16-c07",
      "properties": {
        "terrain_grid_id": "rey-county-semantic-terrain-v1",
        "terrain_grid_column": 7,
        "terrain_grid_row": 16,
        "terrain_grid_columns": 41,
        "terrain_grid_rows": 41,
        "terrain_grid_validity": "valid",
        "material": "granite",
        "landform": "anchor-range"
      },
      "geometry": {
        "type": "Point",
        "coordinates": [
          -159.846,
          -19.55,
          992.37
        ]
      }
    },
    {
      "type": "Feature",
      "id": "terrain-r16-c08",
      "properties": {
        "terrain_grid_id": "rey-county-semantic-terrain-v1",
        "terrain_grid_column": 8,
        "terrain_grid_row": 16,
        "terrain_grid_columns": 41,
        "terrain_grid_rows": 41,
        "terrain_grid_validity": "valid",
        "material": "granite",
        "landform": "anchor-range"
      },
      "geometry": {
        "type": "Point",
        "coordinates": [
          -159.824,
          -19.55,
          1015.68
        ]
      }
    },
    {
      "type": "Feature",
      "id": "terrain-r16-c09",
      "properties": {
        "terrain_grid_id": "rey-county-semantic-terrain-v1",
        "terrain_grid_column": 9,
        "terrain_grid_row": 16,
        "terrain_grid_columns": 41,
        "terrain_grid_rows": 41,
        "terrain_grid_validity": "valid",
        "material": "granite",
        "landform": "anchor-range"
      },
      "geometry": {
        "type": "Point",
        "coordinates": [
          -159.802,
          -19.55,
          1034.29
        ]
      }
    },
    {
      "type": "Feature",
      "id": "terrain-r16-c10",
      "properties": {
        "terrain_grid_id": "rey-county-semantic-terrain-v1",
        "terrain_grid_column": 10,
        "terrain_grid_row": 16,
        "terrain_grid_columns": 41,
        "terrain_grid_rows": 41,
        "terrain_grid_validity": "valid",
        "material": "granite",
        "landform": "anchor-range"
      },
      "geometry": {
        "type": "Point",
        "coordinates": [
          -159.78,
          -19.55,
          1017.16
        ]
      }
    },
    {
      "type": "Feature",
      "id": "terrain-r16-c11",
      "properties": {
        "terrain_grid_id": "rey-county-semantic-terrain-v1",
        "terrain_grid_column": 11,
        "terrain_grid_row": 16,
        "terrain_grid_columns": 41,
        "terrain_grid_rows": 41,
        "terrain_grid_validity": "valid",
        "material": "sand",
        "landform": "anchor-range"
      },
      "geometry": {
        "type": "Point",
        "coordinates": [
          -159.758,
          -19.55,
          956.59
        ]
      }
    },
    {
      "type": "Feature",
      "id": "terrain-r16-c12",
      "properties": {
        "terrain_grid_id": "rey-county-semantic-terrain-v1",
        "terrain_grid_column": 12,
        "terrain_grid_row": 16,
        "terrain_grid_columns": 41,
        "terrain_grid_rows": 41,
        "terrain_grid_validity": "valid",
        "material": "granite",
        "landform": "anchor-range"
      },
      "geometry": {
        "type": "Point",
        "coordinates": [
          -159.736,
          -19.55,
          967.83
        ]
      }
    },
    {
      "type": "Feature",
      "id": "terrain-r16-c13",
      "properties": {
        "terrain_grid_id": "rey-county-semantic-terrain-v1",
        "terrain_grid_column": 13,
        "terrain_grid_row": 16,
        "terrain_grid_columns": 41,
        "terrain_grid_rows": 41,
        "terrain_grid_validity": "valid",
        "material": "granite",
        "landform": "anchor-range"
      },
      "geometry": {
        "type": "Point",
        "coordinates": [
          -159.714,
          -19.55,
          937.02
        ]
      }
    },
    {
      "type": "Feature",
      "id": "terrain-r16-c14",
      "properties": {
        "terrain_grid_id": "rey-county-semantic-terrain-v1",
        "terrain_grid_column": 14,
        "terrain_grid_row": 16,
        "terrain_grid_columns": 41,
        "terrain_grid_rows": 41,
        "terrain_grid_validity": "valid",
        "material": "granite",
        "landform": "anchor-range"
      },
      "geometry": {
        "type": "Point",
        "coordinates": [
          -159.692,
          -19.55,
          908.17
        ]
      }
    },
    {
      "type": "Feature",
      "id": "terrain-r16-c15",
      "properties": {
        "terrain_grid_id": "rey-county-semantic-terrain-v1",
        "terrain_grid_column": 15,
        "terrain_grid_row": 16,
        "terrain_grid_columns": 41,
        "terrain_grid_rows": 41,
        "terrain_grid_validity": "valid",
        "material": "rock",
        "landform": "anchor-range"
      },
      "geometry": {
        "type": "Point",
        "coordinates": [
          -159.67,
          -19.55,
          855.81
        ]
      }
    },
    {
      "type": "Feature",
      "id": "terrain-r16-c16",
      "properties": {
        "terrain_grid_id": "rey-county-semantic-terrain-v1",
        "terrain_grid_column": 16,
        "terrain_grid_row": 16,
        "terrain_grid_columns": 41,
        "terrain_grid_rows": 41,
        "terrain_grid_validity": "valid",
        "material": "rock",
        "landform": "anchor-range"
      },
      "geometry": {
        "type": "Point",
        "coordinates": [
          -159.648,
          -19.55,
          750.11
        ]
      }
    },
    {
      "type": "Feature",
      "id": "terrain-r16-c17",
      "properties": {
        "terrain_grid_id": "rey-county-semantic-terrain-v1",
        "terrain_grid_column": 17,
        "terrain_grid_row": 16,
        "terrain_grid_columns": 41,
        "terrain_grid_rows": 41,
        "terrain_grid_validity": "valid",
        "material": "sand",
        "landform": "anchor-range"
      },
      "geometry": {
        "type": "Point",
        "coordinates": [
          -159.626,
          -19.55,
          703.56
        ]
      }
    },
    {
      "type": "Feature",
      "id": "terrain-r16-c18",
      "properties": {
        "terrain_grid_id": "rey-county-semantic-terrain-v1",
        "terrain_grid_column": 18,
        "terrain_grid_row": 16,
        "terrain_grid_columns": 41,
        "terrain_grid_rows": 41,
        "terrain_grid_validity": "valid",
        "material": "rock",
        "landform": "anchor-range"
      },
      "geometry": {
        "type": "Point",
        "coordinates": [
          -159.604,
          -19.55,
          715.95
        ]
      }
    },
    {
      "type": "Feature",
      "id": "terrain-r16-c19",
      "properties": {
        "terrain_grid_id": "rey-county-semantic-terrain-v1",
        "terrain_grid_column": 19,
        "terrain_grid_row": 16,
        "terrain_grid_columns": 41,
        "terrain_grid_rows": 41,
        "terrain_grid_validity": "valid",
        "material": "rock",
        "landform": "anchor-range"
      },
      "geometry": {
        "type": "Point",
        "coordinates": [
          -159.582,
          -19.55,
          700.31
        ]
      }
    },
    {
      "type": "Feature",
      "id": "terrain-r16-c20",
      "properties": {
        "terrain_grid_id": "rey-county-semantic-terrain-v1",
        "terrain_grid_column": 20,
        "terrain_grid_row": 16,
        "terrain_grid_columns": 41,
        "terrain_grid_rows": 41,
        "terrain_grid_validity": "valid",
        "material": "rock",
        "landform": "runtime-basin"
      },
      "geometry": {
        "type": "Point",
        "coordinates": [
          -159.56,
          -19.55,
          664.27
        ]
      }
    },
    {
      "type": "Feature",
      "id": "terrain-r16-c21",
      "properties": {
        "terrain_grid_id": "rey-county-semantic-terrain-v1",
        "terrain_grid_column": 21,
        "terrain_grid_row": 16,
        "terrain_grid_columns": 41,
        "terrain_grid_rows": 41,
        "terrain_grid_validity": "valid",
        "material": "sand",
        "landform": "runtime-basin"
      },
      "geometry": {
        "type": "Point",
        "coordinates": [
          -159.538,
          -19.55,
          595.56
        ]
      }
    },
    {
      "type": "Feature",
      "id": "terrain-r16-c22",
      "properties": {
        "terrain_grid_id": "rey-county-semantic-terrain-v1",
        "terrain_grid_column": 22,
        "terrain_grid_row": 16,
        "terrain_grid_columns": 41,
        "terrain_grid_rows": 41,
        "terrain_grid_validity": "valid",
        "material": "rock",
        "landform": "runtime-basin"
      },
      "geometry": {
        "type": "Point",
        "coordinates": [
          -159.516,
          -19.55,
          622.64
        ]
      }
    },
    {
      "type": "Feature",
      "id": "terrain-r16-c23",
      "properties": {
        "terrain_grid_id": "rey-county-semantic-terrain-v1",
        "terrain_grid_column": 23,
        "terrain_grid_row": 16,
        "terrain_grid_columns": 41,
        "terrain_grid_rows": 41,
        "terrain_grid_validity": "valid",
        "material": "rock",
        "landform": "runtime-basin"
      },
      "geometry": {
        "type": "Point",
        "coordinates": [
          -159.494,
          -19.55,
          626.8
        ]
      }
    },
    {
      "type": "Feature",
      "id": "terrain-r16-c24",
      "properties": {
        "terrain_grid_id": "rey-county-semantic-terrain-v1",
        "terrain_grid_column": 24,
        "terrain_grid_row": 16,
        "terrain_grid_columns": 41,
        "terrain_grid_rows": 41,
        "terrain_grid_validity": "valid",
        "material": "vegetation",
        "landform": "runtime-basin"
      },
      "geometry": {
        "type": "Point",
        "coordinates": [
          -159.472,
          -19.55,
          602.63
        ]
      }
    },
    {
      "type": "Feature",
      "id": "terrain-r16-c25",
      "properties": {
        "terrain_grid_id": "rey-county-semantic-terrain-v1",
        "terrain_grid_column": 25,
        "terrain_grid_row": 16,
        "terrain_grid_columns": 41,
        "terrain_grid_rows": 41,
        "terrain_grid_validity": "valid",
        "material": "vegetation",
        "landform": "runtime-basin"
      },
      "geometry": {
        "type": "Point",
        "coordinates": [
          -159.45,
          -19.55,
          596.8
        ]
      }
    },
    {
      "type": "Feature",
      "id": "terrain-r16-c26",
      "properties": {
        "terrain_grid_id": "rey-county-semantic-terrain-v1",
        "terrain_grid_column": 26,
        "terrain_grid_row": 16,
        "terrain_grid_columns": 41,
        "terrain_grid_rows": 41,
        "terrain_grid_validity": "valid",
        "material": "vegetation",
        "landform": "runtime-basin"
      },
      "geometry": {
        "type": "Point",
        "coordinates": [
          -159.428,
          -19.55,
          595.39
        ]
      }
    },
    {
      "type": "Feature",
      "id": "terrain-r16-c27",
      "properties": {
        "terrain_grid_id": "rey-county-semantic-terrain-v1",
        "terrain_grid_column": 27,
        "terrain_grid_row": 16,
        "terrain_grid_columns": 41,
        "terrain_grid_rows": 41,
        "terrain_grid_validity": "valid",
        "material": "vegetation",
        "landform": "explorer-terraces"
      },
      "geometry": {
        "type": "Point",
        "coordinates": [
          -159.406,
          -19.55,
          600.87
        ]
      }
    },
    {
      "type": "Feature",
      "id": "terrain-r16-c28",
      "properties": {
        "terrain_grid_id": "rey-county-semantic-terrain-v1",
        "terrain_grid_column": 28,
        "terrain_grid_row": 16,
        "terrain_grid_columns": 41,
        "terrain_grid_rows": 41,
        "terrain_grid_validity": "valid",
        "material": "rock",
        "landform": "explorer-terraces"
      },
      "geometry": {
        "type": "Point",
        "coordinates": [
          -159.384,
          -19.55,
          617.91
        ]
      }
    },
    {
      "type": "Feature",
      "id": "terrain-r16-c29",
      "properties": {
        "terrain_grid_id": "rey-county-semantic-terrain-v1",
        "terrain_grid_column": 29,
        "terrain_grid_row": 16,
        "terrain_grid_columns": 41,
        "terrain_grid_rows": 41,
        "terrain_grid_validity": "valid",
        "material": "rock",
        "landform": "explorer-terraces"
      },
      "geometry": {
        "type": "Point",
        "coordinates": [
          -159.362,
          -19.55,
          627.69
        ]
      }
    },
    {
      "type": "Feature",
      "id": "terrain-r16-c30",
      "properties": {
        "terrain_grid_id": "rey-county-semantic-terrain-v1",
        "terrain_grid_column": 30,
        "terrain_grid_row": 16,
        "terrain_grid_columns": 41,
        "terrain_grid_rows": 41,
        "terrain_grid_validity": "valid",
        "material": "rock",
        "landform": "explorer-terraces"
      },
      "geometry": {
        "type": "Point",
        "coordinates": [
          -159.34,
          -19.55,
          624.13
        ]
      }
    },
    {
      "type": "Feature",
      "id": "terrain-r16-c31",
      "properties": {
        "terrain_grid_id": "rey-county-semantic-terrain-v1",
        "terrain_grid_column": 31,
        "terrain_grid_row": 16,
        "terrain_grid_columns": 41,
        "terrain_grid_rows": 41,
        "terrain_grid_validity": "valid",
        "material": "rock",
        "landform": "explorer-terraces"
      },
      "geometry": {
        "type": "Point",
        "coordinates": [
          -159.318,
          -19.55,
          623.68
        ]
      }
    },
    {
      "type": "Feature",
      "id": "terrain-r16-c32",
      "properties": {
        "terrain_grid_id": "rey-county-semantic-terrain-v1",
        "terrain_grid_column": 32,
        "terrain_grid_row": 16,
        "terrain_grid_columns": 41,
        "terrain_grid_rows": 41,
        "terrain_grid_validity": "valid",
        "material": "vegetation",
        "landform": "explorer-terraces"
      },
      "geometry": {
        "type": "Point",
        "coordinates": [
          -159.296,
          -19.55,
          605.61
        ]
      }
    },
    {
      "type": "Feature",
      "id": "terrain-r16-c33",
      "properties": {
        "terrain_grid_id": "rey-county-semantic-terrain-v1",
        "terrain_grid_column": 33,
        "terrain_grid_row": 16,
        "terrain_grid_columns": 41,
        "terrain_grid_rows": 41,
        "terrain_grid_validity": "valid",
        "material": "sand",
        "landform": "explorer-terraces"
      },
      "geometry": {
        "type": "Point",
        "coordinates": [
          -159.274,
          -19.55,
          538.99
        ]
      }
    },
    {
      "type": "Feature",
      "id": "terrain-r16-c34",
      "properties": {
        "terrain_grid_id": "rey-county-semantic-terrain-v1",
        "terrain_grid_column": 34,
        "terrain_grid_row": 16,
        "terrain_grid_columns": 41,
        "terrain_grid_rows": 41,
        "terrain_grid_validity": "valid",
        "material": "sand",
        "landform": "explorer-terraces"
      },
      "geometry": {
        "type": "Point",
        "coordinates": [
          -159.252,
          -19.55,
          514.32
        ]
      }
    },
    {
      "type": "Feature",
      "id": "terrain-r16-c35",
      "properties": {
        "terrain_grid_id": "rey-county-semantic-terrain-v1",
        "terrain_grid_column": 35,
        "terrain_grid_row": 16,
        "terrain_grid_columns": 41,
        "terrain_grid_rows": 41,
        "terrain_grid_validity": "valid",
        "material": "sand",
        "landform": "explorer-terraces"
      },
      "geometry": {
        "type": "Point",
        "coordinates": [
          -159.23,
          -19.55,
          483.97
        ]
      }
    },
    {
      "type": "Feature",
      "id": "terrain-r16-c36",
      "properties": {
        "terrain_grid_id": "rey-county-semantic-terrain-v1",
        "terrain_grid_column": 36,
        "terrain_grid_row": 16,
        "terrain_grid_columns": 41,
        "terrain_grid_rows": 41,
        "terrain_grid_validity": "valid",
        "material": "sand",
        "landform": "explorer-terraces"
      },
      "geometry": {
        "type": "Point",
        "coordinates": [
          -159.208,
          -19.55,
          467.51
        ]
      }
    },
    {
      "type": "Feature",
      "id": "terrain-r16-c37",
      "properties": {
        "terrain_grid_id": "rey-county-semantic-terrain-v1",
        "terrain_grid_column": 37,
        "terrain_grid_row": 16,
        "terrain_grid_columns": 41,
        "terrain_grid_rows": 41,
        "terrain_grid_validity": "valid",
        "material": "sand",
        "landform": "explorer-terraces"
      },
      "geometry": {
        "type": "Point",
        "coordinates": [
          -159.186,
          -19.55,
          480.7
        ]
      }
    },
    {
      "type": "Feature",
      "id": "terrain-r16-c38",
      "properties": {
        "terrain_grid_id": "rey-county-semantic-terrain-v1",
        "terrain_grid_column": 38,
        "terrain_grid_row": 16,
        "terrain_grid_columns": 41,
        "terrain_grid_rows": 41,
        "terrain_grid_validity": "valid",
        "material": "vegetation",
        "landform": "explorer-terraces"
      },
      "geometry": {
        "type": "Point",
        "coordinates": [
          -159.164,
          -19.55,
          532.31
        ]
      }
    },
    {
      "type": "Feature",
      "id": "terrain-r16-c39",
      "properties": {
        "terrain_grid_id": "rey-county-semantic-terrain-v1",
        "terrain_grid_column": 39,
        "terrain_grid_row": 16,
        "terrain_grid_columns": 41,
        "terrain_grid_rows": 41,
        "terrain_grid_validity": "valid",
        "material": "vegetation",
        "landform": "explorer-terraces"
      },
      "geometry": {
        "type": "Point",
        "coordinates": [
          -159.142,
          -19.55,
          545.21
        ]
      }
    },
    {
      "type": "Feature",
      "id": "terrain-r16-c40",
      "properties": {
        "terrain_grid_id": "rey-county-semantic-terrain-v1",
        "terrain_grid_column": 40,
        "terrain_grid_row": 16,
        "terrain_grid_columns": 41,
        "terrain_grid_rows": 41,
        "terrain_grid_validity": "no_data"
      },
      "geometry": {
        "type": "Point",
        "coordinates": [
          -159.12,
          -19.55
        ]
      }
    },
    {
      "type": "Feature",
      "id": "terrain-r17-c00",
      "properties": {
        "terrain_grid_id": "rey-county-semantic-terrain-v1",
        "terrain_grid_column": 0,
        "terrain_grid_row": 17,
        "terrain_grid_columns": 41,
        "terrain_grid_rows": 41,
        "terrain_grid_validity": "no_data"
      },
      "geometry": {
        "type": "Point",
        "coordinates": [
          -160,
          -19.56875
        ]
      }
    },
    {
      "type": "Feature",
      "id": "terrain-r17-c01",
      "properties": {
        "terrain_grid_id": "rey-county-semantic-terrain-v1",
        "terrain_grid_column": 1,
        "terrain_grid_row": 17,
        "terrain_grid_columns": 41,
        "terrain_grid_rows": 41,
        "terrain_grid_validity": "no_data"
      },
      "geometry": {
        "type": "Point",
        "coordinates": [
          -159.978,
          -19.56875
        ]
      }
    },
    {
      "type": "Feature",
      "id": "terrain-r17-c02",
      "properties": {
        "terrain_grid_id": "rey-county-semantic-terrain-v1",
        "terrain_grid_column": 2,
        "terrain_grid_row": 17,
        "terrain_grid_columns": 41,
        "terrain_grid_rows": 41,
        "terrain_grid_validity": "no_data"
      },
      "geometry": {
        "type": "Point",
        "coordinates": [
          -159.956,
          -19.56875
        ]
      }
    },
    {
      "type": "Feature",
      "id": "terrain-r17-c03",
      "properties": {
        "terrain_grid_id": "rey-county-semantic-terrain-v1",
        "terrain_grid_column": 3,
        "terrain_grid_row": 17,
        "terrain_grid_columns": 41,
        "terrain_grid_rows": 41,
        "terrain_grid_validity": "valid",
        "material": "rock",
        "landform": "anchor-range"
      },
      "geometry": {
        "type": "Point",
        "coordinates": [
          -159.934,
          -19.56875,
          827.94
        ]
      }
    },
    {
      "type": "Feature",
      "id": "terrain-r17-c04",
      "properties": {
        "terrain_grid_id": "rey-county-semantic-terrain-v1",
        "terrain_grid_column": 4,
        "terrain_grid_row": 17,
        "terrain_grid_columns": 41,
        "terrain_grid_rows": 41,
        "terrain_grid_validity": "valid",
        "material": "granite",
        "landform": "anchor-range"
      },
      "geometry": {
        "type": "Point",
        "coordinates": [
          -159.912,
          -19.56875,
          883.72
        ]
      }
    },
    {
      "type": "Feature",
      "id": "terrain-r17-c05",
      "properties": {
        "terrain_grid_id": "rey-county-semantic-terrain-v1",
        "terrain_grid_column": 5,
        "terrain_grid_row": 17,
        "terrain_grid_columns": 41,
        "terrain_grid_rows": 41,
        "terrain_grid_validity": "valid",
        "material": "granite",
        "landform": "anchor-range"
      },
      "geometry": {
        "type": "Point",
        "coordinates": [
          -159.89,
          -19.56875,
          914.54
        ]
      }
    },
    {
      "type": "Feature",
      "id": "terrain-r17-c06",
      "properties": {
        "terrain_grid_id": "rey-county-semantic-terrain-v1",
        "terrain_grid_column": 6,
        "terrain_grid_row": 17,
        "terrain_grid_columns": 41,
        "terrain_grid_rows": 41,
        "terrain_grid_validity": "valid",
        "material": "granite",
        "landform": "anchor-range"
      },
      "geometry": {
        "type": "Point",
        "coordinates": [
          -159.868,
          -19.56875,
          934.06
        ]
      }
    },
    {
      "type": "Feature",
      "id": "terrain-r17-c07",
      "properties": {
        "terrain_grid_id": "rey-county-semantic-terrain-v1",
        "terrain_grid_column": 7,
        "terrain_grid_row": 17,
        "terrain_grid_columns": 41,
        "terrain_grid_rows": 41,
        "terrain_grid_validity": "valid",
        "material": "granite",
        "landform": "anchor-range"
      },
      "geometry": {
        "type": "Point",
        "coordinates": [
          -159.846,
          -19.56875,
          952.1
        ]
      }
    },
    {
      "type": "Feature",
      "id": "terrain-r17-c08",
      "properties": {
        "terrain_grid_id": "rey-county-semantic-terrain-v1",
        "terrain_grid_column": 8,
        "terrain_grid_row": 17,
        "terrain_grid_columns": 41,
        "terrain_grid_rows": 41,
        "terrain_grid_validity": "valid",
        "material": "granite",
        "landform": "anchor-range"
      },
      "geometry": {
        "type": "Point",
        "coordinates": [
          -159.824,
          -19.56875,
          957.56
        ]
      }
    },
    {
      "type": "Feature",
      "id": "terrain-r17-c09",
      "properties": {
        "terrain_grid_id": "rey-county-semantic-terrain-v1",
        "terrain_grid_column": 9,
        "terrain_grid_row": 17,
        "terrain_grid_columns": 41,
        "terrain_grid_rows": 41,
        "terrain_grid_validity": "valid",
        "material": "granite",
        "landform": "anchor-range"
      },
      "geometry": {
        "type": "Point",
        "coordinates": [
          -159.802,
          -19.56875,
          970.97
        ]
      }
    },
    {
      "type": "Feature",
      "id": "terrain-r17-c10",
      "properties": {
        "terrain_grid_id": "rey-county-semantic-terrain-v1",
        "terrain_grid_column": 10,
        "terrain_grid_row": 17,
        "terrain_grid_columns": 41,
        "terrain_grid_rows": 41,
        "terrain_grid_validity": "valid",
        "material": "granite",
        "landform": "anchor-range"
      },
      "geometry": {
        "type": "Point",
        "coordinates": [
          -159.78,
          -19.56875,
          974.89
        ]
      }
    },
    {
      "type": "Feature",
      "id": "terrain-r17-c11",
      "properties": {
        "terrain_grid_id": "rey-county-semantic-terrain-v1",
        "terrain_grid_column": 11,
        "terrain_grid_row": 17,
        "terrain_grid_columns": 41,
        "terrain_grid_rows": 41,
        "terrain_grid_validity": "valid",
        "material": "granite",
        "landform": "anchor-range"
      },
      "geometry": {
        "type": "Point",
        "coordinates": [
          -159.758,
          -19.56875,
          925.76
        ]
      }
    },
    {
      "type": "Feature",
      "id": "terrain-r17-c12",
      "properties": {
        "terrain_grid_id": "rey-county-semantic-terrain-v1",
        "terrain_grid_column": 12,
        "terrain_grid_row": 17,
        "terrain_grid_columns": 41,
        "terrain_grid_rows": 41,
        "terrain_grid_validity": "valid",
        "material": "sand",
        "landform": "anchor-range"
      },
      "geometry": {
        "type": "Point",
        "coordinates": [
          -159.736,
          -19.56875,
          863.49
        ]
      }
    },
    {
      "type": "Feature",
      "id": "terrain-r17-c13",
      "properties": {
        "terrain_grid_id": "rey-county-semantic-terrain-v1",
        "terrain_grid_column": 13,
        "terrain_grid_row": 17,
        "terrain_grid_columns": 41,
        "terrain_grid_rows": 41,
        "terrain_grid_validity": "valid",
        "material": "sand",
        "landform": "anchor-range"
      },
      "geometry": {
        "type": "Point",
        "coordinates": [
          -159.714,
          -19.56875,
          835.74
        ]
      }
    },
    {
      "type": "Feature",
      "id": "terrain-r17-c14",
      "properties": {
        "terrain_grid_id": "rey-county-semantic-terrain-v1",
        "terrain_grid_column": 14,
        "terrain_grid_row": 17,
        "terrain_grid_columns": 41,
        "terrain_grid_rows": 41,
        "terrain_grid_validity": "valid",
        "material": "rock",
        "landform": "anchor-range"
      },
      "geometry": {
        "type": "Point",
        "coordinates": [
          -159.692,
          -19.56875,
          797
        ]
      }
    },
    {
      "type": "Feature",
      "id": "terrain-r17-c15",
      "properties": {
        "terrain_grid_id": "rey-county-semantic-terrain-v1",
        "terrain_grid_column": 15,
        "terrain_grid_row": 17,
        "terrain_grid_columns": 41,
        "terrain_grid_rows": 41,
        "terrain_grid_validity": "valid",
        "material": "rock",
        "landform": "anchor-range"
      },
      "geometry": {
        "type": "Point",
        "coordinates": [
          -159.67,
          -19.56875,
          772.33
        ]
      }
    },
    {
      "type": "Feature",
      "id": "terrain-r17-c16",
      "properties": {
        "terrain_grid_id": "rey-county-semantic-terrain-v1",
        "terrain_grid_column": 16,
        "terrain_grid_row": 17,
        "terrain_grid_columns": 41,
        "terrain_grid_rows": 41,
        "terrain_grid_validity": "valid",
        "material": "rock",
        "landform": "anchor-range"
      },
      "geometry": {
        "type": "Point",
        "coordinates": [
          -159.648,
          -19.56875,
          687.03
        ]
      }
    },
    {
      "type": "Feature",
      "id": "terrain-r17-c17",
      "properties": {
        "terrain_grid_id": "rey-county-semantic-terrain-v1",
        "terrain_grid_column": 17,
        "terrain_grid_row": 17,
        "terrain_grid_columns": 41,
        "terrain_grid_rows": 41,
        "terrain_grid_validity": "valid",
        "material": "sand",
        "landform": "anchor-range"
      },
      "geometry": {
        "type": "Point",
        "coordinates": [
          -159.626,
          -19.56875,
          598.2
        ]
      }
    },
    {
      "type": "Feature",
      "id": "terrain-r17-c18",
      "properties": {
        "terrain_grid_id": "rey-county-semantic-terrain-v1",
        "terrain_grid_column": 18,
        "terrain_grid_row": 17,
        "terrain_grid_columns": 41,
        "terrain_grid_rows": 41,
        "terrain_grid_validity": "valid",
        "material": "rock",
        "landform": "anchor-range"
      },
      "geometry": {
        "type": "Point",
        "coordinates": [
          -159.604,
          -19.56875,
          597.88
        ]
      }
    },
    {
      "type": "Feature",
      "id": "terrain-r17-c19",
      "properties": {
        "terrain_grid_id": "rey-county-semantic-terrain-v1",
        "terrain_grid_column": 19,
        "terrain_grid_row": 17,
        "terrain_grid_columns": 41,
        "terrain_grid_rows": 41,
        "terrain_grid_validity": "valid",
        "material": "vegetation",
        "landform": "runtime-basin"
      },
      "geometry": {
        "type": "Point",
        "coordinates": [
          -159.582,
          -19.56875,
          603.62
        ]
      }
    },
    {
      "type": "Feature",
      "id": "terrain-r17-c20",
      "properties": {
        "terrain_grid_id": "rey-county-semantic-terrain-v1",
        "terrain_grid_column": 20,
        "terrain_grid_row": 17,
        "terrain_grid_columns": 41,
        "terrain_grid_rows": 41,
        "terrain_grid_validity": "valid",
        "material": "vegetation",
        "landform": "runtime-basin"
      },
      "geometry": {
        "type": "Point",
        "coordinates": [
          -159.56,
          -19.56875,
          570.29
        ]
      }
    },
    {
      "type": "Feature",
      "id": "terrain-r17-c21",
      "properties": {
        "terrain_grid_id": "rey-county-semantic-terrain-v1",
        "terrain_grid_column": 21,
        "terrain_grid_row": 17,
        "terrain_grid_columns": 41,
        "terrain_grid_rows": 41,
        "terrain_grid_validity": "valid",
        "material": "sand",
        "landform": "runtime-basin"
      },
      "geometry": {
        "type": "Point",
        "coordinates": [
          -159.538,
          -19.56875,
          507.68
        ]
      }
    },
    {
      "type": "Feature",
      "id": "terrain-r17-c22",
      "properties": {
        "terrain_grid_id": "rey-county-semantic-terrain-v1",
        "terrain_grid_column": 22,
        "terrain_grid_row": 17,
        "terrain_grid_columns": 41,
        "terrain_grid_rows": 41,
        "terrain_grid_validity": "valid",
        "material": "vegetation",
        "landform": "runtime-basin"
      },
      "geometry": {
        "type": "Point",
        "coordinates": [
          -159.516,
          -19.56875,
          527.92
        ]
      }
    },
    {
      "type": "Feature",
      "id": "terrain-r17-c23",
      "properties": {
        "terrain_grid_id": "rey-county-semantic-terrain-v1",
        "terrain_grid_column": 23,
        "terrain_grid_row": 17,
        "terrain_grid_columns": 41,
        "terrain_grid_rows": 41,
        "terrain_grid_validity": "valid",
        "material": "vegetation",
        "landform": "runtime-basin"
      },
      "geometry": {
        "type": "Point",
        "coordinates": [
          -159.494,
          -19.56875,
          545.56
        ]
      }
    },
    {
      "type": "Feature",
      "id": "terrain-r17-c24",
      "properties": {
        "terrain_grid_id": "rey-county-semantic-terrain-v1",
        "terrain_grid_column": 24,
        "terrain_grid_row": 17,
        "terrain_grid_columns": 41,
        "terrain_grid_rows": 41,
        "terrain_grid_validity": "valid",
        "material": "vegetation",
        "landform": "runtime-basin"
      },
      "geometry": {
        "type": "Point",
        "coordinates": [
          -159.472,
          -19.56875,
          543.35
        ]
      }
    },
    {
      "type": "Feature",
      "id": "terrain-r17-c25",
      "properties": {
        "terrain_grid_id": "rey-county-semantic-terrain-v1",
        "terrain_grid_column": 25,
        "terrain_grid_row": 17,
        "terrain_grid_columns": 41,
        "terrain_grid_rows": 41,
        "terrain_grid_validity": "valid",
        "material": "vegetation",
        "landform": "runtime-basin"
      },
      "geometry": {
        "type": "Point",
        "coordinates": [
          -159.45,
          -19.56875,
          531.39
        ]
      }
    },
    {
      "type": "Feature",
      "id": "terrain-r17-c26",
      "properties": {
        "terrain_grid_id": "rey-county-semantic-terrain-v1",
        "terrain_grid_column": 26,
        "terrain_grid_row": 17,
        "terrain_grid_columns": 41,
        "terrain_grid_rows": 41,
        "terrain_grid_validity": "valid",
        "material": "vegetation",
        "landform": "runtime-basin"
      },
      "geometry": {
        "type": "Point",
        "coordinates": [
          -159.428,
          -19.56875,
          535.28
        ]
      }
    },
    {
      "type": "Feature",
      "id": "terrain-r17-c27",
      "properties": {
        "terrain_grid_id": "rey-county-semantic-terrain-v1",
        "terrain_grid_column": 27,
        "terrain_grid_row": 17,
        "terrain_grid_columns": 41,
        "terrain_grid_rows": 41,
        "terrain_grid_validity": "valid",
        "material": "vegetation",
        "landform": "runtime-basin"
      },
      "geometry": {
        "type": "Point",
        "coordinates": [
          -159.406,
          -19.56875,
          551.17
        ]
      }
    },
    {
      "type": "Feature",
      "id": "terrain-r17-c28",
      "properties": {
        "terrain_grid_id": "rey-county-semantic-terrain-v1",
        "terrain_grid_column": 28,
        "terrain_grid_row": 17,
        "terrain_grid_columns": 41,
        "terrain_grid_rows": 41,
        "terrain_grid_validity": "valid",
        "material": "vegetation",
        "landform": "explorer-terraces"
      },
      "geometry": {
        "type": "Point",
        "coordinates": [
          -159.384,
          -19.56875,
          569.22
        ]
      }
    },
    {
      "type": "Feature",
      "id": "terrain-r17-c29",
      "properties": {
        "terrain_grid_id": "rey-county-semantic-terrain-v1",
        "terrain_grid_column": 29,
        "terrain_grid_row": 17,
        "terrain_grid_columns": 41,
        "terrain_grid_rows": 41,
        "terrain_grid_validity": "valid",
        "material": "vegetation",
        "landform": "explorer-terraces"
      },
      "geometry": {
        "type": "Point",
        "coordinates": [
          -159.362,
          -19.56875,
          582.55
        ]
      }
    },
    {
      "type": "Feature",
      "id": "terrain-r17-c30",
      "properties": {
        "terrain_grid_id": "rey-county-semantic-terrain-v1",
        "terrain_grid_column": 30,
        "terrain_grid_row": 17,
        "terrain_grid_columns": 41,
        "terrain_grid_rows": 41,
        "terrain_grid_validity": "valid",
        "material": "vegetation",
        "landform": "explorer-terraces"
      },
      "geometry": {
        "type": "Point",
        "coordinates": [
          -159.34,
          -19.56875,
          595.99
        ]
      }
    },
    {
      "type": "Feature",
      "id": "terrain-r17-c31",
      "properties": {
        "terrain_grid_id": "rey-county-semantic-terrain-v1",
        "terrain_grid_column": 31,
        "terrain_grid_row": 17,
        "terrain_grid_columns": 41,
        "terrain_grid_rows": 41,
        "terrain_grid_validity": "valid",
        "material": "vegetation",
        "landform": "explorer-terraces"
      },
      "geometry": {
        "type": "Point",
        "coordinates": [
          -159.318,
          -19.56875,
          579.37
        ]
      }
    },
    {
      "type": "Feature",
      "id": "terrain-r17-c32",
      "properties": {
        "terrain_grid_id": "rey-county-semantic-terrain-v1",
        "terrain_grid_column": 32,
        "terrain_grid_row": 17,
        "terrain_grid_columns": 41,
        "terrain_grid_rows": 41,
        "terrain_grid_validity": "valid",
        "material": "vegetation",
        "landform": "explorer-terraces"
      },
      "geometry": {
        "type": "Point",
        "coordinates": [
          -159.296,
          -19.56875,
          571.61
        ]
      }
    },
    {
      "type": "Feature",
      "id": "terrain-r17-c33",
      "properties": {
        "terrain_grid_id": "rey-county-semantic-terrain-v1",
        "terrain_grid_column": 33,
        "terrain_grid_row": 17,
        "terrain_grid_columns": 41,
        "terrain_grid_rows": 41,
        "terrain_grid_validity": "valid",
        "material": "sand",
        "landform": "explorer-terraces"
      },
      "geometry": {
        "type": "Point",
        "coordinates": [
          -159.274,
          -19.56875,
          486.13
        ]
      }
    },
    {
      "type": "Feature",
      "id": "terrain-r17-c34",
      "properties": {
        "terrain_grid_id": "rey-county-semantic-terrain-v1",
        "terrain_grid_column": 34,
        "terrain_grid_row": 17,
        "terrain_grid_columns": 41,
        "terrain_grid_rows": 41,
        "terrain_grid_validity": "valid",
        "material": "sand",
        "landform": "explorer-terraces"
      },
      "geometry": {
        "type": "Point",
        "coordinates": [
          -159.252,
          -19.56875,
          441.12
        ]
      }
    },
    {
      "type": "Feature",
      "id": "terrain-r17-c35",
      "properties": {
        "terrain_grid_id": "rey-county-semantic-terrain-v1",
        "terrain_grid_column": 35,
        "terrain_grid_row": 17,
        "terrain_grid_columns": 41,
        "terrain_grid_rows": 41,
        "terrain_grid_validity": "valid",
        "material": "sand",
        "landform": "explorer-terraces"
      },
      "geometry": {
        "type": "Point",
        "coordinates": [
          -159.23,
          -19.56875,
          409.66
        ]
      }
    },
    {
      "type": "Feature",
      "id": "terrain-r17-c36",
      "properties": {
        "terrain_grid_id": "rey-county-semantic-terrain-v1",
        "terrain_grid_column": 36,
        "terrain_grid_row": 17,
        "terrain_grid_columns": 41,
        "terrain_grid_rows": 41,
        "terrain_grid_validity": "valid",
        "material": "sand",
        "landform": "explorer-terraces"
      },
      "geometry": {
        "type": "Point",
        "coordinates": [
          -159.208,
          -19.56875,
          396.31
        ]
      }
    },
    {
      "type": "Feature",
      "id": "terrain-r17-c37",
      "properties": {
        "terrain_grid_id": "rey-county-semantic-terrain-v1",
        "terrain_grid_column": 37,
        "terrain_grid_row": 17,
        "terrain_grid_columns": 41,
        "terrain_grid_rows": 41,
        "terrain_grid_validity": "valid",
        "material": "sand",
        "landform": "explorer-terraces"
      },
      "geometry": {
        "type": "Point",
        "coordinates": [
          -159.186,
          -19.56875,
          416.14
        ]
      }
    },
    {
      "type": "Feature",
      "id": "terrain-r17-c38",
      "properties": {
        "terrain_grid_id": "rey-county-semantic-terrain-v1",
        "terrain_grid_column": 38,
        "terrain_grid_row": 17,
        "terrain_grid_columns": 41,
        "terrain_grid_rows": 41,
        "terrain_grid_validity": "valid",
        "material": "vegetation",
        "landform": "explorer-terraces"
      },
      "geometry": {
        "type": "Point",
        "coordinates": [
          -159.164,
          -19.56875,
          502.22
        ]
      }
    },
    {
      "type": "Feature",
      "id": "terrain-r17-c39",
      "properties": {
        "terrain_grid_id": "rey-county-semantic-terrain-v1",
        "terrain_grid_column": 39,
        "terrain_grid_row": 17,
        "terrain_grid_columns": 41,
        "terrain_grid_rows": 41,
        "terrain_grid_validity": "valid",
        "material": "vegetation",
        "landform": "explorer-terraces"
      },
      "geometry": {
        "type": "Point",
        "coordinates": [
          -159.142,
          -19.56875,
          526.97
        ]
      }
    },
    {
      "type": "Feature",
      "id": "terrain-r17-c40",
      "properties": {
        "terrain_grid_id": "rey-county-semantic-terrain-v1",
        "terrain_grid_column": 40,
        "terrain_grid_row": 17,
        "terrain_grid_columns": 41,
        "terrain_grid_rows": 41,
        "terrain_grid_validity": "no_data"
      },
      "geometry": {
        "type": "Point",
        "coordinates": [
          -159.12,
          -19.56875
        ]
      }
    },
    {
      "type": "Feature",
      "id": "terrain-r18-c00",
      "properties": {
        "terrain_grid_id": "rey-county-semantic-terrain-v1",
        "terrain_grid_column": 0,
        "terrain_grid_row": 18,
        "terrain_grid_columns": 41,
        "terrain_grid_rows": 41,
        "terrain_grid_validity": "no_data"
      },
      "geometry": {
        "type": "Point",
        "coordinates": [
          -160,
          -19.5875
        ]
      }
    },
    {
      "type": "Feature",
      "id": "terrain-r18-c01",
      "properties": {
        "terrain_grid_id": "rey-county-semantic-terrain-v1",
        "terrain_grid_column": 1,
        "terrain_grid_row": 18,
        "terrain_grid_columns": 41,
        "terrain_grid_rows": 41,
        "terrain_grid_validity": "no_data"
      },
      "geometry": {
        "type": "Point",
        "coordinates": [
          -159.978,
          -19.5875
        ]
      }
    },
    {
      "type": "Feature",
      "id": "terrain-r18-c02",
      "properties": {
        "terrain_grid_id": "rey-county-semantic-terrain-v1",
        "terrain_grid_column": 2,
        "terrain_grid_row": 18,
        "terrain_grid_columns": 41,
        "terrain_grid_rows": 41,
        "terrain_grid_validity": "no_data"
      },
      "geometry": {
        "type": "Point",
        "coordinates": [
          -159.956,
          -19.5875
        ]
      }
    },
    {
      "type": "Feature",
      "id": "terrain-r18-c03",
      "properties": {
        "terrain_grid_id": "rey-county-semantic-terrain-v1",
        "terrain_grid_column": 3,
        "terrain_grid_row": 18,
        "terrain_grid_columns": 41,
        "terrain_grid_rows": 41,
        "terrain_grid_validity": "valid",
        "material": "rock",
        "landform": "anchor-range"
      },
      "geometry": {
        "type": "Point",
        "coordinates": [
          -159.934,
          -19.5875,
          799.5
        ]
      }
    },
    {
      "type": "Feature",
      "id": "terrain-r18-c04",
      "properties": {
        "terrain_grid_id": "rey-county-semantic-terrain-v1",
        "terrain_grid_column": 4,
        "terrain_grid_row": 18,
        "terrain_grid_columns": 41,
        "terrain_grid_rows": 41,
        "terrain_grid_validity": "valid",
        "material": "rock",
        "landform": "anchor-range"
      },
      "geometry": {
        "type": "Point",
        "coordinates": [
          -159.912,
          -19.5875,
          839.44
        ]
      }
    },
    {
      "type": "Feature",
      "id": "terrain-r18-c05",
      "properties": {
        "terrain_grid_id": "rey-county-semantic-terrain-v1",
        "terrain_grid_column": 5,
        "terrain_grid_row": 18,
        "terrain_grid_columns": 41,
        "terrain_grid_rows": 41,
        "terrain_grid_validity": "valid",
        "material": "granite",
        "landform": "anchor-range"
      },
      "geometry": {
        "type": "Point",
        "coordinates": [
          -159.89,
          -19.5875,
          883.54
        ]
      }
    },
    {
      "type": "Feature",
      "id": "terrain-r18-c06",
      "properties": {
        "terrain_grid_id": "rey-county-semantic-terrain-v1",
        "terrain_grid_column": 6,
        "terrain_grid_row": 18,
        "terrain_grid_columns": 41,
        "terrain_grid_rows": 41,
        "terrain_grid_validity": "valid",
        "material": "granite",
        "landform": "anchor-range"
      },
      "geometry": {
        "type": "Point",
        "coordinates": [
          -159.868,
          -19.5875,
          894.61
        ]
      }
    },
    {
      "type": "Feature",
      "id": "terrain-r18-c07",
      "properties": {
        "terrain_grid_id": "rey-county-semantic-terrain-v1",
        "terrain_grid_column": 7,
        "terrain_grid_row": 18,
        "terrain_grid_columns": 41,
        "terrain_grid_rows": 41,
        "terrain_grid_validity": "valid",
        "material": "granite",
        "landform": "anchor-range"
      },
      "geometry": {
        "type": "Point",
        "coordinates": [
          -159.846,
          -19.5875,
          907.41
        ]
      }
    },
    {
      "type": "Feature",
      "id": "terrain-r18-c08",
      "properties": {
        "terrain_grid_id": "rey-county-semantic-terrain-v1",
        "terrain_grid_column": 8,
        "terrain_grid_row": 18,
        "terrain_grid_columns": 41,
        "terrain_grid_rows": 41,
        "terrain_grid_validity": "valid",
        "material": "granite",
        "landform": "anchor-range"
      },
      "geometry": {
        "type": "Point",
        "coordinates": [
          -159.824,
          -19.5875,
          912.31
        ]
      }
    },
    {
      "type": "Feature",
      "id": "terrain-r18-c09",
      "properties": {
        "terrain_grid_id": "rey-county-semantic-terrain-v1",
        "terrain_grid_column": 9,
        "terrain_grid_row": 18,
        "terrain_grid_columns": 41,
        "terrain_grid_rows": 41,
        "terrain_grid_validity": "valid",
        "material": "granite",
        "landform": "anchor-range"
      },
      "geometry": {
        "type": "Point",
        "coordinates": [
          -159.802,
          -19.5875,
          914.96
        ]
      }
    },
    {
      "type": "Feature",
      "id": "terrain-r18-c10",
      "properties": {
        "terrain_grid_id": "rey-county-semantic-terrain-v1",
        "terrain_grid_column": 10,
        "terrain_grid_row": 18,
        "terrain_grid_columns": 41,
        "terrain_grid_rows": 41,
        "terrain_grid_validity": "valid",
        "material": "granite",
        "landform": "anchor-range"
      },
      "geometry": {
        "type": "Point",
        "coordinates": [
          -159.78,
          -19.5875,
          912.11
        ]
      }
    },
    {
      "type": "Feature",
      "id": "terrain-r18-c11",
      "properties": {
        "terrain_grid_id": "rey-county-semantic-terrain-v1",
        "terrain_grid_column": 11,
        "terrain_grid_row": 18,
        "terrain_grid_columns": 41,
        "terrain_grid_rows": 41,
        "terrain_grid_validity": "valid",
        "material": "granite",
        "landform": "anchor-range"
      },
      "geometry": {
        "type": "Point",
        "coordinates": [
          -159.758,
          -19.5875,
          897.36
        ]
      }
    },
    {
      "type": "Feature",
      "id": "terrain-r18-c12",
      "properties": {
        "terrain_grid_id": "rey-county-semantic-terrain-v1",
        "terrain_grid_column": 12,
        "terrain_grid_row": 18,
        "terrain_grid_columns": 41,
        "terrain_grid_rows": 41,
        "terrain_grid_validity": "valid",
        "material": "rock",
        "landform": "anchor-range"
      },
      "geometry": {
        "type": "Point",
        "coordinates": [
          -159.736,
          -19.5875,
          835.19
        ]
      }
    },
    {
      "type": "Feature",
      "id": "terrain-r18-c13",
      "properties": {
        "terrain_grid_id": "rey-county-semantic-terrain-v1",
        "terrain_grid_column": 13,
        "terrain_grid_row": 18,
        "terrain_grid_columns": 41,
        "terrain_grid_rows": 41,
        "terrain_grid_validity": "valid",
        "material": "rock",
        "landform": "anchor-range"
      },
      "geometry": {
        "type": "Point",
        "coordinates": [
          -159.714,
          -19.5875,
          776.15
        ]
      }
    },
    {
      "type": "Feature",
      "id": "terrain-r18-c14",
      "properties": {
        "terrain_grid_id": "rey-county-semantic-terrain-v1",
        "terrain_grid_column": 14,
        "terrain_grid_row": 18,
        "terrain_grid_columns": 41,
        "terrain_grid_rows": 41,
        "terrain_grid_validity": "valid",
        "material": "sand",
        "landform": "anchor-range"
      },
      "geometry": {
        "type": "Point",
        "coordinates": [
          -159.692,
          -19.5875,
          701.79
        ]
      }
    },
    {
      "type": "Feature",
      "id": "terrain-r18-c15",
      "properties": {
        "terrain_grid_id": "rey-county-semantic-terrain-v1",
        "terrain_grid_column": 15,
        "terrain_grid_row": 18,
        "terrain_grid_columns": 41,
        "terrain_grid_rows": 41,
        "terrain_grid_validity": "valid",
        "material": "sand",
        "landform": "anchor-range"
      },
      "geometry": {
        "type": "Point",
        "coordinates": [
          -159.67,
          -19.5875,
          638.65
        ]
      }
    },
    {
      "type": "Feature",
      "id": "terrain-r18-c16",
      "properties": {
        "terrain_grid_id": "rey-county-semantic-terrain-v1",
        "terrain_grid_column": 16,
        "terrain_grid_row": 18,
        "terrain_grid_columns": 41,
        "terrain_grid_rows": 41,
        "terrain_grid_validity": "valid",
        "material": "sand",
        "landform": "anchor-range"
      },
      "geometry": {
        "type": "Point",
        "coordinates": [
          -159.648,
          -19.5875,
          572.83
        ]
      }
    },
    {
      "type": "Feature",
      "id": "terrain-r18-c17",
      "properties": {
        "terrain_grid_id": "rey-county-semantic-terrain-v1",
        "terrain_grid_column": 17,
        "terrain_grid_row": 18,
        "terrain_grid_columns": 41,
        "terrain_grid_rows": 41,
        "terrain_grid_validity": "valid",
        "material": "sand",
        "landform": "runtime-basin"
      },
      "geometry": {
        "type": "Point",
        "coordinates": [
          -159.626,
          -19.5875,
          477.2
        ]
      }
    },
    {
      "type": "Feature",
      "id": "terrain-r18-c18",
      "properties": {
        "terrain_grid_id": "rey-county-semantic-terrain-v1",
        "terrain_grid_column": 18,
        "terrain_grid_row": 18,
        "terrain_grid_columns": 41,
        "terrain_grid_rows": 41,
        "terrain_grid_validity": "valid",
        "material": "vegetation",
        "landform": "runtime-basin"
      },
      "geometry": {
        "type": "Point",
        "coordinates": [
          -159.604,
          -19.5875,
          453.25
        ]
      }
    },
    {
      "type": "Feature",
      "id": "terrain-r18-c19",
      "properties": {
        "terrain_grid_id": "rey-county-semantic-terrain-v1",
        "terrain_grid_column": 19,
        "terrain_grid_row": 18,
        "terrain_grid_columns": 41,
        "terrain_grid_rows": 41,
        "terrain_grid_validity": "valid",
        "material": "vegetation",
        "landform": "runtime-basin"
      },
      "geometry": {
        "type": "Point",
        "coordinates": [
          -159.582,
          -19.5875,
          496.99
        ]
      }
    },
    {
      "type": "Feature",
      "id": "terrain-r18-c20",
      "properties": {
        "terrain_grid_id": "rey-county-semantic-terrain-v1",
        "terrain_grid_column": 20,
        "terrain_grid_row": 18,
        "terrain_grid_columns": 41,
        "terrain_grid_rows": 41,
        "terrain_grid_validity": "valid",
        "material": "vegetation",
        "landform": "runtime-basin"
      },
      "geometry": {
        "type": "Point",
        "coordinates": [
          -159.56,
          -19.5875,
          484.54
        ]
      }
    },
    {
      "type": "Feature",
      "id": "terrain-r18-c21",
      "properties": {
        "terrain_grid_id": "rey-county-semantic-terrain-v1",
        "terrain_grid_column": 21,
        "terrain_grid_row": 18,
        "terrain_grid_columns": 41,
        "terrain_grid_rows": 41,
        "terrain_grid_validity": "valid",
        "material": "sand",
        "landform": "runtime-basin"
      },
      "geometry": {
        "type": "Point",
        "coordinates": [
          -159.538,
          -19.5875,
          429.04
        ]
      }
    },
    {
      "type": "Feature",
      "id": "terrain-r18-c22",
      "properties": {
        "terrain_grid_id": "rey-county-semantic-terrain-v1",
        "terrain_grid_column": 22,
        "terrain_grid_row": 18,
        "terrain_grid_columns": 41,
        "terrain_grid_rows": 41,
        "terrain_grid_validity": "valid",
        "material": "vegetation",
        "landform": "runtime-basin"
      },
      "geometry": {
        "type": "Point",
        "coordinates": [
          -159.516,
          -19.5875,
          448.51
        ]
      }
    },
    {
      "type": "Feature",
      "id": "terrain-r18-c23",
      "properties": {
        "terrain_grid_id": "rey-county-semantic-terrain-v1",
        "terrain_grid_column": 23,
        "terrain_grid_row": 18,
        "terrain_grid_columns": 41,
        "terrain_grid_rows": 41,
        "terrain_grid_validity": "valid",
        "material": "vegetation",
        "landform": "runtime-basin"
      },
      "geometry": {
        "type": "Point",
        "coordinates": [
          -159.494,
          -19.5875,
          473.71
        ]
      }
    },
    {
      "type": "Feature",
      "id": "terrain-r18-c24",
      "properties": {
        "terrain_grid_id": "rey-county-semantic-terrain-v1",
        "terrain_grid_column": 24,
        "terrain_grid_row": 18,
        "terrain_grid_columns": 41,
        "terrain_grid_rows": 41,
        "terrain_grid_validity": "valid",
        "material": "vegetation",
        "landform": "runtime-basin"
      },
      "geometry": {
        "type": "Point",
        "coordinates": [
          -159.472,
          -19.5875,
          481.53
        ]
      }
    },
    {
      "type": "Feature",
      "id": "terrain-r18-c25",
      "properties": {
        "terrain_grid_id": "rey-county-semantic-terrain-v1",
        "terrain_grid_column": 25,
        "terrain_grid_row": 18,
        "terrain_grid_columns": 41,
        "terrain_grid_rows": 41,
        "terrain_grid_validity": "valid",
        "material": "vegetation",
        "landform": "runtime-basin"
      },
      "geometry": {
        "type": "Point",
        "coordinates": [
          -159.45,
          -19.5875,
          482.06
        ]
      }
    },
    {
      "type": "Feature",
      "id": "terrain-r18-c26",
      "properties": {
        "terrain_grid_id": "rey-county-semantic-terrain-v1",
        "terrain_grid_column": 26,
        "terrain_grid_row": 18,
        "terrain_grid_columns": 41,
        "terrain_grid_rows": 41,
        "terrain_grid_validity": "valid",
        "material": "vegetation",
        "landform": "runtime-basin"
      },
      "geometry": {
        "type": "Point",
        "coordinates": [
          -159.428,
          -19.5875,
          484.88
        ]
      }
    },
    {
      "type": "Feature",
      "id": "terrain-r18-c27",
      "properties": {
        "terrain_grid_id": "rey-county-semantic-terrain-v1",
        "terrain_grid_column": 27,
        "terrain_grid_row": 18,
        "terrain_grid_columns": 41,
        "terrain_grid_rows": 41,
        "terrain_grid_validity": "valid",
        "material": "vegetation",
        "landform": "runtime-basin"
      },
      "geometry": {
        "type": "Point",
        "coordinates": [
          -159.406,
          -19.5875,
          500.79
        ]
      }
    },
    {
      "type": "Feature",
      "id": "terrain-r18-c28",
      "properties": {
        "terrain_grid_id": "rey-county-semantic-terrain-v1",
        "terrain_grid_column": 28,
        "terrain_grid_row": 18,
        "terrain_grid_columns": 41,
        "terrain_grid_rows": 41,
        "terrain_grid_validity": "valid",
        "material": "vegetation",
        "landform": "runtime-basin"
      },
      "geometry": {
        "type": "Point",
        "coordinates": [
          -159.384,
          -19.5875,
          523.75
        ]
      }
    },
    {
      "type": "Feature",
      "id": "terrain-r18-c29",
      "properties": {
        "terrain_grid_id": "rey-county-semantic-terrain-v1",
        "terrain_grid_column": 29,
        "terrain_grid_row": 18,
        "terrain_grid_columns": 41,
        "terrain_grid_rows": 41,
        "terrain_grid_validity": "valid",
        "material": "vegetation",
        "landform": "explorer-terraces"
      },
      "geometry": {
        "type": "Point",
        "coordinates": [
          -159.362,
          -19.5875,
          532.72
        ]
      }
    },
    {
      "type": "Feature",
      "id": "terrain-r18-c30",
      "properties": {
        "terrain_grid_id": "rey-county-semantic-terrain-v1",
        "terrain_grid_column": 30,
        "terrain_grid_row": 18,
        "terrain_grid_columns": 41,
        "terrain_grid_rows": 41,
        "terrain_grid_validity": "valid",
        "material": "vegetation",
        "landform": "explorer-terraces"
      },
      "geometry": {
        "type": "Point",
        "coordinates": [
          -159.34,
          -19.5875,
          550.14
        ]
      }
    },
    {
      "type": "Feature",
      "id": "terrain-r18-c31",
      "properties": {
        "terrain_grid_id": "rey-county-semantic-terrain-v1",
        "terrain_grid_column": 31,
        "terrain_grid_row": 18,
        "terrain_grid_columns": 41,
        "terrain_grid_rows": 41,
        "terrain_grid_validity": "valid",
        "material": "vegetation",
        "landform": "explorer-terraces"
      },
      "geometry": {
        "type": "Point",
        "coordinates": [
          -159.318,
          -19.5875,
          525.2
        ]
      }
    },
    {
      "type": "Feature",
      "id": "terrain-r18-c32",
      "properties": {
        "terrain_grid_id": "rey-county-semantic-terrain-v1",
        "terrain_grid_column": 32,
        "terrain_grid_row": 18,
        "terrain_grid_columns": 41,
        "terrain_grid_rows": 41,
        "terrain_grid_validity": "valid",
        "material": "vegetation",
        "landform": "explorer-terraces"
      },
      "geometry": {
        "type": "Point",
        "coordinates": [
          -159.296,
          -19.5875,
          487.83
        ]
      }
    },
    {
      "type": "Feature",
      "id": "terrain-r18-c33",
      "properties": {
        "terrain_grid_id": "rey-county-semantic-terrain-v1",
        "terrain_grid_column": 33,
        "terrain_grid_row": 18,
        "terrain_grid_columns": 41,
        "terrain_grid_rows": 41,
        "terrain_grid_validity": "valid",
        "material": "sand",
        "landform": "explorer-terraces"
      },
      "geometry": {
        "type": "Point",
        "coordinates": [
          -159.274,
          -19.5875,
          412.86
        ]
      }
    },
    {
      "type": "Feature",
      "id": "terrain-r18-c34",
      "properties": {
        "terrain_grid_id": "rey-county-semantic-terrain-v1",
        "terrain_grid_column": 34,
        "terrain_grid_row": 18,
        "terrain_grid_columns": 41,
        "terrain_grid_rows": 41,
        "terrain_grid_validity": "valid",
        "material": "sand",
        "landform": "explorer-terraces"
      },
      "geometry": {
        "type": "Point",
        "coordinates": [
          -159.252,
          -19.5875,
          360.92
        ]
      }
    },
    {
      "type": "Feature",
      "id": "terrain-r18-c35",
      "properties": {
        "terrain_grid_id": "rey-county-semantic-terrain-v1",
        "terrain_grid_column": 35,
        "terrain_grid_row": 18,
        "terrain_grid_columns": 41,
        "terrain_grid_rows": 41,
        "terrain_grid_validity": "valid",
        "material": "sand",
        "landform": "explorer-terraces"
      },
      "geometry": {
        "type": "Point",
        "coordinates": [
          -159.23,
          -19.5875,
          320.84
        ]
      }
    },
    {
      "type": "Feature",
      "id": "terrain-r18-c36",
      "properties": {
        "terrain_grid_id": "rey-county-semantic-terrain-v1",
        "terrain_grid_column": 36,
        "terrain_grid_row": 18,
        "terrain_grid_columns": 41,
        "terrain_grid_rows": 41,
        "terrain_grid_validity": "valid",
        "material": "sand",
        "landform": "explorer-terraces"
      },
      "geometry": {
        "type": "Point",
        "coordinates": [
          -159.208,
          -19.5875,
          322.73
        ]
      }
    },
    {
      "type": "Feature",
      "id": "terrain-r18-c37",
      "properties": {
        "terrain_grid_id": "rey-county-semantic-terrain-v1",
        "terrain_grid_column": 37,
        "terrain_grid_row": 18,
        "terrain_grid_columns": 41,
        "terrain_grid_rows": 41,
        "terrain_grid_validity": "valid",
        "material": "sand",
        "landform": "explorer-terraces"
      },
      "geometry": {
        "type": "Point",
        "coordinates": [
          -159.186,
          -19.5875,
          344.25
        ]
      }
    },
    {
      "type": "Feature",
      "id": "terrain-r18-c38",
      "properties": {
        "terrain_grid_id": "rey-county-semantic-terrain-v1",
        "terrain_grid_column": 38,
        "terrain_grid_row": 18,
        "terrain_grid_columns": 41,
        "terrain_grid_rows": 41,
        "terrain_grid_validity": "valid",
        "material": "sand",
        "landform": "explorer-terraces"
      },
      "geometry": {
        "type": "Point",
        "coordinates": [
          -159.164,
          -19.5875,
          407.6
        ]
      }
    },
    {
      "type": "Feature",
      "id": "terrain-r18-c39",
      "properties": {
        "terrain_grid_id": "rey-county-semantic-terrain-v1",
        "terrain_grid_column": 39,
        "terrain_grid_row": 18,
        "terrain_grid_columns": 41,
        "terrain_grid_rows": 41,
        "terrain_grid_validity": "valid",
        "material": "vegetation",
        "landform": "explorer-terraces"
      },
      "geometry": {
        "type": "Point",
        "coordinates": [
          -159.142,
          -19.5875,
          520.73
        ]
      }
    },
    {
      "type": "Feature",
      "id": "terrain-r18-c40",
      "properties": {
        "terrain_grid_id": "rey-county-semantic-terrain-v1",
        "terrain_grid_column": 40,
        "terrain_grid_row": 18,
        "terrain_grid_columns": 41,
        "terrain_grid_rows": 41,
        "terrain_grid_validity": "no_data"
      },
      "geometry": {
        "type": "Point",
        "coordinates": [
          -159.12,
          -19.5875
        ]
      }
    },
    {
      "type": "Feature",
      "id": "terrain-r19-c00",
      "properties": {
        "terrain_grid_id": "rey-county-semantic-terrain-v1",
        "terrain_grid_column": 0,
        "terrain_grid_row": 19,
        "terrain_grid_columns": 41,
        "terrain_grid_rows": 41,
        "terrain_grid_validity": "no_data"
      },
      "geometry": {
        "type": "Point",
        "coordinates": [
          -160,
          -19.60625
        ]
      }
    },
    {
      "type": "Feature",
      "id": "terrain-r19-c01",
      "properties": {
        "terrain_grid_id": "rey-county-semantic-terrain-v1",
        "terrain_grid_column": 1,
        "terrain_grid_row": 19,
        "terrain_grid_columns": 41,
        "terrain_grid_rows": 41,
        "terrain_grid_validity": "no_data"
      },
      "geometry": {
        "type": "Point",
        "coordinates": [
          -159.978,
          -19.60625
        ]
      }
    },
    {
      "type": "Feature",
      "id": "terrain-r19-c02",
      "properties": {
        "terrain_grid_id": "rey-county-semantic-terrain-v1",
        "terrain_grid_column": 2,
        "terrain_grid_row": 19,
        "terrain_grid_columns": 41,
        "terrain_grid_rows": 41,
        "terrain_grid_validity": "no_data"
      },
      "geometry": {
        "type": "Point",
        "coordinates": [
          -159.956,
          -19.60625
        ]
      }
    },
    {
      "type": "Feature",
      "id": "terrain-r19-c03",
      "properties": {
        "terrain_grid_id": "rey-county-semantic-terrain-v1",
        "terrain_grid_column": 3,
        "terrain_grid_row": 19,
        "terrain_grid_columns": 41,
        "terrain_grid_rows": 41,
        "terrain_grid_validity": "valid",
        "material": "rock",
        "landform": "anchor-range"
      },
      "geometry": {
        "type": "Point",
        "coordinates": [
          -159.934,
          -19.60625,
          770.64
        ]
      }
    },
    {
      "type": "Feature",
      "id": "terrain-r19-c04",
      "properties": {
        "terrain_grid_id": "rey-county-semantic-terrain-v1",
        "terrain_grid_column": 4,
        "terrain_grid_row": 19,
        "terrain_grid_columns": 41,
        "terrain_grid_rows": 41,
        "terrain_grid_validity": "valid",
        "material": "rock",
        "landform": "anchor-range"
      },
      "geometry": {
        "type": "Point",
        "coordinates": [
          -159.912,
          -19.60625,
          805.73
        ]
      }
    },
    {
      "type": "Feature",
      "id": "terrain-r19-c05",
      "properties": {
        "terrain_grid_id": "rey-county-semantic-terrain-v1",
        "terrain_grid_column": 5,
        "terrain_grid_row": 19,
        "terrain_grid_columns": 41,
        "terrain_grid_rows": 41,
        "terrain_grid_validity": "valid",
        "material": "rock",
        "landform": "anchor-range"
      },
      "geometry": {
        "type": "Point",
        "coordinates": [
          -159.89,
          -19.60625,
          845.21
        ]
      }
    },
    {
      "type": "Feature",
      "id": "terrain-r19-c06",
      "properties": {
        "terrain_grid_id": "rey-county-semantic-terrain-v1",
        "terrain_grid_column": 6,
        "terrain_grid_row": 19,
        "terrain_grid_columns": 41,
        "terrain_grid_rows": 41,
        "terrain_grid_validity": "valid",
        "material": "granite",
        "landform": "anchor-range"
      },
      "geometry": {
        "type": "Point",
        "coordinates": [
          -159.868,
          -19.60625,
          868.55
        ]
      }
    },
    {
      "type": "Feature",
      "id": "terrain-r19-c07",
      "properties": {
        "terrain_grid_id": "rey-county-semantic-terrain-v1",
        "terrain_grid_column": 7,
        "terrain_grid_row": 19,
        "terrain_grid_columns": 41,
        "terrain_grid_rows": 41,
        "terrain_grid_validity": "valid",
        "material": "granite",
        "landform": "anchor-range"
      },
      "geometry": {
        "type": "Point",
        "coordinates": [
          -159.846,
          -19.60625,
          869.87
        ]
      }
    },
    {
      "type": "Feature",
      "id": "terrain-r19-c08",
      "properties": {
        "terrain_grid_id": "rey-county-semantic-terrain-v1",
        "terrain_grid_column": 8,
        "terrain_grid_row": 19,
        "terrain_grid_columns": 41,
        "terrain_grid_rows": 41,
        "terrain_grid_validity": "valid",
        "material": "granite",
        "landform": "anchor-range"
      },
      "geometry": {
        "type": "Point",
        "coordinates": [
          -159.824,
          -19.60625,
          867.4
        ]
      }
    },
    {
      "type": "Feature",
      "id": "terrain-r19-c09",
      "properties": {
        "terrain_grid_id": "rey-county-semantic-terrain-v1",
        "terrain_grid_column": 9,
        "terrain_grid_row": 19,
        "terrain_grid_columns": 41,
        "terrain_grid_rows": 41,
        "terrain_grid_validity": "valid",
        "material": "granite",
        "landform": "anchor-range"
      },
      "geometry": {
        "type": "Point",
        "coordinates": [
          -159.802,
          -19.60625,
          865.04
        ]
      }
    },
    {
      "type": "Feature",
      "id": "terrain-r19-c10",
      "properties": {
        "terrain_grid_id": "rey-county-semantic-terrain-v1",
        "terrain_grid_column": 10,
        "terrain_grid_row": 19,
        "terrain_grid_columns": 41,
        "terrain_grid_rows": 41,
        "terrain_grid_validity": "valid",
        "material": "rock",
        "landform": "anchor-range"
      },
      "geometry": {
        "type": "Point",
        "coordinates": [
          -159.78,
          -19.60625,
          847.75
        ]
      }
    },
    {
      "type": "Feature",
      "id": "terrain-r19-c11",
      "properties": {
        "terrain_grid_id": "rey-county-semantic-terrain-v1",
        "terrain_grid_column": 11,
        "terrain_grid_row": 19,
        "terrain_grid_columns": 41,
        "terrain_grid_rows": 41,
        "terrain_grid_validity": "valid",
        "material": "rock",
        "landform": "anchor-range"
      },
      "geometry": {
        "type": "Point",
        "coordinates": [
          -159.758,
          -19.60625,
          829.26
        ]
      }
    },
    {
      "type": "Feature",
      "id": "terrain-r19-c12",
      "properties": {
        "terrain_grid_id": "rey-county-semantic-terrain-v1",
        "terrain_grid_column": 12,
        "terrain_grid_row": 19,
        "terrain_grid_columns": 41,
        "terrain_grid_rows": 41,
        "terrain_grid_validity": "valid",
        "material": "rock",
        "landform": "anchor-range"
      },
      "geometry": {
        "type": "Point",
        "coordinates": [
          -159.736,
          -19.60625,
          787.75
        ]
      }
    },
    {
      "type": "Feature",
      "id": "terrain-r19-c13",
      "properties": {
        "terrain_grid_id": "rey-county-semantic-terrain-v1",
        "terrain_grid_column": 13,
        "terrain_grid_row": 19,
        "terrain_grid_columns": 41,
        "terrain_grid_rows": 41,
        "terrain_grid_validity": "valid",
        "material": "rock",
        "landform": "anchor-range"
      },
      "geometry": {
        "type": "Point",
        "coordinates": [
          -159.714,
          -19.60625,
          721.82
        ]
      }
    },
    {
      "type": "Feature",
      "id": "terrain-r19-c14",
      "properties": {
        "terrain_grid_id": "rey-county-semantic-terrain-v1",
        "terrain_grid_column": 14,
        "terrain_grid_row": 19,
        "terrain_grid_columns": 41,
        "terrain_grid_rows": 41,
        "terrain_grid_validity": "valid",
        "material": "rock",
        "landform": "anchor-range"
      },
      "geometry": {
        "type": "Point",
        "coordinates": [
          -159.692,
          -19.60625,
          667.22
        ]
      }
    },
    {
      "type": "Feature",
      "id": "terrain-r19-c15",
      "properties": {
        "terrain_grid_id": "rey-county-semantic-terrain-v1",
        "terrain_grid_column": 15,
        "terrain_grid_row": 19,
        "terrain_grid_columns": 41,
        "terrain_grid_rows": 41,
        "terrain_grid_validity": "valid",
        "material": "rock",
        "landform": "runtime-basin"
      },
      "geometry": {
        "type": "Point",
        "coordinates": [
          -159.67,
          -19.60625,
          600.28
        ]
      }
    },
    {
      "type": "Feature",
      "id": "terrain-r19-c16",
      "properties": {
        "terrain_grid_id": "rey-county-semantic-terrain-v1",
        "terrain_grid_column": 16,
        "terrain_grid_row": 19,
        "terrain_grid_columns": 41,
        "terrain_grid_rows": 41,
        "terrain_grid_validity": "valid",
        "material": "vegetation",
        "landform": "runtime-basin"
      },
      "geometry": {
        "type": "Point",
        "coordinates": [
          -159.648,
          -19.60625,
          531.16
        ]
      }
    },
    {
      "type": "Feature",
      "id": "terrain-r19-c17",
      "properties": {
        "terrain_grid_id": "rey-county-semantic-terrain-v1",
        "terrain_grid_column": 17,
        "terrain_grid_row": 19,
        "terrain_grid_columns": 41,
        "terrain_grid_rows": 41,
        "terrain_grid_validity": "valid",
        "material": "vegetation",
        "landform": "runtime-basin"
      },
      "geometry": {
        "type": "Point",
        "coordinates": [
          -159.626,
          -19.60625,
          421.81
        ]
      }
    },
    {
      "type": "Feature",
      "id": "terrain-r19-c18",
      "properties": {
        "terrain_grid_id": "rey-county-semantic-terrain-v1",
        "terrain_grid_column": 18,
        "terrain_grid_row": 19,
        "terrain_grid_columns": 41,
        "terrain_grid_rows": 41,
        "terrain_grid_validity": "valid",
        "material": "sand",
        "landform": "runtime-basin"
      },
      "geometry": {
        "type": "Point",
        "coordinates": [
          -159.604,
          -19.60625,
          339.66
        ]
      }
    },
    {
      "type": "Feature",
      "id": "terrain-r19-c19",
      "properties": {
        "terrain_grid_id": "rey-county-semantic-terrain-v1",
        "terrain_grid_column": 19,
        "terrain_grid_row": 19,
        "terrain_grid_columns": 41,
        "terrain_grid_rows": 41,
        "terrain_grid_validity": "valid",
        "material": "vegetation",
        "landform": "runtime-basin"
      },
      "geometry": {
        "type": "Point",
        "coordinates": [
          -159.582,
          -19.60625,
          363.93
        ]
      }
    },
    {
      "type": "Feature",
      "id": "terrain-r19-c20",
      "properties": {
        "terrain_grid_id": "rey-county-semantic-terrain-v1",
        "terrain_grid_column": 20,
        "terrain_grid_row": 19,
        "terrain_grid_columns": 41,
        "terrain_grid_rows": 41,
        "terrain_grid_validity": "valid",
        "material": "vegetation",
        "landform": "runtime-basin"
      },
      "geometry": {
        "type": "Point",
        "coordinates": [
          -159.56,
          -19.60625,
          392.69
        ]
      }
    },
    {
      "type": "Feature",
      "id": "terrain-r19-c21",
      "properties": {
        "terrain_grid_id": "rey-county-semantic-terrain-v1",
        "terrain_grid_column": 21,
        "terrain_grid_row": 19,
        "terrain_grid_columns": 41,
        "terrain_grid_rows": 41,
        "terrain_grid_validity": "valid",
        "material": "vegetation",
        "landform": "runtime-basin"
      },
      "geometry": {
        "type": "Point",
        "coordinates": [
          -159.538,
          -19.60625,
          363.68
        ]
      }
    },
    {
      "type": "Feature",
      "id": "terrain-r19-c22",
      "properties": {
        "terrain_grid_id": "rey-county-semantic-terrain-v1",
        "terrain_grid_column": 22,
        "terrain_grid_row": 19,
        "terrain_grid_columns": 41,
        "terrain_grid_rows": 41,
        "terrain_grid_validity": "valid",
        "material": "sand",
        "landform": "runtime-basin"
      },
      "geometry": {
        "type": "Point",
        "coordinates": [
          -159.516,
          -19.60625,
          366.88
        ]
      }
    },
    {
      "type": "Feature",
      "id": "terrain-r19-c23",
      "properties": {
        "terrain_grid_id": "rey-county-semantic-terrain-v1",
        "terrain_grid_column": 23,
        "terrain_grid_row": 19,
        "terrain_grid_columns": 41,
        "terrain_grid_rows": 41,
        "terrain_grid_validity": "valid",
        "material": "vegetation",
        "landform": "runtime-basin"
      },
      "geometry": {
        "type": "Point",
        "coordinates": [
          -159.494,
          -19.60625,
          414.45
        ]
      }
    },
    {
      "type": "Feature",
      "id": "terrain-r19-c24",
      "properties": {
        "terrain_grid_id": "rey-county-semantic-terrain-v1",
        "terrain_grid_column": 24,
        "terrain_grid_row": 19,
        "terrain_grid_columns": 41,
        "terrain_grid_rows": 41,
        "terrain_grid_validity": "valid",
        "material": "vegetation",
        "landform": "runtime-basin"
      },
      "geometry": {
        "type": "Point",
        "coordinates": [
          -159.472,
          -19.60625,
          426.08
        ]
      }
    },
    {
      "type": "Feature",
      "id": "terrain-r19-c25",
      "properties": {
        "terrain_grid_id": "rey-county-semantic-terrain-v1",
        "terrain_grid_column": 25,
        "terrain_grid_row": 19,
        "terrain_grid_columns": 41,
        "terrain_grid_rows": 41,
        "terrain_grid_validity": "valid",
        "material": "vegetation",
        "landform": "runtime-basin"
      },
      "geometry": {
        "type": "Point",
        "coordinates": [
          -159.45,
          -19.60625,
          433.38
        ]
      }
    },
    {
      "type": "Feature",
      "id": "terrain-r19-c26",
      "properties": {
        "terrain_grid_id": "rey-county-semantic-terrain-v1",
        "terrain_grid_column": 26,
        "terrain_grid_row": 19,
        "terrain_grid_columns": 41,
        "terrain_grid_rows": 41,
        "terrain_grid_validity": "valid",
        "material": "vegetation",
        "landform": "runtime-basin"
      },
      "geometry": {
        "type": "Point",
        "coordinates": [
          -159.428,
          -19.60625,
          439.26
        ]
      }
    },
    {
      "type": "Feature",
      "id": "terrain-r19-c27",
      "properties": {
        "terrain_grid_id": "rey-county-semantic-terrain-v1",
        "terrain_grid_column": 27,
        "terrain_grid_row": 19,
        "terrain_grid_columns": 41,
        "terrain_grid_rows": 41,
        "terrain_grid_validity": "valid",
        "material": "vegetation",
        "landform": "runtime-basin"
      },
      "geometry": {
        "type": "Point",
        "coordinates": [
          -159.406,
          -19.60625,
          450.6
        ]
      }
    },
    {
      "type": "Feature",
      "id": "terrain-r19-c28",
      "properties": {
        "terrain_grid_id": "rey-county-semantic-terrain-v1",
        "terrain_grid_column": 28,
        "terrain_grid_row": 19,
        "terrain_grid_columns": 41,
        "terrain_grid_rows": 41,
        "terrain_grid_validity": "valid",
        "material": "vegetation",
        "landform": "runtime-basin"
      },
      "geometry": {
        "type": "Point",
        "coordinates": [
          -159.384,
          -19.60625,
          473.15
        ]
      }
    },
    {
      "type": "Feature",
      "id": "terrain-r19-c29",
      "properties": {
        "terrain_grid_id": "rey-county-semantic-terrain-v1",
        "terrain_grid_column": 29,
        "terrain_grid_row": 19,
        "terrain_grid_columns": 41,
        "terrain_grid_rows": 41,
        "terrain_grid_validity": "valid",
        "material": "vegetation",
        "landform": "runtime-basin"
      },
      "geometry": {
        "type": "Point",
        "coordinates": [
          -159.362,
          -19.60625,
          480.99
        ]
      }
    },
    {
      "type": "Feature",
      "id": "terrain-r19-c30",
      "properties": {
        "terrain_grid_id": "rey-county-semantic-terrain-v1",
        "terrain_grid_column": 30,
        "terrain_grid_row": 19,
        "terrain_grid_columns": 41,
        "terrain_grid_rows": 41,
        "terrain_grid_validity": "valid",
        "material": "vegetation",
        "landform": "explorer-terraces"
      },
      "geometry": {
        "type": "Point",
        "coordinates": [
          -159.34,
          -19.60625,
          472.9
        ]
      }
    },
    {
      "type": "Feature",
      "id": "terrain-r19-c31",
      "properties": {
        "terrain_grid_id": "rey-county-semantic-terrain-v1",
        "terrain_grid_column": 31,
        "terrain_grid_row": 19,
        "terrain_grid_columns": 41,
        "terrain_grid_rows": 41,
        "terrain_grid_validity": "valid",
        "material": "vegetation",
        "landform": "explorer-terraces"
      },
      "geometry": {
        "type": "Point",
        "coordinates": [
          -159.318,
          -19.60625,
          438.84
        ]
      }
    },
    {
      "type": "Feature",
      "id": "terrain-r19-c32",
      "properties": {
        "terrain_grid_id": "rey-county-semantic-terrain-v1",
        "terrain_grid_column": 32,
        "terrain_grid_row": 19,
        "terrain_grid_columns": 41,
        "terrain_grid_rows": 41,
        "terrain_grid_validity": "valid",
        "material": "sand",
        "landform": "explorer-terraces"
      },
      "geometry": {
        "type": "Point",
        "coordinates": [
          -159.296,
          -19.60625,
          407.33
        ]
      }
    },
    {
      "type": "Feature",
      "id": "terrain-r19-c33",
      "properties": {
        "terrain_grid_id": "rey-county-semantic-terrain-v1",
        "terrain_grid_column": 33,
        "terrain_grid_row": 19,
        "terrain_grid_columns": 41,
        "terrain_grid_rows": 41,
        "terrain_grid_validity": "valid",
        "material": "sand",
        "landform": "explorer-terraces"
      },
      "geometry": {
        "type": "Point",
        "coordinates": [
          -159.274,
          -19.60625,
          343.96
        ]
      }
    },
    {
      "type": "Feature",
      "id": "terrain-r19-c34",
      "properties": {
        "terrain_grid_id": "rey-county-semantic-terrain-v1",
        "terrain_grid_column": 34,
        "terrain_grid_row": 19,
        "terrain_grid_columns": 41,
        "terrain_grid_rows": 41,
        "terrain_grid_validity": "valid",
        "material": "sand",
        "landform": "explorer-terraces"
      },
      "geometry": {
        "type": "Point",
        "coordinates": [
          -159.252,
          -19.60625,
          317.53
        ]
      }
    },
    {
      "type": "Feature",
      "id": "terrain-r19-c35",
      "properties": {
        "terrain_grid_id": "rey-county-semantic-terrain-v1",
        "terrain_grid_column": 35,
        "terrain_grid_row": 19,
        "terrain_grid_columns": 41,
        "terrain_grid_rows": 41,
        "terrain_grid_validity": "valid",
        "material": "sand",
        "landform": "explorer-terraces"
      },
      "geometry": {
        "type": "Point",
        "coordinates": [
          -159.23,
          -19.60625,
          299.1
        ]
      }
    },
    {
      "type": "Feature",
      "id": "terrain-r19-c36",
      "properties": {
        "terrain_grid_id": "rey-county-semantic-terrain-v1",
        "terrain_grid_column": 36,
        "terrain_grid_row": 19,
        "terrain_grid_columns": 41,
        "terrain_grid_rows": 41,
        "terrain_grid_validity": "valid",
        "material": "sand",
        "landform": "explorer-terraces"
      },
      "geometry": {
        "type": "Point",
        "coordinates": [
          -159.208,
          -19.60625,
          315.09
        ]
      }
    },
    {
      "type": "Feature",
      "id": "terrain-r19-c37",
      "properties": {
        "terrain_grid_id": "rey-county-semantic-terrain-v1",
        "terrain_grid_column": 37,
        "terrain_grid_row": 19,
        "terrain_grid_columns": 41,
        "terrain_grid_rows": 41,
        "terrain_grid_validity": "valid",
        "material": "sand",
        "landform": "explorer-terraces"
      },
      "geometry": {
        "type": "Point",
        "coordinates": [
          -159.186,
          -19.60625,
          348.34
        ]
      }
    },
    {
      "type": "Feature",
      "id": "terrain-r19-c38",
      "properties": {
        "terrain_grid_id": "rey-county-semantic-terrain-v1",
        "terrain_grid_column": 38,
        "terrain_grid_row": 19,
        "terrain_grid_columns": 41,
        "terrain_grid_rows": 41,
        "terrain_grid_validity": "valid",
        "material": "vegetation",
        "landform": "explorer-terraces"
      },
      "geometry": {
        "type": "Point",
        "coordinates": [
          -159.164,
          -19.60625,
          438.74
        ]
      }
    },
    {
      "type": "Feature",
      "id": "terrain-r19-c39",
      "properties": {
        "terrain_grid_id": "rey-county-semantic-terrain-v1",
        "terrain_grid_column": 39,
        "terrain_grid_row": 19,
        "terrain_grid_columns": 41,
        "terrain_grid_rows": 41,
        "terrain_grid_validity": "valid",
        "material": "vegetation",
        "landform": "explorer-terraces"
      },
      "geometry": {
        "type": "Point",
        "coordinates": [
          -159.142,
          -19.60625,
          519.33
        ]
      }
    },
    {
      "type": "Feature",
      "id": "terrain-r19-c40",
      "properties": {
        "terrain_grid_id": "rey-county-semantic-terrain-v1",
        "terrain_grid_column": 40,
        "terrain_grid_row": 19,
        "terrain_grid_columns": 41,
        "terrain_grid_rows": 41,
        "terrain_grid_validity": "no_data"
      },
      "geometry": {
        "type": "Point",
        "coordinates": [
          -159.12,
          -19.60625
        ]
      }
    },
    {
      "type": "Feature",
      "id": "terrain-r20-c00",
      "properties": {
        "terrain_grid_id": "rey-county-semantic-terrain-v1",
        "terrain_grid_column": 0,
        "terrain_grid_row": 20,
        "terrain_grid_columns": 41,
        "terrain_grid_rows": 41,
        "terrain_grid_validity": "no_data"
      },
      "geometry": {
        "type": "Point",
        "coordinates": [
          -160,
          -19.625
        ]
      }
    },
    {
      "type": "Feature",
      "id": "terrain-r20-c01",
      "properties": {
        "terrain_grid_id": "rey-county-semantic-terrain-v1",
        "terrain_grid_column": 1,
        "terrain_grid_row": 20,
        "terrain_grid_columns": 41,
        "terrain_grid_rows": 41,
        "terrain_grid_validity": "no_data"
      },
      "geometry": {
        "type": "Point",
        "coordinates": [
          -159.978,
          -19.625
        ]
      }
    },
    {
      "type": "Feature",
      "id": "terrain-r20-c02",
      "properties": {
        "terrain_grid_id": "rey-county-semantic-terrain-v1",
        "terrain_grid_column": 2,
        "terrain_grid_row": 20,
        "terrain_grid_columns": 41,
        "terrain_grid_rows": 41,
        "terrain_grid_validity": "valid",
        "material": "rock",
        "landform": "anchor-range"
      },
      "geometry": {
        "type": "Point",
        "coordinates": [
          -159.956,
          -19.625,
          705.47
        ]
      }
    },
    {
      "type": "Feature",
      "id": "terrain-r20-c03",
      "properties": {
        "terrain_grid_id": "rey-county-semantic-terrain-v1",
        "terrain_grid_column": 3,
        "terrain_grid_row": 20,
        "terrain_grid_columns": 41,
        "terrain_grid_rows": 41,
        "terrain_grid_validity": "valid",
        "material": "rock",
        "landform": "anchor-range"
      },
      "geometry": {
        "type": "Point",
        "coordinates": [
          -159.934,
          -19.625,
          739.49
        ]
      }
    },
    {
      "type": "Feature",
      "id": "terrain-r20-c04",
      "properties": {
        "terrain_grid_id": "rey-county-semantic-terrain-v1",
        "terrain_grid_column": 4,
        "terrain_grid_row": 20,
        "terrain_grid_columns": 41,
        "terrain_grid_rows": 41,
        "terrain_grid_validity": "valid",
        "material": "rock",
        "landform": "anchor-range"
      },
      "geometry": {
        "type": "Point",
        "coordinates": [
          -159.912,
          -19.625,
          784.07
        ]
      }
    },
    {
      "type": "Feature",
      "id": "terrain-r20-c05",
      "properties": {
        "terrain_grid_id": "rey-county-semantic-terrain-v1",
        "terrain_grid_column": 5,
        "terrain_grid_row": 20,
        "terrain_grid_columns": 41,
        "terrain_grid_rows": 41,
        "terrain_grid_validity": "valid",
        "material": "rock",
        "landform": "anchor-range"
      },
      "geometry": {
        "type": "Point",
        "coordinates": [
          -159.89,
          -19.625,
          812.22
        ]
      }
    },
    {
      "type": "Feature",
      "id": "terrain-r20-c06",
      "properties": {
        "terrain_grid_id": "rey-county-semantic-terrain-v1",
        "terrain_grid_column": 6,
        "terrain_grid_row": 20,
        "terrain_grid_columns": 41,
        "terrain_grid_rows": 41,
        "terrain_grid_validity": "valid",
        "material": "rock",
        "landform": "anchor-range"
      },
      "geometry": {
        "type": "Point",
        "coordinates": [
          -159.868,
          -19.625,
          837.82
        ]
      }
    },
    {
      "type": "Feature",
      "id": "terrain-r20-c07",
      "properties": {
        "terrain_grid_id": "rey-county-semantic-terrain-v1",
        "terrain_grid_column": 7,
        "terrain_grid_row": 20,
        "terrain_grid_columns": 41,
        "terrain_grid_rows": 41,
        "terrain_grid_validity": "valid",
        "material": "rock",
        "landform": "anchor-range"
      },
      "geometry": {
        "type": "Point",
        "coordinates": [
          -159.846,
          -19.625,
          838.67
        ]
      }
    },
    {
      "type": "Feature",
      "id": "terrain-r20-c08",
      "properties": {
        "terrain_grid_id": "rey-county-semantic-terrain-v1",
        "terrain_grid_column": 8,
        "terrain_grid_row": 20,
        "terrain_grid_columns": 41,
        "terrain_grid_rows": 41,
        "terrain_grid_validity": "valid",
        "material": "rock",
        "landform": "anchor-range"
      },
      "geometry": {
        "type": "Point",
        "coordinates": [
          -159.824,
          -19.625,
          822.54
        ]
      }
    },
    {
      "type": "Feature",
      "id": "terrain-r20-c09",
      "properties": {
        "terrain_grid_id": "rey-county-semantic-terrain-v1",
        "terrain_grid_column": 9,
        "terrain_grid_row": 20,
        "terrain_grid_columns": 41,
        "terrain_grid_rows": 41,
        "terrain_grid_validity": "valid",
        "material": "rock",
        "landform": "anchor-range"
      },
      "geometry": {
        "type": "Point",
        "coordinates": [
          -159.802,
          -19.625,
          804.18
        ]
      }
    },
    {
      "type": "Feature",
      "id": "terrain-r20-c10",
      "properties": {
        "terrain_grid_id": "rey-county-semantic-terrain-v1",
        "terrain_grid_column": 10,
        "terrain_grid_row": 20,
        "terrain_grid_columns": 41,
        "terrain_grid_rows": 41,
        "terrain_grid_validity": "valid",
        "material": "rock",
        "landform": "anchor-range"
      },
      "geometry": {
        "type": "Point",
        "coordinates": [
          -159.78,
          -19.625,
          787.3
        ]
      }
    },
    {
      "type": "Feature",
      "id": "terrain-r20-c11",
      "properties": {
        "terrain_grid_id": "rey-county-semantic-terrain-v1",
        "terrain_grid_column": 11,
        "terrain_grid_row": 20,
        "terrain_grid_columns": 41,
        "terrain_grid_rows": 41,
        "terrain_grid_validity": "valid",
        "material": "rock",
        "landform": "anchor-range"
      },
      "geometry": {
        "type": "Point",
        "coordinates": [
          -159.758,
          -19.625,
          748.27
        ]
      }
    },
    {
      "type": "Feature",
      "id": "terrain-r20-c12",
      "properties": {
        "terrain_grid_id": "rey-county-semantic-terrain-v1",
        "terrain_grid_column": 12,
        "terrain_grid_row": 20,
        "terrain_grid_columns": 41,
        "terrain_grid_rows": 41,
        "terrain_grid_validity": "valid",
        "material": "rock",
        "landform": "anchor-range"
      },
      "geometry": {
        "type": "Point",
        "coordinates": [
          -159.736,
          -19.625,
          715.72
        ]
      }
    },
    {
      "type": "Feature",
      "id": "terrain-r20-c13",
      "properties": {
        "terrain_grid_id": "rey-county-semantic-terrain-v1",
        "terrain_grid_column": 13,
        "terrain_grid_row": 20,
        "terrain_grid_columns": 41,
        "terrain_grid_rows": 41,
        "terrain_grid_validity": "valid",
        "material": "rock",
        "landform": "runtime-basin"
      },
      "geometry": {
        "type": "Point",
        "coordinates": [
          -159.714,
          -19.625,
          651.14
        ]
      }
    },
    {
      "type": "Feature",
      "id": "terrain-r20-c14",
      "properties": {
        "terrain_grid_id": "rey-county-semantic-terrain-v1",
        "terrain_grid_column": 14,
        "terrain_grid_row": 20,
        "terrain_grid_columns": 41,
        "terrain_grid_rows": 41,
        "terrain_grid_validity": "valid",
        "material": "rock",
        "landform": "runtime-basin"
      },
      "geometry": {
        "type": "Point",
        "coordinates": [
          -159.692,
          -19.625,
          590.24
        ]
      }
    },
    {
      "type": "Feature",
      "id": "terrain-r20-c15",
      "properties": {
        "terrain_grid_id": "rey-county-semantic-terrain-v1",
        "terrain_grid_column": 15,
        "terrain_grid_row": 20,
        "terrain_grid_columns": 41,
        "terrain_grid_rows": 41,
        "terrain_grid_validity": "valid",
        "material": "vegetation",
        "landform": "runtime-basin"
      },
      "geometry": {
        "type": "Point",
        "coordinates": [
          -159.67,
          -19.625,
          536.25
        ]
      }
    },
    {
      "type": "Feature",
      "id": "terrain-r20-c16",
      "properties": {
        "terrain_grid_id": "rey-county-semantic-terrain-v1",
        "terrain_grid_column": 16,
        "terrain_grid_row": 20,
        "terrain_grid_columns": 41,
        "terrain_grid_rows": 41,
        "terrain_grid_validity": "valid",
        "material": "vegetation",
        "landform": "runtime-basin"
      },
      "geometry": {
        "type": "Point",
        "coordinates": [
          -159.648,
          -19.625,
          486.38
        ]
      }
    },
    {
      "type": "Feature",
      "id": "terrain-r20-c17",
      "properties": {
        "terrain_grid_id": "rey-county-semantic-terrain-v1",
        "terrain_grid_column": 17,
        "terrain_grid_row": 20,
        "terrain_grid_columns": 41,
        "terrain_grid_rows": 41,
        "terrain_grid_validity": "valid",
        "material": "vegetation",
        "landform": "runtime-basin"
      },
      "geometry": {
        "type": "Point",
        "coordinates": [
          -159.626,
          -19.625,
          427.5
        ]
      }
    },
    {
      "type": "Feature",
      "id": "terrain-r20-c18",
      "properties": {
        "terrain_grid_id": "rey-county-semantic-terrain-v1",
        "terrain_grid_column": 18,
        "terrain_grid_row": 20,
        "terrain_grid_columns": 41,
        "terrain_grid_rows": 41,
        "terrain_grid_validity": "valid",
        "material": "vegetation",
        "landform": "runtime-basin"
      },
      "geometry": {
        "type": "Point",
        "coordinates": [
          -159.604,
          -19.625,
          353.84
        ]
      }
    },
    {
      "type": "Feature",
      "id": "terrain-r20-c19",
      "properties": {
        "terrain_grid_id": "rey-county-semantic-terrain-v1",
        "terrain_grid_column": 19,
        "terrain_grid_row": 20,
        "terrain_grid_columns": 41,
        "terrain_grid_rows": 41,
        "terrain_grid_validity": "valid",
        "material": "sand",
        "landform": "runtime-basin"
      },
      "geometry": {
        "type": "Point",
        "coordinates": [
          -159.582,
          -19.625,
          284.11
        ]
      }
    },
    {
      "type": "Feature",
      "id": "terrain-r20-c20",
      "properties": {
        "terrain_grid_id": "rey-county-semantic-terrain-v1",
        "terrain_grid_column": 20,
        "terrain_grid_row": 20,
        "terrain_grid_columns": 41,
        "terrain_grid_rows": 41,
        "terrain_grid_validity": "valid",
        "material": "vegetation",
        "landform": "runtime-basin"
      },
      "geometry": {
        "type": "Point",
        "coordinates": [
          -159.56,
          -19.625,
          281.8
        ]
      }
    },
    {
      "type": "Feature",
      "id": "terrain-r20-c21",
      "properties": {
        "terrain_grid_id": "rey-county-semantic-terrain-v1",
        "terrain_grid_column": 21,
        "terrain_grid_row": 20,
        "terrain_grid_columns": 41,
        "terrain_grid_rows": 41,
        "terrain_grid_validity": "valid",
        "material": "vegetation",
        "landform": "runtime-basin"
      },
      "geometry": {
        "type": "Point",
        "coordinates": [
          -159.538,
          -19.625,
          294
        ]
      }
    },
    {
      "type": "Feature",
      "id": "terrain-r20-c22",
      "properties": {
        "terrain_grid_id": "rey-county-semantic-terrain-v1",
        "terrain_grid_column": 22,
        "terrain_grid_row": 20,
        "terrain_grid_columns": 41,
        "terrain_grid_rows": 41,
        "terrain_grid_validity": "valid",
        "material": "sand",
        "landform": "runtime-basin"
      },
      "geometry": {
        "type": "Point",
        "coordinates": [
          -159.516,
          -19.625,
          288.83
        ]
      }
    },
    {
      "type": "Feature",
      "id": "terrain-r20-c23",
      "properties": {
        "terrain_grid_id": "rey-county-semantic-terrain-v1",
        "terrain_grid_column": 23,
        "terrain_grid_row": 20,
        "terrain_grid_columns": 41,
        "terrain_grid_rows": 41,
        "terrain_grid_validity": "valid",
        "material": "vegetation",
        "landform": "runtime-basin"
      },
      "geometry": {
        "type": "Point",
        "coordinates": [
          -159.494,
          -19.625,
          358.6
        ]
      }
    },
    {
      "type": "Feature",
      "id": "terrain-r20-c24",
      "properties": {
        "terrain_grid_id": "rey-county-semantic-terrain-v1",
        "terrain_grid_column": 24,
        "terrain_grid_row": 20,
        "terrain_grid_columns": 41,
        "terrain_grid_rows": 41,
        "terrain_grid_validity": "valid",
        "material": "vegetation",
        "landform": "runtime-basin"
      },
      "geometry": {
        "type": "Point",
        "coordinates": [
          -159.472,
          -19.625,
          375.84
        ]
      }
    },
    {
      "type": "Feature",
      "id": "terrain-r20-c25",
      "properties": {
        "terrain_grid_id": "rey-county-semantic-terrain-v1",
        "terrain_grid_column": 25,
        "terrain_grid_row": 20,
        "terrain_grid_columns": 41,
        "terrain_grid_rows": 41,
        "terrain_grid_validity": "valid",
        "material": "vegetation",
        "landform": "runtime-basin"
      },
      "geometry": {
        "type": "Point",
        "coordinates": [
          -159.45,
          -19.625,
          384.22
        ]
      }
    },
    {
      "type": "Feature",
      "id": "terrain-r20-c26",
      "properties": {
        "terrain_grid_id": "rey-county-semantic-terrain-v1",
        "terrain_grid_column": 26,
        "terrain_grid_row": 20,
        "terrain_grid_columns": 41,
        "terrain_grid_rows": 41,
        "terrain_grid_validity": "valid",
        "material": "vegetation",
        "landform": "runtime-basin"
      },
      "geometry": {
        "type": "Point",
        "coordinates": [
          -159.428,
          -19.625,
          393.03
        ]
      }
    },
    {
      "type": "Feature",
      "id": "terrain-r20-c27",
      "properties": {
        "terrain_grid_id": "rey-county-semantic-terrain-v1",
        "terrain_grid_column": 27,
        "terrain_grid_row": 20,
        "terrain_grid_columns": 41,
        "terrain_grid_rows": 41,
        "terrain_grid_validity": "valid",
        "material": "vegetation",
        "landform": "runtime-basin"
      },
      "geometry": {
        "type": "Point",
        "coordinates": [
          -159.406,
          -19.625,
          405.87
        ]
      }
    },
    {
      "type": "Feature",
      "id": "terrain-r20-c28",
      "properties": {
        "terrain_grid_id": "rey-county-semantic-terrain-v1",
        "terrain_grid_column": 28,
        "terrain_grid_row": 20,
        "terrain_grid_columns": 41,
        "terrain_grid_rows": 41,
        "terrain_grid_validity": "valid",
        "material": "vegetation",
        "landform": "runtime-basin"
      },
      "geometry": {
        "type": "Point",
        "coordinates": [
          -159.384,
          -19.625,
          404.44
        ]
      }
    },
    {
      "type": "Feature",
      "id": "terrain-r20-c29",
      "properties": {
        "terrain_grid_id": "rey-county-semantic-terrain-v1",
        "terrain_grid_column": 29,
        "terrain_grid_row": 20,
        "terrain_grid_columns": 41,
        "terrain_grid_rows": 41,
        "terrain_grid_validity": "valid",
        "material": "vegetation",
        "landform": "runtime-basin"
      },
      "geometry": {
        "type": "Point",
        "coordinates": [
          -159.362,
          -19.625,
          403.28
        ]
      }
    },
    {
      "type": "Feature",
      "id": "terrain-r20-c30",
      "properties": {
        "terrain_grid_id": "rey-county-semantic-terrain-v1",
        "terrain_grid_column": 30,
        "terrain_grid_row": 20,
        "terrain_grid_columns": 41,
        "terrain_grid_rows": 41,
        "terrain_grid_validity": "valid",
        "material": "sand",
        "landform": "runtime-basin"
      },
      "geometry": {
        "type": "Point",
        "coordinates": [
          -159.34,
          -19.625,
          382.5
        ]
      }
    },
    {
      "type": "Feature",
      "id": "terrain-r20-c31",
      "properties": {
        "terrain_grid_id": "rey-county-semantic-terrain-v1",
        "terrain_grid_column": 31,
        "terrain_grid_row": 20,
        "terrain_grid_columns": 41,
        "terrain_grid_rows": 41,
        "terrain_grid_validity": "valid",
        "material": "sand",
        "landform": "explorer-terraces"
      },
      "geometry": {
        "type": "Point",
        "coordinates": [
          -159.318,
          -19.625,
          399.93
        ]
      }
    },
    {
      "type": "Feature",
      "id": "terrain-r20-c32",
      "properties": {
        "terrain_grid_id": "rey-county-semantic-terrain-v1",
        "terrain_grid_column": 32,
        "terrain_grid_row": 20,
        "terrain_grid_columns": 41,
        "terrain_grid_rows": 41,
        "terrain_grid_validity": "valid",
        "material": "sand",
        "landform": "explorer-terraces"
      },
      "geometry": {
        "type": "Point",
        "coordinates": [
          -159.296,
          -19.625,
          392.94
        ]
      }
    },
    {
      "type": "Feature",
      "id": "terrain-r20-c33",
      "properties": {
        "terrain_grid_id": "rey-county-semantic-terrain-v1",
        "terrain_grid_column": 33,
        "terrain_grid_row": 20,
        "terrain_grid_columns": 41,
        "terrain_grid_rows": 41,
        "terrain_grid_validity": "valid",
        "material": "sand",
        "landform": "explorer-terraces"
      },
      "geometry": {
        "type": "Point",
        "coordinates": [
          -159.274,
          -19.625,
          395.85
        ]
      }
    },
    {
      "type": "Feature",
      "id": "terrain-r20-c34",
      "properties": {
        "terrain_grid_id": "rey-county-semantic-terrain-v1",
        "terrain_grid_column": 34,
        "terrain_grid_row": 20,
        "terrain_grid_columns": 41,
        "terrain_grid_rows": 41,
        "terrain_grid_validity": "valid",
        "material": "sand",
        "landform": "explorer-terraces"
      },
      "geometry": {
        "type": "Point",
        "coordinates": [
          -159.252,
          -19.625,
          393.65
        ]
      }
    },
    {
      "type": "Feature",
      "id": "terrain-r20-c35",
      "properties": {
        "terrain_grid_id": "rey-county-semantic-terrain-v1",
        "terrain_grid_column": 35,
        "terrain_grid_row": 20,
        "terrain_grid_columns": 41,
        "terrain_grid_rows": 41,
        "terrain_grid_validity": "valid",
        "material": "sand",
        "landform": "explorer-terraces"
      },
      "geometry": {
        "type": "Point",
        "coordinates": [
          -159.23,
          -19.625,
          406.94
        ]
      }
    },
    {
      "type": "Feature",
      "id": "terrain-r20-c36",
      "properties": {
        "terrain_grid_id": "rey-county-semantic-terrain-v1",
        "terrain_grid_column": 36,
        "terrain_grid_row": 20,
        "terrain_grid_columns": 41,
        "terrain_grid_rows": 41,
        "terrain_grid_validity": "valid",
        "material": "sand",
        "landform": "explorer-terraces"
      },
      "geometry": {
        "type": "Point",
        "coordinates": [
          -159.208,
          -19.625,
          415.26
        ]
      }
    },
    {
      "type": "Feature",
      "id": "terrain-r20-c37",
      "properties": {
        "terrain_grid_id": "rey-county-semantic-terrain-v1",
        "terrain_grid_column": 37,
        "terrain_grid_row": 20,
        "terrain_grid_columns": 41,
        "terrain_grid_rows": 41,
        "terrain_grid_validity": "valid",
        "material": "sand",
        "landform": "explorer-terraces"
      },
      "geometry": {
        "type": "Point",
        "coordinates": [
          -159.186,
          -19.625,
          442.18
        ]
      }
    },
    {
      "type": "Feature",
      "id": "terrain-r20-c38",
      "properties": {
        "terrain_grid_id": "rey-county-semantic-terrain-v1",
        "terrain_grid_column": 38,
        "terrain_grid_row": 20,
        "terrain_grid_columns": 41,
        "terrain_grid_rows": 41,
        "terrain_grid_validity": "valid",
        "material": "vegetation",
        "landform": "explorer-terraces"
      },
      "geometry": {
        "type": "Point",
        "coordinates": [
          -159.164,
          -19.625,
          506.01
        ]
      }
    },
    {
      "type": "Feature",
      "id": "terrain-r20-c39",
      "properties": {
        "terrain_grid_id": "rey-county-semantic-terrain-v1",
        "terrain_grid_column": 39,
        "terrain_grid_row": 20,
        "terrain_grid_columns": 41,
        "terrain_grid_rows": 41,
        "terrain_grid_validity": "valid",
        "material": "vegetation",
        "landform": "explorer-terraces"
      },
      "geometry": {
        "type": "Point",
        "coordinates": [
          -159.142,
          -19.625,
          523.2
        ]
      }
    },
    {
      "type": "Feature",
      "id": "terrain-r20-c40",
      "properties": {
        "terrain_grid_id": "rey-county-semantic-terrain-v1",
        "terrain_grid_column": 40,
        "terrain_grid_row": 20,
        "terrain_grid_columns": 41,
        "terrain_grid_rows": 41,
        "terrain_grid_validity": "no_data"
      },
      "geometry": {
        "type": "Point",
        "coordinates": [
          -159.12,
          -19.625
        ]
      }
    },
    {
      "type": "Feature",
      "id": "terrain-r21-c00",
      "properties": {
        "terrain_grid_id": "rey-county-semantic-terrain-v1",
        "terrain_grid_column": 0,
        "terrain_grid_row": 21,
        "terrain_grid_columns": 41,
        "terrain_grid_rows": 41,
        "terrain_grid_validity": "no_data"
      },
      "geometry": {
        "type": "Point",
        "coordinates": [
          -160,
          -19.64375
        ]
      }
    },
    {
      "type": "Feature",
      "id": "terrain-r21-c01",
      "properties": {
        "terrain_grid_id": "rey-county-semantic-terrain-v1",
        "terrain_grid_column": 1,
        "terrain_grid_row": 21,
        "terrain_grid_columns": 41,
        "terrain_grid_rows": 41,
        "terrain_grid_validity": "no_data"
      },
      "geometry": {
        "type": "Point",
        "coordinates": [
          -159.978,
          -19.64375
        ]
      }
    },
    {
      "type": "Feature",
      "id": "terrain-r21-c02",
      "properties": {
        "terrain_grid_id": "rey-county-semantic-terrain-v1",
        "terrain_grid_column": 2,
        "terrain_grid_row": 21,
        "terrain_grid_columns": 41,
        "terrain_grid_rows": 41,
        "terrain_grid_validity": "valid",
        "material": "rock",
        "landform": "mining-ridge"
      },
      "geometry": {
        "type": "Point",
        "coordinates": [
          -159.956,
          -19.64375,
          696.64
        ]
      }
    },
    {
      "type": "Feature",
      "id": "terrain-r21-c03",
      "properties": {
        "terrain_grid_id": "rey-county-semantic-terrain-v1",
        "terrain_grid_column": 3,
        "terrain_grid_row": 21,
        "terrain_grid_columns": 41,
        "terrain_grid_rows": 41,
        "terrain_grid_validity": "valid",
        "material": "rock",
        "landform": "mining-ridge"
      },
      "geometry": {
        "type": "Point",
        "coordinates": [
          -159.934,
          -19.64375,
          718.17
        ]
      }
    },
    {
      "type": "Feature",
      "id": "terrain-r21-c04",
      "properties": {
        "terrain_grid_id": "rey-county-semantic-terrain-v1",
        "terrain_grid_column": 4,
        "terrain_grid_row": 21,
        "terrain_grid_columns": 41,
        "terrain_grid_rows": 41,
        "terrain_grid_validity": "valid",
        "material": "rock",
        "landform": "mining-ridge"
      },
      "geometry": {
        "type": "Point",
        "coordinates": [
          -159.912,
          -19.64375,
          756.21
        ]
      }
    },
    {
      "type": "Feature",
      "id": "terrain-r21-c05",
      "properties": {
        "terrain_grid_id": "rey-county-semantic-terrain-v1",
        "terrain_grid_column": 5,
        "terrain_grid_row": 21,
        "terrain_grid_columns": 41,
        "terrain_grid_rows": 41,
        "terrain_grid_validity": "valid",
        "material": "rock",
        "landform": "mining-ridge"
      },
      "geometry": {
        "type": "Point",
        "coordinates": [
          -159.89,
          -19.64375,
          785.49
        ]
      }
    },
    {
      "type": "Feature",
      "id": "terrain-r21-c06",
      "properties": {
        "terrain_grid_id": "rey-county-semantic-terrain-v1",
        "terrain_grid_column": 6,
        "terrain_grid_row": 21,
        "terrain_grid_columns": 41,
        "terrain_grid_rows": 41,
        "terrain_grid_validity": "valid",
        "material": "rock",
        "landform": "mining-ridge"
      },
      "geometry": {
        "type": "Point",
        "coordinates": [
          -159.868,
          -19.64375,
          800.48
        ]
      }
    },
    {
      "type": "Feature",
      "id": "terrain-r21-c07",
      "properties": {
        "terrain_grid_id": "rey-county-semantic-terrain-v1",
        "terrain_grid_column": 7,
        "terrain_grid_row": 21,
        "terrain_grid_columns": 41,
        "terrain_grid_rows": 41,
        "terrain_grid_validity": "valid",
        "material": "rock",
        "landform": "mining-ridge"
      },
      "geometry": {
        "type": "Point",
        "coordinates": [
          -159.846,
          -19.64375,
          797.91
        ]
      }
    },
    {
      "type": "Feature",
      "id": "terrain-r21-c08",
      "properties": {
        "terrain_grid_id": "rey-county-semantic-terrain-v1",
        "terrain_grid_column": 8,
        "terrain_grid_row": 21,
        "terrain_grid_columns": 41,
        "terrain_grid_rows": 41,
        "terrain_grid_validity": "valid",
        "material": "rock",
        "landform": "mining-ridge"
      },
      "geometry": {
        "type": "Point",
        "coordinates": [
          -159.824,
          -19.64375,
          780.2
        ]
      }
    },
    {
      "type": "Feature",
      "id": "terrain-r21-c09",
      "properties": {
        "terrain_grid_id": "rey-county-semantic-terrain-v1",
        "terrain_grid_column": 9,
        "terrain_grid_row": 21,
        "terrain_grid_columns": 41,
        "terrain_grid_rows": 41,
        "terrain_grid_validity": "valid",
        "material": "rock",
        "landform": "mining-ridge"
      },
      "geometry": {
        "type": "Point",
        "coordinates": [
          -159.802,
          -19.64375,
          742.42
        ]
      }
    },
    {
      "type": "Feature",
      "id": "terrain-r21-c10",
      "properties": {
        "terrain_grid_id": "rey-county-semantic-terrain-v1",
        "terrain_grid_column": 10,
        "terrain_grid_row": 21,
        "terrain_grid_columns": 41,
        "terrain_grid_rows": 41,
        "terrain_grid_validity": "valid",
        "material": "rock",
        "landform": "mining-ridge"
      },
      "geometry": {
        "type": "Point",
        "coordinates": [
          -159.78,
          -19.64375,
          720.3
        ]
      }
    },
    {
      "type": "Feature",
      "id": "terrain-r21-c11",
      "properties": {
        "terrain_grid_id": "rey-county-semantic-terrain-v1",
        "terrain_grid_column": 11,
        "terrain_grid_row": 21,
        "terrain_grid_columns": 41,
        "terrain_grid_rows": 41,
        "terrain_grid_validity": "valid",
        "material": "rock",
        "landform": "mining-ridge"
      },
      "geometry": {
        "type": "Point",
        "coordinates": [
          -159.758,
          -19.64375,
          684.47
        ]
      }
    },
    {
      "type": "Feature",
      "id": "terrain-r21-c12",
      "properties": {
        "terrain_grid_id": "rey-county-semantic-terrain-v1",
        "terrain_grid_column": 12,
        "terrain_grid_row": 21,
        "terrain_grid_columns": 41,
        "terrain_grid_rows": 41,
        "terrain_grid_validity": "valid",
        "material": "rock",
        "landform": "runtime-basin"
      },
      "geometry": {
        "type": "Point",
        "coordinates": [
          -159.736,
          -19.64375,
          641.2
        ]
      }
    },
    {
      "type": "Feature",
      "id": "terrain-r21-c13",
      "properties": {
        "terrain_grid_id": "rey-county-semantic-terrain-v1",
        "terrain_grid_column": 13,
        "terrain_grid_row": 21,
        "terrain_grid_columns": 41,
        "terrain_grid_rows": 41,
        "terrain_grid_validity": "valid",
        "material": "rock",
        "landform": "runtime-basin"
      },
      "geometry": {
        "type": "Point",
        "coordinates": [
          -159.714,
          -19.64375,
          594.64
        ]
      }
    },
    {
      "type": "Feature",
      "id": "terrain-r21-c14",
      "properties": {
        "terrain_grid_id": "rey-county-semantic-terrain-v1",
        "terrain_grid_column": 14,
        "terrain_grid_row": 21,
        "terrain_grid_columns": 41,
        "terrain_grid_rows": 41,
        "terrain_grid_validity": "valid",
        "material": "vegetation",
        "landform": "runtime-basin"
      },
      "geometry": {
        "type": "Point",
        "coordinates": [
          -159.692,
          -19.64375,
          530.01
        ]
      }
    },
    {
      "type": "Feature",
      "id": "terrain-r21-c15",
      "properties": {
        "terrain_grid_id": "rey-county-semantic-terrain-v1",
        "terrain_grid_column": 15,
        "terrain_grid_row": 21,
        "terrain_grid_columns": 41,
        "terrain_grid_rows": 41,
        "terrain_grid_validity": "valid",
        "material": "vegetation",
        "landform": "runtime-basin"
      },
      "geometry": {
        "type": "Point",
        "coordinates": [
          -159.67,
          -19.64375,
          475.95
        ]
      }
    },
    {
      "type": "Feature",
      "id": "terrain-r21-c16",
      "properties": {
        "terrain_grid_id": "rey-county-semantic-terrain-v1",
        "terrain_grid_column": 16,
        "terrain_grid_row": 21,
        "terrain_grid_columns": 41,
        "terrain_grid_rows": 41,
        "terrain_grid_validity": "valid",
        "material": "vegetation",
        "landform": "runtime-basin"
      },
      "geometry": {
        "type": "Point",
        "coordinates": [
          -159.648,
          -19.64375,
          433.51
        ]
      }
    },
    {
      "type": "Feature",
      "id": "terrain-r21-c17",
      "properties": {
        "terrain_grid_id": "rey-county-semantic-terrain-v1",
        "terrain_grid_column": 17,
        "terrain_grid_row": 21,
        "terrain_grid_columns": 41,
        "terrain_grid_rows": 41,
        "terrain_grid_validity": "valid",
        "material": "vegetation",
        "landform": "runtime-basin"
      },
      "geometry": {
        "type": "Point",
        "coordinates": [
          -159.626,
          -19.64375,
          393.74
        ]
      }
    },
    {
      "type": "Feature",
      "id": "terrain-r21-c18",
      "properties": {
        "terrain_grid_id": "rey-county-semantic-terrain-v1",
        "terrain_grid_column": 18,
        "terrain_grid_row": 21,
        "terrain_grid_columns": 41,
        "terrain_grid_rows": 41,
        "terrain_grid_validity": "valid",
        "material": "vegetation",
        "landform": "runtime-basin"
      },
      "geometry": {
        "type": "Point",
        "coordinates": [
          -159.604,
          -19.64375,
          345.73
        ]
      }
    },
    {
      "type": "Feature",
      "id": "terrain-r21-c19",
      "properties": {
        "terrain_grid_id": "rey-county-semantic-terrain-v1",
        "terrain_grid_column": 19,
        "terrain_grid_row": 21,
        "terrain_grid_columns": 41,
        "terrain_grid_rows": 41,
        "terrain_grid_validity": "valid",
        "material": "vegetation",
        "landform": "runtime-basin"
      },
      "geometry": {
        "type": "Point",
        "coordinates": [
          -159.582,
          -19.64375,
          279.95
        ]
      }
    },
    {
      "type": "Feature",
      "id": "terrain-r21-c20",
      "properties": {
        "terrain_grid_id": "rey-county-semantic-terrain-v1",
        "terrain_grid_column": 20,
        "terrain_grid_row": 21,
        "terrain_grid_columns": 41,
        "terrain_grid_rows": 41,
        "terrain_grid_validity": "valid",
        "material": "sand",
        "landform": "runtime-basin"
      },
      "geometry": {
        "type": "Point",
        "coordinates": [
          -159.56,
          -19.64375,
          209.97
        ]
      }
    },
    {
      "type": "Feature",
      "id": "terrain-r21-c21",
      "properties": {
        "terrain_grid_id": "rey-county-semantic-terrain-v1",
        "terrain_grid_column": 21,
        "terrain_grid_row": 21,
        "terrain_grid_columns": 41,
        "terrain_grid_rows": 41,
        "terrain_grid_validity": "valid",
        "material": "vegetation",
        "landform": "runtime-basin"
      },
      "geometry": {
        "type": "Point",
        "coordinates": [
          -159.538,
          -19.64375,
          202.05
        ]
      }
    },
    {
      "type": "Feature",
      "id": "terrain-r21-c22",
      "properties": {
        "terrain_grid_id": "rey-county-semantic-terrain-v1",
        "terrain_grid_column": 22,
        "terrain_grid_row": 21,
        "terrain_grid_columns": 41,
        "terrain_grid_rows": 41,
        "terrain_grid_validity": "valid",
        "material": "sand",
        "landform": "runtime-basin"
      },
      "geometry": {
        "type": "Point",
        "coordinates": [
          -159.516,
          -19.64375,
          202.2
        ]
      }
    },
    {
      "type": "Feature",
      "id": "terrain-r21-c23",
      "properties": {
        "terrain_grid_id": "rey-county-semantic-terrain-v1",
        "terrain_grid_column": 23,
        "terrain_grid_row": 21,
        "terrain_grid_columns": 41,
        "terrain_grid_rows": 41,
        "terrain_grid_validity": "valid",
        "material": "vegetation",
        "landform": "runtime-basin"
      },
      "geometry": {
        "type": "Point",
        "coordinates": [
          -159.494,
          -19.64375,
          291
        ]
      }
    },
    {
      "type": "Feature",
      "id": "terrain-r21-c24",
      "properties": {
        "terrain_grid_id": "rey-county-semantic-terrain-v1",
        "terrain_grid_column": 24,
        "terrain_grid_row": 21,
        "terrain_grid_columns": 41,
        "terrain_grid_rows": 41,
        "terrain_grid_validity": "valid",
        "material": "soil",
        "landform": "runtime-basin"
      },
      "geometry": {
        "type": "Point",
        "coordinates": [
          -159.472,
          -19.64375,
          314.13
        ]
      }
    },
    {
      "type": "Feature",
      "id": "terrain-r21-c25",
      "properties": {
        "terrain_grid_id": "rey-county-semantic-terrain-v1",
        "terrain_grid_column": 25,
        "terrain_grid_row": 21,
        "terrain_grid_columns": 41,
        "terrain_grid_rows": 41,
        "terrain_grid_validity": "valid",
        "material": "soil",
        "landform": "runtime-basin"
      },
      "geometry": {
        "type": "Point",
        "coordinates": [
          -159.45,
          -19.64375,
          330.52
        ]
      }
    },
    {
      "type": "Feature",
      "id": "terrain-r21-c26",
      "properties": {
        "terrain_grid_id": "rey-county-semantic-terrain-v1",
        "terrain_grid_column": 26,
        "terrain_grid_row": 21,
        "terrain_grid_columns": 41,
        "terrain_grid_rows": 41,
        "terrain_grid_validity": "valid",
        "material": "vegetation",
        "landform": "runtime-basin"
      },
      "geometry": {
        "type": "Point",
        "coordinates": [
          -159.428,
          -19.64375,
          336.04
        ]
      }
    },
    {
      "type": "Feature",
      "id": "terrain-r21-c27",
      "properties": {
        "terrain_grid_id": "rey-county-semantic-terrain-v1",
        "terrain_grid_column": 27,
        "terrain_grid_row": 21,
        "terrain_grid_columns": 41,
        "terrain_grid_rows": 41,
        "terrain_grid_validity": "valid",
        "material": "vegetation",
        "landform": "runtime-basin"
      },
      "geometry": {
        "type": "Point",
        "coordinates": [
          -159.406,
          -19.64375,
          343.08
        ]
      }
    },
    {
      "type": "Feature",
      "id": "terrain-r21-c28",
      "properties": {
        "terrain_grid_id": "rey-county-semantic-terrain-v1",
        "terrain_grid_column": 28,
        "terrain_grid_row": 21,
        "terrain_grid_columns": 41,
        "terrain_grid_rows": 41,
        "terrain_grid_validity": "valid",
        "material": "soil",
        "landform": "runtime-basin"
      },
      "geometry": {
        "type": "Point",
        "coordinates": [
          -159.384,
          -19.64375,
          319.4
        ]
      }
    },
    {
      "type": "Feature",
      "id": "terrain-r21-c29",
      "properties": {
        "terrain_grid_id": "rey-county-semantic-terrain-v1",
        "terrain_grid_column": 29,
        "terrain_grid_row": 21,
        "terrain_grid_columns": 41,
        "terrain_grid_rows": 41,
        "terrain_grid_validity": "valid",
        "material": "sand",
        "landform": "runtime-basin"
      },
      "geometry": {
        "type": "Point",
        "coordinates": [
          -159.362,
          -19.64375,
          320.3
        ]
      }
    },
    {
      "type": "Feature",
      "id": "terrain-r21-c30",
      "properties": {
        "terrain_grid_id": "rey-county-semantic-terrain-v1",
        "terrain_grid_column": 30,
        "terrain_grid_row": 21,
        "terrain_grid_columns": 41,
        "terrain_grid_rows": 41,
        "terrain_grid_validity": "valid",
        "material": "sand",
        "landform": "runtime-basin"
      },
      "geometry": {
        "type": "Point",
        "coordinates": [
          -159.34,
          -19.64375,
          367.58
        ]
      }
    },
    {
      "type": "Feature",
      "id": "terrain-r21-c31",
      "properties": {
        "terrain_grid_id": "rey-county-semantic-terrain-v1",
        "terrain_grid_column": 31,
        "terrain_grid_row": 21,
        "terrain_grid_columns": 41,
        "terrain_grid_rows": 41,
        "terrain_grid_validity": "valid",
        "material": "vegetation",
        "landform": "runtime-basin"
      },
      "geometry": {
        "type": "Point",
        "coordinates": [
          -159.318,
          -19.64375,
          433.5
        ]
      }
    },
    {
      "type": "Feature",
      "id": "terrain-r21-c32",
      "properties": {
        "terrain_grid_id": "rey-county-semantic-terrain-v1",
        "terrain_grid_column": 32,
        "terrain_grid_row": 21,
        "terrain_grid_columns": 41,
        "terrain_grid_rows": 41,
        "terrain_grid_validity": "valid",
        "material": "vegetation",
        "landform": "explorer-terraces"
      },
      "geometry": {
        "type": "Point",
        "coordinates": [
          -159.296,
          -19.64375,
          485.74
        ]
      }
    },
    {
      "type": "Feature",
      "id": "terrain-r21-c33",
      "properties": {
        "terrain_grid_id": "rey-county-semantic-terrain-v1",
        "terrain_grid_column": 33,
        "terrain_grid_row": 21,
        "terrain_grid_columns": 41,
        "terrain_grid_rows": 41,
        "terrain_grid_validity": "valid",
        "material": "sand",
        "landform": "explorer-terraces"
      },
      "geometry": {
        "type": "Point",
        "coordinates": [
          -159.274,
          -19.64375,
          462.35
        ]
      }
    },
    {
      "type": "Feature",
      "id": "terrain-r21-c34",
      "properties": {
        "terrain_grid_id": "rey-county-semantic-terrain-v1",
        "terrain_grid_column": 34,
        "terrain_grid_row": 21,
        "terrain_grid_columns": 41,
        "terrain_grid_rows": 41,
        "terrain_grid_validity": "valid",
        "material": "sand",
        "landform": "explorer-terraces"
      },
      "geometry": {
        "type": "Point",
        "coordinates": [
          -159.252,
          -19.64375,
          461.46
        ]
      }
    },
    {
      "type": "Feature",
      "id": "terrain-r21-c35",
      "properties": {
        "terrain_grid_id": "rey-county-semantic-terrain-v1",
        "terrain_grid_column": 35,
        "terrain_grid_row": 21,
        "terrain_grid_columns": 41,
        "terrain_grid_rows": 41,
        "terrain_grid_validity": "valid",
        "material": "sand",
        "landform": "explorer-terraces"
      },
      "geometry": {
        "type": "Point",
        "coordinates": [
          -159.23,
          -19.64375,
          466.18
        ]
      }
    },
    {
      "type": "Feature",
      "id": "terrain-r21-c36",
      "properties": {
        "terrain_grid_id": "rey-county-semantic-terrain-v1",
        "terrain_grid_column": 36,
        "terrain_grid_row": 21,
        "terrain_grid_columns": 41,
        "terrain_grid_rows": 41,
        "terrain_grid_validity": "valid",
        "material": "sand",
        "landform": "explorer-terraces"
      },
      "geometry": {
        "type": "Point",
        "coordinates": [
          -159.208,
          -19.64375,
          482.24
        ]
      }
    },
    {
      "type": "Feature",
      "id": "terrain-r21-c37",
      "properties": {
        "terrain_grid_id": "rey-county-semantic-terrain-v1",
        "terrain_grid_column": 37,
        "terrain_grid_row": 21,
        "terrain_grid_columns": 41,
        "terrain_grid_rows": 41,
        "terrain_grid_validity": "valid",
        "material": "vegetation",
        "landform": "explorer-terraces"
      },
      "geometry": {
        "type": "Point",
        "coordinates": [
          -159.186,
          -19.64375,
          527.15
        ]
      }
    },
    {
      "type": "Feature",
      "id": "terrain-r21-c38",
      "properties": {
        "terrain_grid_id": "rey-county-semantic-terrain-v1",
        "terrain_grid_column": 38,
        "terrain_grid_row": 21,
        "terrain_grid_columns": 41,
        "terrain_grid_rows": 41,
        "terrain_grid_validity": "valid",
        "material": "vegetation",
        "landform": "explorer-terraces"
      },
      "geometry": {
        "type": "Point",
        "coordinates": [
          -159.164,
          -19.64375,
          533.88
        ]
      }
    },
    {
      "type": "Feature",
      "id": "terrain-r21-c39",
      "properties": {
        "terrain_grid_id": "rey-county-semantic-terrain-v1",
        "terrain_grid_column": 39,
        "terrain_grid_row": 21,
        "terrain_grid_columns": 41,
        "terrain_grid_rows": 41,
        "terrain_grid_validity": "valid",
        "material": "vegetation",
        "landform": "explorer-terraces"
      },
      "geometry": {
        "type": "Point",
        "coordinates": [
          -159.142,
          -19.64375,
          525.46
        ]
      }
    },
    {
      "type": "Feature",
      "id": "terrain-r21-c40",
      "properties": {
        "terrain_grid_id": "rey-county-semantic-terrain-v1",
        "terrain_grid_column": 40,
        "terrain_grid_row": 21,
        "terrain_grid_columns": 41,
        "terrain_grid_rows": 41,
        "terrain_grid_validity": "no_data"
      },
      "geometry": {
        "type": "Point",
        "coordinates": [
          -159.12,
          -19.64375
        ]
      }
    },
    {
      "type": "Feature",
      "id": "terrain-r22-c00",
      "properties": {
        "terrain_grid_id": "rey-county-semantic-terrain-v1",
        "terrain_grid_column": 0,
        "terrain_grid_row": 22,
        "terrain_grid_columns": 41,
        "terrain_grid_rows": 41,
        "terrain_grid_validity": "no_data"
      },
      "geometry": {
        "type": "Point",
        "coordinates": [
          -160,
          -19.6625
        ]
      }
    },
    {
      "type": "Feature",
      "id": "terrain-r22-c01",
      "properties": {
        "terrain_grid_id": "rey-county-semantic-terrain-v1",
        "terrain_grid_column": 1,
        "terrain_grid_row": 22,
        "terrain_grid_columns": 41,
        "terrain_grid_rows": 41,
        "terrain_grid_validity": "no_data"
      },
      "geometry": {
        "type": "Point",
        "coordinates": [
          -159.978,
          -19.6625
        ]
      }
    },
    {
      "type": "Feature",
      "id": "terrain-r22-c02",
      "properties": {
        "terrain_grid_id": "rey-county-semantic-terrain-v1",
        "terrain_grid_column": 2,
        "terrain_grid_row": 22,
        "terrain_grid_columns": 41,
        "terrain_grid_rows": 41,
        "terrain_grid_validity": "valid",
        "material": "rock",
        "landform": "mining-ridge"
      },
      "geometry": {
        "type": "Point",
        "coordinates": [
          -159.956,
          -19.6625,
          680.9
        ]
      }
    },
    {
      "type": "Feature",
      "id": "terrain-r22-c03",
      "properties": {
        "terrain_grid_id": "rey-county-semantic-terrain-v1",
        "terrain_grid_column": 3,
        "terrain_grid_row": 22,
        "terrain_grid_columns": 41,
        "terrain_grid_rows": 41,
        "terrain_grid_validity": "valid",
        "material": "rock",
        "landform": "mining-ridge"
      },
      "geometry": {
        "type": "Point",
        "coordinates": [
          -159.934,
          -19.6625,
          704.99
        ]
      }
    },
    {
      "type": "Feature",
      "id": "terrain-r22-c04",
      "properties": {
        "terrain_grid_id": "rey-county-semantic-terrain-v1",
        "terrain_grid_column": 4,
        "terrain_grid_row": 22,
        "terrain_grid_columns": 41,
        "terrain_grid_rows": 41,
        "terrain_grid_validity": "valid",
        "material": "rock",
        "landform": "mining-ridge"
      },
      "geometry": {
        "type": "Point",
        "coordinates": [
          -159.912,
          -19.6625,
          723.84
        ]
      }
    },
    {
      "type": "Feature",
      "id": "terrain-r22-c05",
      "properties": {
        "terrain_grid_id": "rey-county-semantic-terrain-v1",
        "terrain_grid_column": 5,
        "terrain_grid_row": 22,
        "terrain_grid_columns": 41,
        "terrain_grid_rows": 41,
        "terrain_grid_validity": "valid",
        "material": "rock",
        "landform": "mining-ridge"
      },
      "geometry": {
        "type": "Point",
        "coordinates": [
          -159.89,
          -19.6625,
          750.28
        ]
      }
    },
    {
      "type": "Feature",
      "id": "terrain-r22-c06",
      "properties": {
        "terrain_grid_id": "rey-county-semantic-terrain-v1",
        "terrain_grid_column": 6,
        "terrain_grid_row": 22,
        "terrain_grid_columns": 41,
        "terrain_grid_rows": 41,
        "terrain_grid_validity": "valid",
        "material": "rock",
        "landform": "mining-ridge"
      },
      "geometry": {
        "type": "Point",
        "coordinates": [
          -159.868,
          -19.6625,
          763.21
        ]
      }
    },
    {
      "type": "Feature",
      "id": "terrain-r22-c07",
      "properties": {
        "terrain_grid_id": "rey-county-semantic-terrain-v1",
        "terrain_grid_column": 7,
        "terrain_grid_row": 22,
        "terrain_grid_columns": 41,
        "terrain_grid_rows": 41,
        "terrain_grid_validity": "valid",
        "material": "rock",
        "landform": "mining-ridge"
      },
      "geometry": {
        "type": "Point",
        "coordinates": [
          -159.846,
          -19.6625,
          754.25
        ]
      }
    },
    {
      "type": "Feature",
      "id": "terrain-r22-c08",
      "properties": {
        "terrain_grid_id": "rey-county-semantic-terrain-v1",
        "terrain_grid_column": 8,
        "terrain_grid_row": 22,
        "terrain_grid_columns": 41,
        "terrain_grid_rows": 41,
        "terrain_grid_validity": "valid",
        "material": "rock",
        "landform": "mining-ridge"
      },
      "geometry": {
        "type": "Point",
        "coordinates": [
          -159.824,
          -19.6625,
          733.71
        ]
      }
    },
    {
      "type": "Feature",
      "id": "terrain-r22-c09",
      "properties": {
        "terrain_grid_id": "rey-county-semantic-terrain-v1",
        "terrain_grid_column": 9,
        "terrain_grid_row": 22,
        "terrain_grid_columns": 41,
        "terrain_grid_rows": 41,
        "terrain_grid_validity": "valid",
        "material": "rock",
        "landform": "mining-ridge"
      },
      "geometry": {
        "type": "Point",
        "coordinates": [
          -159.802,
          -19.6625,
          699.92
        ]
      }
    },
    {
      "type": "Feature",
      "id": "terrain-r22-c10",
      "properties": {
        "terrain_grid_id": "rey-county-semantic-terrain-v1",
        "terrain_grid_column": 10,
        "terrain_grid_row": 22,
        "terrain_grid_columns": 41,
        "terrain_grid_rows": 41,
        "terrain_grid_validity": "valid",
        "material": "rock",
        "landform": "mining-ridge"
      },
      "geometry": {
        "type": "Point",
        "coordinates": [
          -159.78,
          -19.6625,
          657.9
        ]
      }
    },
    {
      "type": "Feature",
      "id": "terrain-r22-c11",
      "properties": {
        "terrain_grid_id": "rey-county-semantic-terrain-v1",
        "terrain_grid_column": 11,
        "terrain_grid_row": 22,
        "terrain_grid_columns": 41,
        "terrain_grid_rows": 41,
        "terrain_grid_validity": "valid",
        "material": "rock",
        "landform": "mining-ridge"
      },
      "geometry": {
        "type": "Point",
        "coordinates": [
          -159.758,
          -19.6625,
          634.18
        ]
      }
    },
    {
      "type": "Feature",
      "id": "terrain-r22-c12",
      "properties": {
        "terrain_grid_id": "rey-county-semantic-terrain-v1",
        "terrain_grid_column": 12,
        "terrain_grid_row": 22,
        "terrain_grid_columns": 41,
        "terrain_grid_rows": 41,
        "terrain_grid_validity": "valid",
        "material": "rock",
        "landform": "runtime-basin"
      },
      "geometry": {
        "type": "Point",
        "coordinates": [
          -159.736,
          -19.6625,
          588.49
        ]
      }
    },
    {
      "type": "Feature",
      "id": "terrain-r22-c13",
      "properties": {
        "terrain_grid_id": "rey-county-semantic-terrain-v1",
        "terrain_grid_column": 13,
        "terrain_grid_row": 22,
        "terrain_grid_columns": 41,
        "terrain_grid_rows": 41,
        "terrain_grid_validity": "valid",
        "material": "vegetation",
        "landform": "runtime-basin"
      },
      "geometry": {
        "type": "Point",
        "coordinates": [
          -159.714,
          -19.6625,
          544.52
        ]
      }
    },
    {
      "type": "Feature",
      "id": "terrain-r22-c14",
      "properties": {
        "terrain_grid_id": "rey-county-semantic-terrain-v1",
        "terrain_grid_column": 14,
        "terrain_grid_row": 22,
        "terrain_grid_columns": 41,
        "terrain_grid_rows": 41,
        "terrain_grid_validity": "valid",
        "material": "vegetation",
        "landform": "runtime-basin"
      },
      "geometry": {
        "type": "Point",
        "coordinates": [
          -159.692,
          -19.6625,
          489.04
        ]
      }
    },
    {
      "type": "Feature",
      "id": "terrain-r22-c15",
      "properties": {
        "terrain_grid_id": "rey-county-semantic-terrain-v1",
        "terrain_grid_column": 15,
        "terrain_grid_row": 22,
        "terrain_grid_columns": 41,
        "terrain_grid_rows": 41,
        "terrain_grid_validity": "valid",
        "material": "vegetation",
        "landform": "runtime-basin"
      },
      "geometry": {
        "type": "Point",
        "coordinates": [
          -159.67,
          -19.6625,
          431.89
        ]
      }
    },
    {
      "type": "Feature",
      "id": "terrain-r22-c16",
      "properties": {
        "terrain_grid_id": "rey-county-semantic-terrain-v1",
        "terrain_grid_column": 16,
        "terrain_grid_row": 22,
        "terrain_grid_columns": 41,
        "terrain_grid_rows": 41,
        "terrain_grid_validity": "valid",
        "material": "vegetation",
        "landform": "runtime-basin"
      },
      "geometry": {
        "type": "Point",
        "coordinates": [
          -159.648,
          -19.6625,
          383.53
        ]
      }
    },
    {
      "type": "Feature",
      "id": "terrain-r22-c17",
      "properties": {
        "terrain_grid_id": "rey-county-semantic-terrain-v1",
        "terrain_grid_column": 17,
        "terrain_grid_row": 22,
        "terrain_grid_columns": 41,
        "terrain_grid_rows": 41,
        "terrain_grid_validity": "valid",
        "material": "vegetation",
        "landform": "runtime-basin"
      },
      "geometry": {
        "type": "Point",
        "coordinates": [
          -159.626,
          -19.6625,
          354.14
        ]
      }
    },
    {
      "type": "Feature",
      "id": "terrain-r22-c18",
      "properties": {
        "terrain_grid_id": "rey-county-semantic-terrain-v1",
        "terrain_grid_column": 18,
        "terrain_grid_row": 22,
        "terrain_grid_columns": 41,
        "terrain_grid_rows": 41,
        "terrain_grid_validity": "valid",
        "material": "vegetation",
        "landform": "runtime-basin"
      },
      "geometry": {
        "type": "Point",
        "coordinates": [
          -159.604,
          -19.6625,
          317.38
        ]
      }
    },
    {
      "type": "Feature",
      "id": "terrain-r22-c19",
      "properties": {
        "terrain_grid_id": "rey-county-semantic-terrain-v1",
        "terrain_grid_column": 19,
        "terrain_grid_row": 22,
        "terrain_grid_columns": 41,
        "terrain_grid_rows": 41,
        "terrain_grid_validity": "valid",
        "material": "vegetation",
        "landform": "runtime-basin"
      },
      "geometry": {
        "type": "Point",
        "coordinates": [
          -159.582,
          -19.6625,
          282.55
        ]
      }
    },
    {
      "type": "Feature",
      "id": "terrain-r22-c20",
      "properties": {
        "terrain_grid_id": "rey-county-semantic-terrain-v1",
        "terrain_grid_column": 20,
        "terrain_grid_row": 22,
        "terrain_grid_columns": 41,
        "terrain_grid_rows": 41,
        "terrain_grid_validity": "valid",
        "material": "vegetation",
        "landform": "runtime-basin"
      },
      "geometry": {
        "type": "Point",
        "coordinates": [
          -159.56,
          -19.6625,
          216.01
        ]
      }
    },
    {
      "type": "Feature",
      "id": "terrain-r22-c21",
      "properties": {
        "terrain_grid_id": "rey-county-semantic-terrain-v1",
        "terrain_grid_column": 21,
        "terrain_grid_row": 22,
        "terrain_grid_columns": 41,
        "terrain_grid_rows": 41,
        "terrain_grid_validity": "valid",
        "material": "sand",
        "landform": "runtime-basin"
      },
      "geometry": {
        "type": "Point",
        "coordinates": [
          -159.538,
          -19.6625,
          149.54
        ]
      }
    },
    {
      "type": "Feature",
      "id": "terrain-r22-c22",
      "properties": {
        "terrain_grid_id": "rey-county-semantic-terrain-v1",
        "terrain_grid_column": 22,
        "terrain_grid_row": 22,
        "terrain_grid_columns": 41,
        "terrain_grid_rows": 41,
        "terrain_grid_validity": "valid",
        "material": "sand",
        "landform": "runtime-basin"
      },
      "geometry": {
        "type": "Point",
        "coordinates": [
          -159.516,
          -19.6625,
          115.08
        ]
      }
    },
    {
      "type": "Feature",
      "id": "terrain-r22-c23",
      "properties": {
        "terrain_grid_id": "rey-county-semantic-terrain-v1",
        "terrain_grid_column": 23,
        "terrain_grid_row": 22,
        "terrain_grid_columns": 41,
        "terrain_grid_rows": 41,
        "terrain_grid_validity": "valid",
        "material": "vegetation",
        "landform": "runtime-basin"
      },
      "geometry": {
        "type": "Point",
        "coordinates": [
          -159.494,
          -19.6625,
          191.23
        ]
      }
    },
    {
      "type": "Feature",
      "id": "terrain-r22-c24",
      "properties": {
        "terrain_grid_id": "rey-county-semantic-terrain-v1",
        "terrain_grid_column": 24,
        "terrain_grid_row": 22,
        "terrain_grid_columns": 41,
        "terrain_grid_rows": 41,
        "terrain_grid_validity": "valid",
        "material": "vegetation",
        "landform": "runtime-basin"
      },
      "geometry": {
        "type": "Point",
        "coordinates": [
          -159.472,
          -19.6625,
          217.43
        ]
      }
    },
    {
      "type": "Feature",
      "id": "terrain-r22-c25",
      "properties": {
        "terrain_grid_id": "rey-county-semantic-terrain-v1",
        "terrain_grid_column": 25,
        "terrain_grid_row": 22,
        "terrain_grid_columns": 41,
        "terrain_grid_rows": 41,
        "terrain_grid_validity": "valid",
        "material": "soil",
        "landform": "runtime-basin"
      },
      "geometry": {
        "type": "Point",
        "coordinates": [
          -159.45,
          -19.6625,
          238.79
        ]
      }
    },
    {
      "type": "Feature",
      "id": "terrain-r22-c26",
      "properties": {
        "terrain_grid_id": "rey-county-semantic-terrain-v1",
        "terrain_grid_column": 26,
        "terrain_grid_row": 22,
        "terrain_grid_columns": 41,
        "terrain_grid_rows": 41,
        "terrain_grid_validity": "valid",
        "material": "soil",
        "landform": "runtime-basin"
      },
      "geometry": {
        "type": "Point",
        "coordinates": [
          -159.428,
          -19.6625,
          248.54
        ]
      }
    },
    {
      "type": "Feature",
      "id": "terrain-r22-c27",
      "properties": {
        "terrain_grid_id": "rey-county-semantic-terrain-v1",
        "terrain_grid_column": 27,
        "terrain_grid_row": 22,
        "terrain_grid_columns": 41,
        "terrain_grid_rows": 41,
        "terrain_grid_validity": "valid",
        "material": "sand",
        "landform": "runtime-basin"
      },
      "geometry": {
        "type": "Point",
        "coordinates": [
          -159.406,
          -19.6625,
          225.03
        ]
      }
    },
    {
      "type": "Feature",
      "id": "terrain-r22-c28",
      "properties": {
        "terrain_grid_id": "rey-county-semantic-terrain-v1",
        "terrain_grid_column": 28,
        "terrain_grid_row": 22,
        "terrain_grid_columns": 41,
        "terrain_grid_rows": 41,
        "terrain_grid_validity": "valid",
        "material": "sand",
        "landform": "runtime-basin"
      },
      "geometry": {
        "type": "Point",
        "coordinates": [
          -159.384,
          -19.6625,
          266.26
        ]
      }
    },
    {
      "type": "Feature",
      "id": "terrain-r22-c29",
      "properties": {
        "terrain_grid_id": "rey-county-semantic-terrain-v1",
        "terrain_grid_column": 29,
        "terrain_grid_row": 22,
        "terrain_grid_columns": 41,
        "terrain_grid_rows": 41,
        "terrain_grid_validity": "valid",
        "material": "vegetation",
        "landform": "runtime-basin"
      },
      "geometry": {
        "type": "Point",
        "coordinates": [
          -159.362,
          -19.6625,
          335.14
        ]
      }
    },
    {
      "type": "Feature",
      "id": "terrain-r22-c30",
      "properties": {
        "terrain_grid_id": "rey-county-semantic-terrain-v1",
        "terrain_grid_column": 30,
        "terrain_grid_row": 22,
        "terrain_grid_columns": 41,
        "terrain_grid_rows": 41,
        "terrain_grid_validity": "valid",
        "material": "vegetation",
        "landform": "runtime-basin"
      },
      "geometry": {
        "type": "Point",
        "coordinates": [
          -159.34,
          -19.6625,
          414.8
        ]
      }
    },
    {
      "type": "Feature",
      "id": "terrain-r22-c31",
      "properties": {
        "terrain_grid_id": "rey-county-semantic-terrain-v1",
        "terrain_grid_column": 31,
        "terrain_grid_row": 22,
        "terrain_grid_columns": 41,
        "terrain_grid_rows": 41,
        "terrain_grid_validity": "valid",
        "material": "vegetation",
        "landform": "runtime-basin"
      },
      "geometry": {
        "type": "Point",
        "coordinates": [
          -159.318,
          -19.6625,
          475.55
        ]
      }
    },
    {
      "type": "Feature",
      "id": "terrain-r22-c32",
      "properties": {
        "terrain_grid_id": "rey-county-semantic-terrain-v1",
        "terrain_grid_column": 32,
        "terrain_grid_row": 22,
        "terrain_grid_columns": 41,
        "terrain_grid_rows": 41,
        "terrain_grid_validity": "valid",
        "material": "vegetation",
        "landform": "runtime-basin"
      },
      "geometry": {
        "type": "Point",
        "coordinates": [
          -159.296,
          -19.6625,
          502.69
        ]
      }
    },
    {
      "type": "Feature",
      "id": "terrain-r22-c33",
      "properties": {
        "terrain_grid_id": "rey-county-semantic-terrain-v1",
        "terrain_grid_column": 33,
        "terrain_grid_row": 22,
        "terrain_grid_columns": 41,
        "terrain_grid_rows": 41,
        "terrain_grid_validity": "valid",
        "material": "vegetation",
        "landform": "explorer-terraces"
      },
      "geometry": {
        "type": "Point",
        "coordinates": [
          -159.274,
          -19.6625,
          510.21
        ]
      }
    },
    {
      "type": "Feature",
      "id": "terrain-r22-c34",
      "properties": {
        "terrain_grid_id": "rey-county-semantic-terrain-v1",
        "terrain_grid_column": 34,
        "terrain_grid_row": 22,
        "terrain_grid_columns": 41,
        "terrain_grid_rows": 41,
        "terrain_grid_validity": "valid",
        "material": "vegetation",
        "landform": "explorer-terraces"
      },
      "geometry": {
        "type": "Point",
        "coordinates": [
          -159.252,
          -19.6625,
          520.38
        ]
      }
    },
    {
      "type": "Feature",
      "id": "terrain-r22-c35",
      "properties": {
        "terrain_grid_id": "rey-county-semantic-terrain-v1",
        "terrain_grid_column": 35,
        "terrain_grid_row": 22,
        "terrain_grid_columns": 41,
        "terrain_grid_rows": 41,
        "terrain_grid_validity": "valid",
        "material": "vegetation",
        "landform": "explorer-terraces"
      },
      "geometry": {
        "type": "Point",
        "coordinates": [
          -159.23,
          -19.6625,
          512.63
        ]
      }
    },
    {
      "type": "Feature",
      "id": "terrain-r22-c36",
      "properties": {
        "terrain_grid_id": "rey-county-semantic-terrain-v1",
        "terrain_grid_column": 36,
        "terrain_grid_row": 22,
        "terrain_grid_columns": 41,
        "terrain_grid_rows": 41,
        "terrain_grid_validity": "valid",
        "material": "vegetation",
        "landform": "explorer-terraces"
      },
      "geometry": {
        "type": "Point",
        "coordinates": [
          -159.208,
          -19.6625,
          529.62
        ]
      }
    },
    {
      "type": "Feature",
      "id": "terrain-r22-c37",
      "properties": {
        "terrain_grid_id": "rey-county-semantic-terrain-v1",
        "terrain_grid_column": 37,
        "terrain_grid_row": 22,
        "terrain_grid_columns": 41,
        "terrain_grid_rows": 41,
        "terrain_grid_validity": "valid",
        "material": "vegetation",
        "landform": "explorer-terraces"
      },
      "geometry": {
        "type": "Point",
        "coordinates": [
          -159.186,
          -19.6625,
          532.29
        ]
      }
    },
    {
      "type": "Feature",
      "id": "terrain-r22-c38",
      "properties": {
        "terrain_grid_id": "rey-county-semantic-terrain-v1",
        "terrain_grid_column": 38,
        "terrain_grid_row": 22,
        "terrain_grid_columns": 41,
        "terrain_grid_rows": 41,
        "terrain_grid_validity": "valid",
        "material": "vegetation",
        "landform": "explorer-terraces"
      },
      "geometry": {
        "type": "Point",
        "coordinates": [
          -159.164,
          -19.6625,
          531.96
        ]
      }
    },
    {
      "type": "Feature",
      "id": "terrain-r22-c39",
      "properties": {
        "terrain_grid_id": "rey-county-semantic-terrain-v1",
        "terrain_grid_column": 39,
        "terrain_grid_row": 22,
        "terrain_grid_columns": 41,
        "terrain_grid_rows": 41,
        "terrain_grid_validity": "no_data"
      },
      "geometry": {
        "type": "Point",
        "coordinates": [
          -159.142,
          -19.6625
        ]
      }
    },
    {
      "type": "Feature",
      "id": "terrain-r22-c40",
      "properties": {
        "terrain_grid_id": "rey-county-semantic-terrain-v1",
        "terrain_grid_column": 40,
        "terrain_grid_row": 22,
        "terrain_grid_columns": 41,
        "terrain_grid_rows": 41,
        "terrain_grid_validity": "no_data"
      },
      "geometry": {
        "type": "Point",
        "coordinates": [
          -159.12,
          -19.6625
        ]
      }
    },
    {
      "type": "Feature",
      "id": "terrain-r23-c00",
      "properties": {
        "terrain_grid_id": "rey-county-semantic-terrain-v1",
        "terrain_grid_column": 0,
        "terrain_grid_row": 23,
        "terrain_grid_columns": 41,
        "terrain_grid_rows": 41,
        "terrain_grid_validity": "no_data"
      },
      "geometry": {
        "type": "Point",
        "coordinates": [
          -160,
          -19.68125
        ]
      }
    },
    {
      "type": "Feature",
      "id": "terrain-r23-c01",
      "properties": {
        "terrain_grid_id": "rey-county-semantic-terrain-v1",
        "terrain_grid_column": 1,
        "terrain_grid_row": 23,
        "terrain_grid_columns": 41,
        "terrain_grid_rows": 41,
        "terrain_grid_validity": "no_data"
      },
      "geometry": {
        "type": "Point",
        "coordinates": [
          -159.978,
          -19.68125
        ]
      }
    },
    {
      "type": "Feature",
      "id": "terrain-r23-c02",
      "properties": {
        "terrain_grid_id": "rey-county-semantic-terrain-v1",
        "terrain_grid_column": 2,
        "terrain_grid_row": 23,
        "terrain_grid_columns": 41,
        "terrain_grid_rows": 41,
        "terrain_grid_validity": "valid",
        "material": "rock",
        "landform": "mining-ridge"
      },
      "geometry": {
        "type": "Point",
        "coordinates": [
          -159.956,
          -19.68125,
          662.35
        ]
      }
    },
    {
      "type": "Feature",
      "id": "terrain-r23-c03",
      "properties": {
        "terrain_grid_id": "rey-county-semantic-terrain-v1",
        "terrain_grid_column": 3,
        "terrain_grid_row": 23,
        "terrain_grid_columns": 41,
        "terrain_grid_rows": 41,
        "terrain_grid_validity": "valid",
        "material": "rock",
        "landform": "mining-ridge"
      },
      "geometry": {
        "type": "Point",
        "coordinates": [
          -159.934,
          -19.68125,
          684.49
        ]
      }
    },
    {
      "type": "Feature",
      "id": "terrain-r23-c04",
      "properties": {
        "terrain_grid_id": "rey-county-semantic-terrain-v1",
        "terrain_grid_column": 4,
        "terrain_grid_row": 23,
        "terrain_grid_columns": 41,
        "terrain_grid_rows": 41,
        "terrain_grid_validity": "valid",
        "material": "rock",
        "landform": "mining-ridge"
      },
      "geometry": {
        "type": "Point",
        "coordinates": [
          -159.912,
          -19.68125,
          697.24
        ]
      }
    },
    {
      "type": "Feature",
      "id": "terrain-r23-c05",
      "properties": {
        "terrain_grid_id": "rey-county-semantic-terrain-v1",
        "terrain_grid_column": 5,
        "terrain_grid_row": 23,
        "terrain_grid_columns": 41,
        "terrain_grid_rows": 41,
        "terrain_grid_validity": "valid",
        "material": "rock",
        "landform": "mining-ridge"
      },
      "geometry": {
        "type": "Point",
        "coordinates": [
          -159.89,
          -19.68125,
          712.09
        ]
      }
    },
    {
      "type": "Feature",
      "id": "terrain-r23-c06",
      "properties": {
        "terrain_grid_id": "rey-county-semantic-terrain-v1",
        "terrain_grid_column": 6,
        "terrain_grid_row": 23,
        "terrain_grid_columns": 41,
        "terrain_grid_rows": 41,
        "terrain_grid_validity": "valid",
        "material": "rock",
        "landform": "mining-ridge"
      },
      "geometry": {
        "type": "Point",
        "coordinates": [
          -159.868,
          -19.68125,
          724.3
        ]
      }
    },
    {
      "type": "Feature",
      "id": "terrain-r23-c07",
      "properties": {
        "terrain_grid_id": "rey-county-semantic-terrain-v1",
        "terrain_grid_column": 7,
        "terrain_grid_row": 23,
        "terrain_grid_columns": 41,
        "terrain_grid_rows": 41,
        "terrain_grid_validity": "valid",
        "material": "rock",
        "landform": "mining-ridge"
      },
      "geometry": {
        "type": "Point",
        "coordinates": [
          -159.846,
          -19.68125,
          723.51
        ]
      }
    },
    {
      "type": "Feature",
      "id": "terrain-r23-c08",
      "properties": {
        "terrain_grid_id": "rey-county-semantic-terrain-v1",
        "terrain_grid_column": 8,
        "terrain_grid_row": 23,
        "terrain_grid_columns": 41,
        "terrain_grid_rows": 41,
        "terrain_grid_validity": "valid",
        "material": "rock",
        "landform": "mining-ridge"
      },
      "geometry": {
        "type": "Point",
        "coordinates": [
          -159.824,
          -19.68125,
          694.17
        ]
      }
    },
    {
      "type": "Feature",
      "id": "terrain-r23-c09",
      "properties": {
        "terrain_grid_id": "rey-county-semantic-terrain-v1",
        "terrain_grid_column": 9,
        "terrain_grid_row": 23,
        "terrain_grid_columns": 41,
        "terrain_grid_rows": 41,
        "terrain_grid_validity": "valid",
        "material": "rock",
        "landform": "mining-ridge"
      },
      "geometry": {
        "type": "Point",
        "coordinates": [
          -159.802,
          -19.68125,
          669.04
        ]
      }
    },
    {
      "type": "Feature",
      "id": "terrain-r23-c10",
      "properties": {
        "terrain_grid_id": "rey-county-semantic-terrain-v1",
        "terrain_grid_column": 10,
        "terrain_grid_row": 23,
        "terrain_grid_columns": 41,
        "terrain_grid_rows": 41,
        "terrain_grid_validity": "valid",
        "material": "rock",
        "landform": "mining-ridge"
      },
      "geometry": {
        "type": "Point",
        "coordinates": [
          -159.78,
          -19.68125,
          623.01
        ]
      }
    },
    {
      "type": "Feature",
      "id": "terrain-r23-c11",
      "properties": {
        "terrain_grid_id": "rey-county-semantic-terrain-v1",
        "terrain_grid_column": 11,
        "terrain_grid_row": 23,
        "terrain_grid_columns": 41,
        "terrain_grid_rows": 41,
        "terrain_grid_validity": "valid",
        "material": "rock",
        "landform": "mining-ridge"
      },
      "geometry": {
        "type": "Point",
        "coordinates": [
          -159.758,
          -19.68125,
          588.54
        ]
      }
    },
    {
      "type": "Feature",
      "id": "terrain-r23-c12",
      "properties": {
        "terrain_grid_id": "rey-county-semantic-terrain-v1",
        "terrain_grid_column": 12,
        "terrain_grid_row": 23,
        "terrain_grid_columns": 41,
        "terrain_grid_rows": 41,
        "terrain_grid_validity": "valid",
        "material": "vegetation",
        "landform": "runtime-basin"
      },
      "geometry": {
        "type": "Point",
        "coordinates": [
          -159.736,
          -19.68125,
          553.79
        ]
      }
    },
    {
      "type": "Feature",
      "id": "terrain-r23-c13",
      "properties": {
        "terrain_grid_id": "rey-county-semantic-terrain-v1",
        "terrain_grid_column": 13,
        "terrain_grid_row": 23,
        "terrain_grid_columns": 41,
        "terrain_grid_rows": 41,
        "terrain_grid_validity": "valid",
        "material": "vegetation",
        "landform": "runtime-basin"
      },
      "geometry": {
        "type": "Point",
        "coordinates": [
          -159.714,
          -19.68125,
          505.2
        ]
      }
    },
    {
      "type": "Feature",
      "id": "terrain-r23-c14",
      "properties": {
        "terrain_grid_id": "rey-county-semantic-terrain-v1",
        "terrain_grid_column": 14,
        "terrain_grid_row": 23,
        "terrain_grid_columns": 41,
        "terrain_grid_rows": 41,
        "terrain_grid_validity": "valid",
        "material": "vegetation",
        "landform": "runtime-basin"
      },
      "geometry": {
        "type": "Point",
        "coordinates": [
          -159.692,
          -19.68125,
          452.26
        ]
      }
    },
    {
      "type": "Feature",
      "id": "terrain-r23-c15",
      "properties": {
        "terrain_grid_id": "rey-county-semantic-terrain-v1",
        "terrain_grid_column": 15,
        "terrain_grid_row": 23,
        "terrain_grid_columns": 41,
        "terrain_grid_rows": 41,
        "terrain_grid_validity": "valid",
        "material": "vegetation",
        "landform": "runtime-basin"
      },
      "geometry": {
        "type": "Point",
        "coordinates": [
          -159.67,
          -19.68125,
          398.62
        ]
      }
    },
    {
      "type": "Feature",
      "id": "terrain-r23-c16",
      "properties": {
        "terrain_grid_id": "rey-county-semantic-terrain-v1",
        "terrain_grid_column": 16,
        "terrain_grid_row": 23,
        "terrain_grid_columns": 41,
        "terrain_grid_rows": 41,
        "terrain_grid_validity": "valid",
        "material": "vegetation",
        "landform": "runtime-basin"
      },
      "geometry": {
        "type": "Point",
        "coordinates": [
          -159.648,
          -19.68125,
          344.11
        ]
      }
    },
    {
      "type": "Feature",
      "id": "terrain-r23-c17",
      "properties": {
        "terrain_grid_id": "rey-county-semantic-terrain-v1",
        "terrain_grid_column": 17,
        "terrain_grid_row": 23,
        "terrain_grid_columns": 41,
        "terrain_grid_rows": 41,
        "terrain_grid_validity": "valid",
        "material": "soil",
        "landform": "runtime-basin"
      },
      "geometry": {
        "type": "Point",
        "coordinates": [
          -159.626,
          -19.68125,
          309.87
        ]
      }
    },
    {
      "type": "Feature",
      "id": "terrain-r23-c18",
      "properties": {
        "terrain_grid_id": "rey-county-semantic-terrain-v1",
        "terrain_grid_column": 18,
        "terrain_grid_row": 23,
        "terrain_grid_columns": 41,
        "terrain_grid_rows": 41,
        "terrain_grid_validity": "valid",
        "material": "vegetation",
        "landform": "runtime-basin"
      },
      "geometry": {
        "type": "Point",
        "coordinates": [
          -159.604,
          -19.68125,
          287.14
        ]
      }
    },
    {
      "type": "Feature",
      "id": "terrain-r23-c19",
      "properties": {
        "terrain_grid_id": "rey-county-semantic-terrain-v1",
        "terrain_grid_column": 19,
        "terrain_grid_row": 23,
        "terrain_grid_columns": 41,
        "terrain_grid_rows": 41,
        "terrain_grid_validity": "valid",
        "material": "vegetation",
        "landform": "runtime-basin"
      },
      "geometry": {
        "type": "Point",
        "coordinates": [
          -159.582,
          -19.68125,
          261.36
        ]
      }
    },
    {
      "type": "Feature",
      "id": "terrain-r23-c20",
      "properties": {
        "terrain_grid_id": "rey-county-semantic-terrain-v1",
        "terrain_grid_column": 20,
        "terrain_grid_row": 23,
        "terrain_grid_columns": 41,
        "terrain_grid_rows": 41,
        "terrain_grid_validity": "valid",
        "material": "vegetation",
        "landform": "runtime-basin"
      },
      "geometry": {
        "type": "Point",
        "coordinates": [
          -159.56,
          -19.68125,
          236.6
        ]
      }
    },
    {
      "type": "Feature",
      "id": "terrain-r23-c21",
      "properties": {
        "terrain_grid_id": "rey-county-semantic-terrain-v1",
        "terrain_grid_column": 21,
        "terrain_grid_row": 23,
        "terrain_grid_columns": 41,
        "terrain_grid_rows": 41,
        "terrain_grid_validity": "valid",
        "material": "vegetation",
        "landform": "runtime-basin"
      },
      "geometry": {
        "type": "Point",
        "coordinates": [
          -159.538,
          -19.68125,
          175.13
        ]
      }
    },
    {
      "type": "Feature",
      "id": "terrain-r23-c22",
      "properties": {
        "terrain_grid_id": "rey-county-semantic-terrain-v1",
        "terrain_grid_column": 22,
        "terrain_grid_row": 23,
        "terrain_grid_columns": 41,
        "terrain_grid_rows": 41,
        "terrain_grid_validity": "valid",
        "material": "sand",
        "landform": "runtime-basin"
      },
      "geometry": {
        "type": "Point",
        "coordinates": [
          -159.516,
          -19.68125,
          86.17
        ]
      }
    },
    {
      "type": "Feature",
      "id": "terrain-r23-c23",
      "properties": {
        "terrain_grid_id": "rey-county-semantic-terrain-v1",
        "terrain_grid_column": 23,
        "terrain_grid_row": 23,
        "terrain_grid_columns": 41,
        "terrain_grid_rows": 41,
        "terrain_grid_validity": "valid",
        "material": "sand",
        "landform": "runtime-basin"
      },
      "geometry": {
        "type": "Point",
        "coordinates": [
          -159.494,
          -19.68125,
          123.88
        ]
      }
    },
    {
      "type": "Feature",
      "id": "terrain-r23-c24",
      "properties": {
        "terrain_grid_id": "rey-county-semantic-terrain-v1",
        "terrain_grid_column": 24,
        "terrain_grid_row": 23,
        "terrain_grid_columns": 41,
        "terrain_grid_rows": 41,
        "terrain_grid_validity": "valid",
        "material": "sand",
        "landform": "runtime-basin"
      },
      "geometry": {
        "type": "Point",
        "coordinates": [
          -159.472,
          -19.68125,
          174.33
        ]
      }
    },
    {
      "type": "Feature",
      "id": "terrain-r23-c25",
      "properties": {
        "terrain_grid_id": "rey-county-semantic-terrain-v1",
        "terrain_grid_column": 25,
        "terrain_grid_row": 23,
        "terrain_grid_columns": 41,
        "terrain_grid_rows": 41,
        "terrain_grid_validity": "valid",
        "material": "sand",
        "landform": "runtime-basin"
      },
      "geometry": {
        "type": "Point",
        "coordinates": [
          -159.45,
          -19.68125,
          208.63
        ]
      }
    },
    {
      "type": "Feature",
      "id": "terrain-r23-c26",
      "properties": {
        "terrain_grid_id": "rey-county-semantic-terrain-v1",
        "terrain_grid_column": 26,
        "terrain_grid_row": 23,
        "terrain_grid_columns": 41,
        "terrain_grid_rows": 41,
        "terrain_grid_validity": "valid",
        "material": "sand",
        "landform": "runtime-basin"
      },
      "geometry": {
        "type": "Point",
        "coordinates": [
          -159.428,
          -19.68125,
          243.53
        ]
      }
    },
    {
      "type": "Feature",
      "id": "terrain-r23-c27",
      "properties": {
        "terrain_grid_id": "rey-county-semantic-terrain-v1",
        "terrain_grid_column": 27,
        "terrain_grid_row": 23,
        "terrain_grid_columns": 41,
        "terrain_grid_rows": 41,
        "terrain_grid_validity": "valid",
        "material": "sand",
        "landform": "runtime-basin"
      },
      "geometry": {
        "type": "Point",
        "coordinates": [
          -159.406,
          -19.68125,
          218.48
        ]
      }
    },
    {
      "type": "Feature",
      "id": "terrain-r23-c28",
      "properties": {
        "terrain_grid_id": "rey-county-semantic-terrain-v1",
        "terrain_grid_column": 28,
        "terrain_grid_row": 23,
        "terrain_grid_columns": 41,
        "terrain_grid_rows": 41,
        "terrain_grid_validity": "valid",
        "material": "soil",
        "landform": "runtime-basin"
      },
      "geometry": {
        "type": "Point",
        "coordinates": [
          -159.384,
          -19.68125,
          308.31
        ]
      }
    },
    {
      "type": "Feature",
      "id": "terrain-r23-c29",
      "properties": {
        "terrain_grid_id": "rey-county-semantic-terrain-v1",
        "terrain_grid_column": 29,
        "terrain_grid_row": 23,
        "terrain_grid_columns": 41,
        "terrain_grid_rows": 41,
        "terrain_grid_validity": "valid",
        "material": "vegetation",
        "landform": "runtime-basin"
      },
      "geometry": {
        "type": "Point",
        "coordinates": [
          -159.362,
          -19.68125,
          390.22
        ]
      }
    },
    {
      "type": "Feature",
      "id": "terrain-r23-c30",
      "properties": {
        "terrain_grid_id": "rey-county-semantic-terrain-v1",
        "terrain_grid_column": 30,
        "terrain_grid_row": 23,
        "terrain_grid_columns": 41,
        "terrain_grid_rows": 41,
        "terrain_grid_validity": "valid",
        "material": "vegetation",
        "landform": "runtime-basin"
      },
      "geometry": {
        "type": "Point",
        "coordinates": [
          -159.34,
          -19.68125,
          438.1
        ]
      }
    },
    {
      "type": "Feature",
      "id": "terrain-r23-c31",
      "properties": {
        "terrain_grid_id": "rey-county-semantic-terrain-v1",
        "terrain_grid_column": 31,
        "terrain_grid_row": 23,
        "terrain_grid_columns": 41,
        "terrain_grid_rows": 41,
        "terrain_grid_validity": "valid",
        "material": "vegetation",
        "landform": "runtime-basin"
      },
      "geometry": {
        "type": "Point",
        "coordinates": [
          -159.318,
          -19.68125,
          478.08
        ]
      }
    },
    {
      "type": "Feature",
      "id": "terrain-r23-c32",
      "properties": {
        "terrain_grid_id": "rey-county-semantic-terrain-v1",
        "terrain_grid_column": 32,
        "terrain_grid_row": 23,
        "terrain_grid_columns": 41,
        "terrain_grid_rows": 41,
        "terrain_grid_validity": "valid",
        "material": "vegetation",
        "landform": "runtime-basin"
      },
      "geometry": {
        "type": "Point",
        "coordinates": [
          -159.296,
          -19.68125,
          501.85
        ]
      }
    },
    {
      "type": "Feature",
      "id": "terrain-r23-c33",
      "properties": {
        "terrain_grid_id": "rey-county-semantic-terrain-v1",
        "terrain_grid_column": 33,
        "terrain_grid_row": 23,
        "terrain_grid_columns": 41,
        "terrain_grid_rows": 41,
        "terrain_grid_validity": "valid",
        "material": "vegetation",
        "landform": "runtime-basin"
      },
      "geometry": {
        "type": "Point",
        "coordinates": [
          -159.274,
          -19.68125,
          506.45
        ]
      }
    },
    {
      "type": "Feature",
      "id": "terrain-r23-c34",
      "properties": {
        "terrain_grid_id": "rey-county-semantic-terrain-v1",
        "terrain_grid_column": 34,
        "terrain_grid_row": 23,
        "terrain_grid_columns": 41,
        "terrain_grid_rows": 41,
        "terrain_grid_validity": "valid",
        "material": "vegetation",
        "landform": "explorer-terraces"
      },
      "geometry": {
        "type": "Point",
        "coordinates": [
          -159.252,
          -19.68125,
          512.12
        ]
      }
    },
    {
      "type": "Feature",
      "id": "terrain-r23-c35",
      "properties": {
        "terrain_grid_id": "rey-county-semantic-terrain-v1",
        "terrain_grid_column": 35,
        "terrain_grid_row": 23,
        "terrain_grid_columns": 41,
        "terrain_grid_rows": 41,
        "terrain_grid_validity": "valid",
        "material": "vegetation",
        "landform": "explorer-terraces"
      },
      "geometry": {
        "type": "Point",
        "coordinates": [
          -159.23,
          -19.68125,
          519.6
        ]
      }
    },
    {
      "type": "Feature",
      "id": "terrain-r23-c36",
      "properties": {
        "terrain_grid_id": "rey-county-semantic-terrain-v1",
        "terrain_grid_column": 36,
        "terrain_grid_row": 23,
        "terrain_grid_columns": 41,
        "terrain_grid_rows": 41,
        "terrain_grid_validity": "valid",
        "material": "vegetation",
        "landform": "explorer-terraces"
      },
      "geometry": {
        "type": "Point",
        "coordinates": [
          -159.208,
          -19.68125,
          522.7
        ]
      }
    },
    {
      "type": "Feature",
      "id": "terrain-r23-c37",
      "properties": {
        "terrain_grid_id": "rey-county-semantic-terrain-v1",
        "terrain_grid_column": 37,
        "terrain_grid_row": 23,
        "terrain_grid_columns": 41,
        "terrain_grid_rows": 41,
        "terrain_grid_validity": "valid",
        "material": "vegetation",
        "landform": "explorer-terraces"
      },
      "geometry": {
        "type": "Point",
        "coordinates": [
          -159.186,
          -19.68125,
          534.08
        ]
      }
    },
    {
      "type": "Feature",
      "id": "terrain-r23-c38",
      "properties": {
        "terrain_grid_id": "rey-county-semantic-terrain-v1",
        "terrain_grid_column": 38,
        "terrain_grid_row": 23,
        "terrain_grid_columns": 41,
        "terrain_grid_rows": 41,
        "terrain_grid_validity": "valid",
        "material": "vegetation",
        "landform": "explorer-terraces"
      },
      "geometry": {
        "type": "Point",
        "coordinates": [
          -159.164,
          -19.68125,
          532.22
        ]
      }
    },
    {
      "type": "Feature",
      "id": "terrain-r23-c39",
      "properties": {
        "terrain_grid_id": "rey-county-semantic-terrain-v1",
        "terrain_grid_column": 39,
        "terrain_grid_row": 23,
        "terrain_grid_columns": 41,
        "terrain_grid_rows": 41,
        "terrain_grid_validity": "no_data"
      },
      "geometry": {
        "type": "Point",
        "coordinates": [
          -159.142,
          -19.68125
        ]
      }
    },
    {
      "type": "Feature",
      "id": "terrain-r23-c40",
      "properties": {
        "terrain_grid_id": "rey-county-semantic-terrain-v1",
        "terrain_grid_column": 40,
        "terrain_grid_row": 23,
        "terrain_grid_columns": 41,
        "terrain_grid_rows": 41,
        "terrain_grid_validity": "no_data"
      },
      "geometry": {
        "type": "Point",
        "coordinates": [
          -159.12,
          -19.68125
        ]
      }
    },
    {
      "type": "Feature",
      "id": "terrain-r24-c00",
      "properties": {
        "terrain_grid_id": "rey-county-semantic-terrain-v1",
        "terrain_grid_column": 0,
        "terrain_grid_row": 24,
        "terrain_grid_columns": 41,
        "terrain_grid_rows": 41,
        "terrain_grid_validity": "no_data"
      },
      "geometry": {
        "type": "Point",
        "coordinates": [
          -160,
          -19.7
        ]
      }
    },
    {
      "type": "Feature",
      "id": "terrain-r24-c01",
      "properties": {
        "terrain_grid_id": "rey-county-semantic-terrain-v1",
        "terrain_grid_column": 1,
        "terrain_grid_row": 24,
        "terrain_grid_columns": 41,
        "terrain_grid_rows": 41,
        "terrain_grid_validity": "no_data"
      },
      "geometry": {
        "type": "Point",
        "coordinates": [
          -159.978,
          -19.7
        ]
      }
    },
    {
      "type": "Feature",
      "id": "terrain-r24-c02",
      "properties": {
        "terrain_grid_id": "rey-county-semantic-terrain-v1",
        "terrain_grid_column": 2,
        "terrain_grid_row": 24,
        "terrain_grid_columns": 41,
        "terrain_grid_rows": 41,
        "terrain_grid_validity": "valid",
        "material": "rock",
        "landform": "mining-ridge"
      },
      "geometry": {
        "type": "Point",
        "coordinates": [
          -159.956,
          -19.7,
          649.92
        ]
      }
    },
    {
      "type": "Feature",
      "id": "terrain-r24-c03",
      "properties": {
        "terrain_grid_id": "rey-county-semantic-terrain-v1",
        "terrain_grid_column": 3,
        "terrain_grid_row": 24,
        "terrain_grid_columns": 41,
        "terrain_grid_rows": 41,
        "terrain_grid_validity": "valid",
        "material": "rock",
        "landform": "mining-ridge"
      },
      "geometry": {
        "type": "Point",
        "coordinates": [
          -159.934,
          -19.7,
          661.54
        ]
      }
    },
    {
      "type": "Feature",
      "id": "terrain-r24-c04",
      "properties": {
        "terrain_grid_id": "rey-county-semantic-terrain-v1",
        "terrain_grid_column": 4,
        "terrain_grid_row": 24,
        "terrain_grid_columns": 41,
        "terrain_grid_rows": 41,
        "terrain_grid_validity": "valid",
        "material": "rock",
        "landform": "mining-ridge"
      },
      "geometry": {
        "type": "Point",
        "coordinates": [
          -159.912,
          -19.7,
          674.68
        ]
      }
    },
    {
      "type": "Feature",
      "id": "terrain-r24-c05",
      "properties": {
        "terrain_grid_id": "rey-county-semantic-terrain-v1",
        "terrain_grid_column": 5,
        "terrain_grid_row": 24,
        "terrain_grid_columns": 41,
        "terrain_grid_rows": 41,
        "terrain_grid_validity": "valid",
        "material": "rock",
        "landform": "mining-ridge"
      },
      "geometry": {
        "type": "Point",
        "coordinates": [
          -159.89,
          -19.7,
          686.83
        ]
      }
    },
    {
      "type": "Feature",
      "id": "terrain-r24-c06",
      "properties": {
        "terrain_grid_id": "rey-county-semantic-terrain-v1",
        "terrain_grid_column": 6,
        "terrain_grid_row": 24,
        "terrain_grid_columns": 41,
        "terrain_grid_rows": 41,
        "terrain_grid_validity": "valid",
        "material": "rock",
        "landform": "mining-ridge"
      },
      "geometry": {
        "type": "Point",
        "coordinates": [
          -159.868,
          -19.7,
          692.87
        ]
      }
    },
    {
      "type": "Feature",
      "id": "terrain-r24-c07",
      "properties": {
        "terrain_grid_id": "rey-county-semantic-terrain-v1",
        "terrain_grid_column": 7,
        "terrain_grid_row": 24,
        "terrain_grid_columns": 41,
        "terrain_grid_rows": 41,
        "terrain_grid_validity": "valid",
        "material": "rock",
        "landform": "mining-ridge"
      },
      "geometry": {
        "type": "Point",
        "coordinates": [
          -159.846,
          -19.7,
          699.02
        ]
      }
    },
    {
      "type": "Feature",
      "id": "terrain-r24-c08",
      "properties": {
        "terrain_grid_id": "rey-county-semantic-terrain-v1",
        "terrain_grid_column": 8,
        "terrain_grid_row": 24,
        "terrain_grid_columns": 41,
        "terrain_grid_rows": 41,
        "terrain_grid_validity": "valid",
        "material": "rock",
        "landform": "mining-ridge"
      },
      "geometry": {
        "type": "Point",
        "coordinates": [
          -159.824,
          -19.7,
          677.61
        ]
      }
    },
    {
      "type": "Feature",
      "id": "terrain-r24-c09",
      "properties": {
        "terrain_grid_id": "rey-county-semantic-terrain-v1",
        "terrain_grid_column": 9,
        "terrain_grid_row": 24,
        "terrain_grid_columns": 41,
        "terrain_grid_rows": 41,
        "terrain_grid_validity": "valid",
        "material": "rock",
        "landform": "mining-ridge"
      },
      "geometry": {
        "type": "Point",
        "coordinates": [
          -159.802,
          -19.7,
          640.54
        ]
      }
    },
    {
      "type": "Feature",
      "id": "terrain-r24-c10",
      "properties": {
        "terrain_grid_id": "rey-county-semantic-terrain-v1",
        "terrain_grid_column": 10,
        "terrain_grid_row": 24,
        "terrain_grid_columns": 41,
        "terrain_grid_rows": 41,
        "terrain_grid_validity": "valid",
        "material": "rock",
        "landform": "mining-ridge"
      },
      "geometry": {
        "type": "Point",
        "coordinates": [
          -159.78,
          -19.7,
          604.87
        ]
      }
    },
    {
      "type": "Feature",
      "id": "terrain-r24-c11",
      "properties": {
        "terrain_grid_id": "rey-county-semantic-terrain-v1",
        "terrain_grid_column": 11,
        "terrain_grid_row": 24,
        "terrain_grid_columns": 41,
        "terrain_grid_rows": 41,
        "terrain_grid_validity": "valid",
        "material": "vegetation",
        "landform": "mining-ridge"
      },
      "geometry": {
        "type": "Point",
        "coordinates": [
          -159.758,
          -19.7,
          554.87
        ]
      }
    },
    {
      "type": "Feature",
      "id": "terrain-r24-c12",
      "properties": {
        "terrain_grid_id": "rey-county-semantic-terrain-v1",
        "terrain_grid_column": 12,
        "terrain_grid_row": 24,
        "terrain_grid_columns": 41,
        "terrain_grid_rows": 41,
        "terrain_grid_validity": "valid",
        "material": "vegetation",
        "landform": "runtime-basin"
      },
      "geometry": {
        "type": "Point",
        "coordinates": [
          -159.736,
          -19.7,
          518.25
        ]
      }
    },
    {
      "type": "Feature",
      "id": "terrain-r24-c13",
      "properties": {
        "terrain_grid_id": "rey-county-semantic-terrain-v1",
        "terrain_grid_column": 13,
        "terrain_grid_row": 24,
        "terrain_grid_columns": 41,
        "terrain_grid_rows": 41,
        "terrain_grid_validity": "valid",
        "material": "vegetation",
        "landform": "runtime-basin"
      },
      "geometry": {
        "type": "Point",
        "coordinates": [
          -159.714,
          -19.7,
          473.75
        ]
      }
    },
    {
      "type": "Feature",
      "id": "terrain-r24-c14",
      "properties": {
        "terrain_grid_id": "rey-county-semantic-terrain-v1",
        "terrain_grid_column": 14,
        "terrain_grid_row": 24,
        "terrain_grid_columns": 41,
        "terrain_grid_rows": 41,
        "terrain_grid_validity": "valid",
        "material": "vegetation",
        "landform": "runtime-basin"
      },
      "geometry": {
        "type": "Point",
        "coordinates": [
          -159.692,
          -19.7,
          420.5
        ]
      }
    },
    {
      "type": "Feature",
      "id": "terrain-r24-c15",
      "properties": {
        "terrain_grid_id": "rey-county-semantic-terrain-v1",
        "terrain_grid_column": 15,
        "terrain_grid_row": 24,
        "terrain_grid_columns": 41,
        "terrain_grid_rows": 41,
        "terrain_grid_validity": "valid",
        "material": "vegetation",
        "landform": "runtime-basin"
      },
      "geometry": {
        "type": "Point",
        "coordinates": [
          -159.67,
          -19.7,
          365.2
        ]
      }
    },
    {
      "type": "Feature",
      "id": "terrain-r24-c16",
      "properties": {
        "terrain_grid_id": "rey-county-semantic-terrain-v1",
        "terrain_grid_column": 16,
        "terrain_grid_row": 24,
        "terrain_grid_columns": 41,
        "terrain_grid_rows": 41,
        "terrain_grid_validity": "valid",
        "material": "soil",
        "landform": "runtime-basin"
      },
      "geometry": {
        "type": "Point",
        "coordinates": [
          -159.648,
          -19.7,
          319.43
        ]
      }
    },
    {
      "type": "Feature",
      "id": "terrain-r24-c17",
      "properties": {
        "terrain_grid_id": "rey-county-semantic-terrain-v1",
        "terrain_grid_column": 17,
        "terrain_grid_row": 24,
        "terrain_grid_columns": 41,
        "terrain_grid_rows": 41,
        "terrain_grid_validity": "valid",
        "material": "vegetation",
        "landform": "runtime-basin"
      },
      "geometry": {
        "type": "Point",
        "coordinates": [
          -159.626,
          -19.7,
          275.49
        ]
      }
    },
    {
      "type": "Feature",
      "id": "terrain-r24-c18",
      "properties": {
        "terrain_grid_id": "rey-county-semantic-terrain-v1",
        "terrain_grid_column": 18,
        "terrain_grid_row": 24,
        "terrain_grid_columns": 41,
        "terrain_grid_rows": 41,
        "terrain_grid_validity": "valid",
        "material": "vegetation",
        "landform": "runtime-basin"
      },
      "geometry": {
        "type": "Point",
        "coordinates": [
          -159.604,
          -19.7,
          261.23
        ]
      }
    },
    {
      "type": "Feature",
      "id": "terrain-r24-c19",
      "properties": {
        "terrain_grid_id": "rey-county-semantic-terrain-v1",
        "terrain_grid_column": 19,
        "terrain_grid_row": 24,
        "terrain_grid_columns": 41,
        "terrain_grid_rows": 41,
        "terrain_grid_validity": "valid",
        "material": "vegetation",
        "landform": "runtime-basin"
      },
      "geometry": {
        "type": "Point",
        "coordinates": [
          -159.582,
          -19.7,
          245.92
        ]
      }
    },
    {
      "type": "Feature",
      "id": "terrain-r24-c20",
      "properties": {
        "terrain_grid_id": "rey-county-semantic-terrain-v1",
        "terrain_grid_column": 20,
        "terrain_grid_row": 24,
        "terrain_grid_columns": 41,
        "terrain_grid_rows": 41,
        "terrain_grid_validity": "valid",
        "material": "vegetation",
        "landform": "runtime-basin"
      },
      "geometry": {
        "type": "Point",
        "coordinates": [
          -159.56,
          -19.7,
          237.82
        ]
      }
    },
    {
      "type": "Feature",
      "id": "terrain-r24-c21",
      "properties": {
        "terrain_grid_id": "rey-county-semantic-terrain-v1",
        "terrain_grid_column": 21,
        "terrain_grid_row": 24,
        "terrain_grid_columns": 41,
        "terrain_grid_rows": 41,
        "terrain_grid_validity": "valid",
        "material": "vegetation",
        "landform": "runtime-basin"
      },
      "geometry": {
        "type": "Point",
        "coordinates": [
          -159.538,
          -19.7,
          220.57
        ]
      }
    },
    {
      "type": "Feature",
      "id": "terrain-r24-c22",
      "properties": {
        "terrain_grid_id": "rey-county-semantic-terrain-v1",
        "terrain_grid_column": 22,
        "terrain_grid_row": 24,
        "terrain_grid_columns": 41,
        "terrain_grid_rows": 41,
        "terrain_grid_validity": "valid",
        "material": "vegetation",
        "landform": "runtime-basin"
      },
      "geometry": {
        "type": "Point",
        "coordinates": [
          -159.516,
          -19.7,
          185.18
        ]
      }
    },
    {
      "type": "Feature",
      "id": "terrain-r24-c23",
      "properties": {
        "terrain_grid_id": "rey-county-semantic-terrain-v1",
        "terrain_grid_column": 23,
        "terrain_grid_row": 24,
        "terrain_grid_columns": 41,
        "terrain_grid_rows": 41,
        "terrain_grid_validity": "valid",
        "material": "vegetation",
        "landform": "runtime-basin"
      },
      "geometry": {
        "type": "Point",
        "coordinates": [
          -159.494,
          -19.7,
          201.97
        ]
      }
    },
    {
      "type": "Feature",
      "id": "terrain-r24-c24",
      "properties": {
        "terrain_grid_id": "rey-county-semantic-terrain-v1",
        "terrain_grid_column": 24,
        "terrain_grid_row": 24,
        "terrain_grid_columns": 41,
        "terrain_grid_rows": 41,
        "terrain_grid_validity": "valid",
        "material": "vegetation",
        "landform": "runtime-basin"
      },
      "geometry": {
        "type": "Point",
        "coordinates": [
          -159.472,
          -19.7,
          243.77
        ]
      }
    },
    {
      "type": "Feature",
      "id": "terrain-r24-c25",
      "properties": {
        "terrain_grid_id": "rey-county-semantic-terrain-v1",
        "terrain_grid_column": 25,
        "terrain_grid_row": 24,
        "terrain_grid_columns": 41,
        "terrain_grid_rows": 41,
        "terrain_grid_validity": "valid",
        "material": "soil",
        "landform": "runtime-basin"
      },
      "geometry": {
        "type": "Point",
        "coordinates": [
          -159.45,
          -19.7,
          280.68
        ]
      }
    },
    {
      "type": "Feature",
      "id": "terrain-r24-c26",
      "properties": {
        "terrain_grid_id": "rey-county-semantic-terrain-v1",
        "terrain_grid_column": 26,
        "terrain_grid_row": 24,
        "terrain_grid_columns": 41,
        "terrain_grid_rows": 41,
        "terrain_grid_validity": "valid",
        "material": "soil",
        "landform": "runtime-basin"
      },
      "geometry": {
        "type": "Point",
        "coordinates": [
          -159.428,
          -19.7,
          310.42
        ]
      }
    },
    {
      "type": "Feature",
      "id": "terrain-r24-c27",
      "properties": {
        "terrain_grid_id": "rey-county-semantic-terrain-v1",
        "terrain_grid_column": 27,
        "terrain_grid_row": 24,
        "terrain_grid_columns": 41,
        "terrain_grid_rows": 41,
        "terrain_grid_validity": "valid",
        "material": "sand",
        "landform": "runtime-basin"
      },
      "geometry": {
        "type": "Point",
        "coordinates": [
          -159.406,
          -19.7,
          295.04
        ]
      }
    },
    {
      "type": "Feature",
      "id": "terrain-r24-c28",
      "properties": {
        "terrain_grid_id": "rey-county-semantic-terrain-v1",
        "terrain_grid_column": 28,
        "terrain_grid_row": 24,
        "terrain_grid_columns": 41,
        "terrain_grid_rows": 41,
        "terrain_grid_validity": "valid",
        "material": "vegetation",
        "landform": "runtime-basin"
      },
      "geometry": {
        "type": "Point",
        "coordinates": [
          -159.384,
          -19.7,
          363.49
        ]
      }
    },
    {
      "type": "Feature",
      "id": "terrain-r24-c29",
      "properties": {
        "terrain_grid_id": "rey-county-semantic-terrain-v1",
        "terrain_grid_column": 29,
        "terrain_grid_row": 24,
        "terrain_grid_columns": 41,
        "terrain_grid_rows": 41,
        "terrain_grid_validity": "valid",
        "material": "vegetation",
        "landform": "runtime-basin"
      },
      "geometry": {
        "type": "Point",
        "coordinates": [
          -159.362,
          -19.7,
          413.69
        ]
      }
    },
    {
      "type": "Feature",
      "id": "terrain-r24-c30",
      "properties": {
        "terrain_grid_id": "rey-county-semantic-terrain-v1",
        "terrain_grid_column": 30,
        "terrain_grid_row": 24,
        "terrain_grid_columns": 41,
        "terrain_grid_rows": 41,
        "terrain_grid_validity": "valid",
        "material": "vegetation",
        "landform": "runtime-basin"
      },
      "geometry": {
        "type": "Point",
        "coordinates": [
          -159.34,
          -19.7,
          441.03
        ]
      }
    },
    {
      "type": "Feature",
      "id": "terrain-r24-c31",
      "properties": {
        "terrain_grid_id": "rey-county-semantic-terrain-v1",
        "terrain_grid_column": 31,
        "terrain_grid_row": 24,
        "terrain_grid_columns": 41,
        "terrain_grid_rows": 41,
        "terrain_grid_validity": "valid",
        "material": "vegetation",
        "landform": "runtime-basin"
      },
      "geometry": {
        "type": "Point",
        "coordinates": [
          -159.318,
          -19.7,
          472.75
        ]
      }
    },
    {
      "type": "Feature",
      "id": "terrain-r24-c32",
      "properties": {
        "terrain_grid_id": "rey-county-semantic-terrain-v1",
        "terrain_grid_column": 32,
        "terrain_grid_row": 24,
        "terrain_grid_columns": 41,
        "terrain_grid_rows": 41,
        "terrain_grid_validity": "valid",
        "material": "vegetation",
        "landform": "runtime-basin"
      },
      "geometry": {
        "type": "Point",
        "coordinates": [
          -159.296,
          -19.7,
          498.21
        ]
      }
    },
    {
      "type": "Feature",
      "id": "terrain-r24-c33",
      "properties": {
        "terrain_grid_id": "rey-county-semantic-terrain-v1",
        "terrain_grid_column": 33,
        "terrain_grid_row": 24,
        "terrain_grid_columns": 41,
        "terrain_grid_rows": 41,
        "terrain_grid_validity": "valid",
        "material": "vegetation",
        "landform": "runtime-basin"
      },
      "geometry": {
        "type": "Point",
        "coordinates": [
          -159.274,
          -19.7,
          510.99
        ]
      }
    },
    {
      "type": "Feature",
      "id": "terrain-r24-c34",
      "properties": {
        "terrain_grid_id": "rey-county-semantic-terrain-v1",
        "terrain_grid_column": 34,
        "terrain_grid_row": 24,
        "terrain_grid_columns": 41,
        "terrain_grid_rows": 41,
        "terrain_grid_validity": "valid",
        "material": "vegetation",
        "landform": "runtime-basin"
      },
      "geometry": {
        "type": "Point",
        "coordinates": [
          -159.252,
          -19.7,
          510.51
        ]
      }
    },
    {
      "type": "Feature",
      "id": "terrain-r24-c35",
      "properties": {
        "terrain_grid_id": "rey-county-semantic-terrain-v1",
        "terrain_grid_column": 35,
        "terrain_grid_row": 24,
        "terrain_grid_columns": 41,
        "terrain_grid_rows": 41,
        "terrain_grid_validity": "valid",
        "material": "vegetation",
        "landform": "proof-escarpment"
      },
      "geometry": {
        "type": "Point",
        "coordinates": [
          -159.23,
          -19.7,
          524.16
        ]
      }
    },
    {
      "type": "Feature",
      "id": "terrain-r24-c36",
      "properties": {
        "terrain_grid_id": "rey-county-semantic-terrain-v1",
        "terrain_grid_column": 36,
        "terrain_grid_row": 24,
        "terrain_grid_columns": 41,
        "terrain_grid_rows": 41,
        "terrain_grid_validity": "valid",
        "material": "vegetation",
        "landform": "proof-escarpment"
      },
      "geometry": {
        "type": "Point",
        "coordinates": [
          -159.208,
          -19.7,
          524.24
        ]
      }
    },
    {
      "type": "Feature",
      "id": "terrain-r24-c37",
      "properties": {
        "terrain_grid_id": "rey-county-semantic-terrain-v1",
        "terrain_grid_column": 37,
        "terrain_grid_row": 24,
        "terrain_grid_columns": 41,
        "terrain_grid_rows": 41,
        "terrain_grid_validity": "valid",
        "material": "vegetation",
        "landform": "proof-escarpment"
      },
      "geometry": {
        "type": "Point",
        "coordinates": [
          -159.186,
          -19.7,
          532.88
        ]
      }
    },
    {
      "type": "Feature",
      "id": "terrain-r24-c38",
      "properties": {
        "terrain_grid_id": "rey-county-semantic-terrain-v1",
        "terrain_grid_column": 38,
        "terrain_grid_row": 24,
        "terrain_grid_columns": 41,
        "terrain_grid_rows": 41,
        "terrain_grid_validity": "no_data"
      },
      "geometry": {
        "type": "Point",
        "coordinates": [
          -159.164,
          -19.7
        ]
      }
    },
    {
      "type": "Feature",
      "id": "terrain-r24-c39",
      "properties": {
        "terrain_grid_id": "rey-county-semantic-terrain-v1",
        "terrain_grid_column": 39,
        "terrain_grid_row": 24,
        "terrain_grid_columns": 41,
        "terrain_grid_rows": 41,
        "terrain_grid_validity": "no_data"
      },
      "geometry": {
        "type": "Point",
        "coordinates": [
          -159.142,
          -19.7
        ]
      }
    },
    {
      "type": "Feature",
      "id": "terrain-r24-c40",
      "properties": {
        "terrain_grid_id": "rey-county-semantic-terrain-v1",
        "terrain_grid_column": 40,
        "terrain_grid_row": 24,
        "terrain_grid_columns": 41,
        "terrain_grid_rows": 41,
        "terrain_grid_validity": "no_data"
      },
      "geometry": {
        "type": "Point",
        "coordinates": [
          -159.12,
          -19.7
        ]
      }
    },
    {
      "type": "Feature",
      "id": "terrain-r25-c00",
      "properties": {
        "terrain_grid_id": "rey-county-semantic-terrain-v1",
        "terrain_grid_column": 0,
        "terrain_grid_row": 25,
        "terrain_grid_columns": 41,
        "terrain_grid_rows": 41,
        "terrain_grid_validity": "no_data"
      },
      "geometry": {
        "type": "Point",
        "coordinates": [
          -160,
          -19.71875
        ]
      }
    },
    {
      "type": "Feature",
      "id": "terrain-r25-c01",
      "properties": {
        "terrain_grid_id": "rey-county-semantic-terrain-v1",
        "terrain_grid_column": 1,
        "terrain_grid_row": 25,
        "terrain_grid_columns": 41,
        "terrain_grid_rows": 41,
        "terrain_grid_validity": "no_data"
      },
      "geometry": {
        "type": "Point",
        "coordinates": [
          -159.978,
          -19.71875
        ]
      }
    },
    {
      "type": "Feature",
      "id": "terrain-r25-c02",
      "properties": {
        "terrain_grid_id": "rey-county-semantic-terrain-v1",
        "terrain_grid_column": 2,
        "terrain_grid_row": 25,
        "terrain_grid_columns": 41,
        "terrain_grid_rows": 41,
        "terrain_grid_validity": "valid",
        "material": "rock",
        "landform": "mining-ridge"
      },
      "geometry": {
        "type": "Point",
        "coordinates": [
          -159.956,
          -19.71875,
          638.9
        ]
      }
    },
    {
      "type": "Feature",
      "id": "terrain-r25-c03",
      "properties": {
        "terrain_grid_id": "rey-county-semantic-terrain-v1",
        "terrain_grid_column": 3,
        "terrain_grid_row": 25,
        "terrain_grid_columns": 41,
        "terrain_grid_rows": 41,
        "terrain_grid_validity": "valid",
        "material": "rock",
        "landform": "mining-ridge"
      },
      "geometry": {
        "type": "Point",
        "coordinates": [
          -159.934,
          -19.71875,
          651.19
        ]
      }
    },
    {
      "type": "Feature",
      "id": "terrain-r25-c04",
      "properties": {
        "terrain_grid_id": "rey-county-semantic-terrain-v1",
        "terrain_grid_column": 4,
        "terrain_grid_row": 25,
        "terrain_grid_columns": 41,
        "terrain_grid_rows": 41,
        "terrain_grid_validity": "valid",
        "material": "rock",
        "landform": "mining-ridge"
      },
      "geometry": {
        "type": "Point",
        "coordinates": [
          -159.912,
          -19.71875,
          659.61
        ]
      }
    },
    {
      "type": "Feature",
      "id": "terrain-r25-c05",
      "properties": {
        "terrain_grid_id": "rey-county-semantic-terrain-v1",
        "terrain_grid_column": 5,
        "terrain_grid_row": 25,
        "terrain_grid_columns": 41,
        "terrain_grid_rows": 41,
        "terrain_grid_validity": "valid",
        "material": "rock",
        "landform": "mining-ridge"
      },
      "geometry": {
        "type": "Point",
        "coordinates": [
          -159.89,
          -19.71875,
          670.71
        ]
      }
    },
    {
      "type": "Feature",
      "id": "terrain-r25-c06",
      "properties": {
        "terrain_grid_id": "rey-county-semantic-terrain-v1",
        "terrain_grid_column": 6,
        "terrain_grid_row": 25,
        "terrain_grid_columns": 41,
        "terrain_grid_rows": 41,
        "terrain_grid_validity": "valid",
        "material": "rock",
        "landform": "mining-ridge"
      },
      "geometry": {
        "type": "Point",
        "coordinates": [
          -159.868,
          -19.71875,
          679.32
        ]
      }
    },
    {
      "type": "Feature",
      "id": "terrain-r25-c07",
      "properties": {
        "terrain_grid_id": "rey-county-semantic-terrain-v1",
        "terrain_grid_column": 7,
        "terrain_grid_row": 25,
        "terrain_grid_columns": 41,
        "terrain_grid_rows": 41,
        "terrain_grid_validity": "valid",
        "material": "rock",
        "landform": "mining-ridge"
      },
      "geometry": {
        "type": "Point",
        "coordinates": [
          -159.846,
          -19.71875,
          674.66
        ]
      }
    },
    {
      "type": "Feature",
      "id": "terrain-r25-c08",
      "properties": {
        "terrain_grid_id": "rey-county-semantic-terrain-v1",
        "terrain_grid_column": 8,
        "terrain_grid_row": 25,
        "terrain_grid_columns": 41,
        "terrain_grid_rows": 41,
        "terrain_grid_validity": "valid",
        "material": "rock",
        "landform": "mining-ridge"
      },
      "geometry": {
        "type": "Point",
        "coordinates": [
          -159.824,
          -19.71875,
          667.69
        ]
      }
    },
    {
      "type": "Feature",
      "id": "terrain-r25-c09",
      "properties": {
        "terrain_grid_id": "rey-county-semantic-terrain-v1",
        "terrain_grid_column": 9,
        "terrain_grid_row": 25,
        "terrain_grid_columns": 41,
        "terrain_grid_rows": 41,
        "terrain_grid_validity": "valid",
        "material": "rock",
        "landform": "mining-ridge"
      },
      "geometry": {
        "type": "Point",
        "coordinates": [
          -159.802,
          -19.71875,
          622.82
        ]
      }
    },
    {
      "type": "Feature",
      "id": "terrain-r25-c10",
      "properties": {
        "terrain_grid_id": "rey-county-semantic-terrain-v1",
        "terrain_grid_column": 10,
        "terrain_grid_row": 25,
        "terrain_grid_columns": 41,
        "terrain_grid_rows": 41,
        "terrain_grid_validity": "valid",
        "material": "vegetation",
        "landform": "mining-ridge"
      },
      "geometry": {
        "type": "Point",
        "coordinates": [
          -159.78,
          -19.71875,
          580.61
        ]
      }
    },
    {
      "type": "Feature",
      "id": "terrain-r25-c11",
      "properties": {
        "terrain_grid_id": "rey-county-semantic-terrain-v1",
        "terrain_grid_column": 11,
        "terrain_grid_row": 25,
        "terrain_grid_columns": 41,
        "terrain_grid_rows": 41,
        "terrain_grid_validity": "valid",
        "material": "vegetation",
        "landform": "mining-ridge"
      },
      "geometry": {
        "type": "Point",
        "coordinates": [
          -159.758,
          -19.71875,
          531.64
        ]
      }
    },
    {
      "type": "Feature",
      "id": "terrain-r25-c12",
      "properties": {
        "terrain_grid_id": "rey-county-semantic-terrain-v1",
        "terrain_grid_column": 12,
        "terrain_grid_row": 25,
        "terrain_grid_columns": 41,
        "terrain_grid_rows": 41,
        "terrain_grid_validity": "valid",
        "material": "vegetation",
        "landform": "runtime-basin"
      },
      "geometry": {
        "type": "Point",
        "coordinates": [
          -159.736,
          -19.71875,
          484.27
        ]
      }
    },
    {
      "type": "Feature",
      "id": "terrain-r25-c13",
      "properties": {
        "terrain_grid_id": "rey-county-semantic-terrain-v1",
        "terrain_grid_column": 13,
        "terrain_grid_row": 25,
        "terrain_grid_columns": 41,
        "terrain_grid_rows": 41,
        "terrain_grid_validity": "valid",
        "material": "vegetation",
        "landform": "runtime-basin"
      },
      "geometry": {
        "type": "Point",
        "coordinates": [
          -159.714,
          -19.71875,
          441.12
        ]
      }
    },
    {
      "type": "Feature",
      "id": "terrain-r25-c14",
      "properties": {
        "terrain_grid_id": "rey-county-semantic-terrain-v1",
        "terrain_grid_column": 14,
        "terrain_grid_row": 25,
        "terrain_grid_columns": 41,
        "terrain_grid_rows": 41,
        "terrain_grid_validity": "valid",
        "material": "vegetation",
        "landform": "runtime-basin"
      },
      "geometry": {
        "type": "Point",
        "coordinates": [
          -159.692,
          -19.71875,
          397.98
        ]
      }
    },
    {
      "type": "Feature",
      "id": "terrain-r25-c15",
      "properties": {
        "terrain_grid_id": "rey-county-semantic-terrain-v1",
        "terrain_grid_column": 15,
        "terrain_grid_row": 25,
        "terrain_grid_columns": 41,
        "terrain_grid_rows": 41,
        "terrain_grid_validity": "valid",
        "material": "vegetation",
        "landform": "runtime-basin"
      },
      "geometry": {
        "type": "Point",
        "coordinates": [
          -159.67,
          -19.71875,
          342.76
        ]
      }
    },
    {
      "type": "Feature",
      "id": "terrain-r25-c16",
      "properties": {
        "terrain_grid_id": "rey-county-semantic-terrain-v1",
        "terrain_grid_column": 16,
        "terrain_grid_row": 25,
        "terrain_grid_columns": 41,
        "terrain_grid_rows": 41,
        "terrain_grid_validity": "valid",
        "material": "soil",
        "landform": "runtime-basin"
      },
      "geometry": {
        "type": "Point",
        "coordinates": [
          -159.648,
          -19.71875,
          302.62
        ]
      }
    },
    {
      "type": "Feature",
      "id": "terrain-r25-c17",
      "properties": {
        "terrain_grid_id": "rey-county-semantic-terrain-v1",
        "terrain_grid_column": 17,
        "terrain_grid_row": 25,
        "terrain_grid_columns": 41,
        "terrain_grid_rows": 41,
        "terrain_grid_validity": "valid",
        "material": "soil",
        "landform": "runtime-basin"
      },
      "geometry": {
        "type": "Point",
        "coordinates": [
          -159.626,
          -19.71875,
          267.04
        ]
      }
    },
    {
      "type": "Feature",
      "id": "terrain-r25-c18",
      "properties": {
        "terrain_grid_id": "rey-county-semantic-terrain-v1",
        "terrain_grid_column": 18,
        "terrain_grid_row": 25,
        "terrain_grid_columns": 41,
        "terrain_grid_rows": 41,
        "terrain_grid_validity": "valid",
        "material": "vegetation",
        "landform": "runtime-basin"
      },
      "geometry": {
        "type": "Point",
        "coordinates": [
          -159.604,
          -19.71875,
          245.95
        ]
      }
    },
    {
      "type": "Feature",
      "id": "terrain-r25-c19",
      "properties": {
        "terrain_grid_id": "rey-county-semantic-terrain-v1",
        "terrain_grid_column": 19,
        "terrain_grid_row": 25,
        "terrain_grid_columns": 41,
        "terrain_grid_rows": 41,
        "terrain_grid_validity": "valid",
        "material": "vegetation",
        "landform": "runtime-basin"
      },
      "geometry": {
        "type": "Point",
        "coordinates": [
          -159.582,
          -19.71875,
          245.94
        ]
      }
    },
    {
      "type": "Feature",
      "id": "terrain-r25-c20",
      "properties": {
        "terrain_grid_id": "rey-county-semantic-terrain-v1",
        "terrain_grid_column": 20,
        "terrain_grid_row": 25,
        "terrain_grid_columns": 41,
        "terrain_grid_rows": 41,
        "terrain_grid_validity": "valid",
        "material": "vegetation",
        "landform": "runtime-basin"
      },
      "geometry": {
        "type": "Point",
        "coordinates": [
          -159.56,
          -19.71875,
          243.89
        ]
      }
    },
    {
      "type": "Feature",
      "id": "terrain-r25-c21",
      "properties": {
        "terrain_grid_id": "rey-county-semantic-terrain-v1",
        "terrain_grid_column": 21,
        "terrain_grid_row": 25,
        "terrain_grid_columns": 41,
        "terrain_grid_rows": 41,
        "terrain_grid_validity": "valid",
        "material": "vegetation",
        "landform": "runtime-basin"
      },
      "geometry": {
        "type": "Point",
        "coordinates": [
          -159.538,
          -19.71875,
          246.16
        ]
      }
    },
    {
      "type": "Feature",
      "id": "terrain-r25-c22",
      "properties": {
        "terrain_grid_id": "rey-county-semantic-terrain-v1",
        "terrain_grid_column": 22,
        "terrain_grid_row": 25,
        "terrain_grid_columns": 41,
        "terrain_grid_rows": 41,
        "terrain_grid_validity": "valid",
        "material": "vegetation",
        "landform": "runtime-basin"
      },
      "geometry": {
        "type": "Point",
        "coordinates": [
          -159.516,
          -19.71875,
          249.59
        ]
      }
    },
    {
      "type": "Feature",
      "id": "terrain-r25-c23",
      "properties": {
        "terrain_grid_id": "rey-county-semantic-terrain-v1",
        "terrain_grid_column": 23,
        "terrain_grid_row": 25,
        "terrain_grid_columns": 41,
        "terrain_grid_rows": 41,
        "terrain_grid_validity": "valid",
        "material": "vegetation",
        "landform": "runtime-basin"
      },
      "geometry": {
        "type": "Point",
        "coordinates": [
          -159.494,
          -19.71875,
          262.38
        ]
      }
    },
    {
      "type": "Feature",
      "id": "terrain-r25-c24",
      "properties": {
        "terrain_grid_id": "rey-county-semantic-terrain-v1",
        "terrain_grid_column": 24,
        "terrain_grid_row": 25,
        "terrain_grid_columns": 41,
        "terrain_grid_rows": 41,
        "terrain_grid_validity": "valid",
        "material": "vegetation",
        "landform": "runtime-basin"
      },
      "geometry": {
        "type": "Point",
        "coordinates": [
          -159.472,
          -19.71875,
          285.46
        ]
      }
    },
    {
      "type": "Feature",
      "id": "terrain-r25-c25",
      "properties": {
        "terrain_grid_id": "rey-county-semantic-terrain-v1",
        "terrain_grid_column": 25,
        "terrain_grid_row": 25,
        "terrain_grid_columns": 41,
        "terrain_grid_rows": 41,
        "terrain_grid_validity": "valid",
        "material": "soil",
        "landform": "runtime-basin"
      },
      "geometry": {
        "type": "Point",
        "coordinates": [
          -159.45,
          -19.71875,
          325.34
        ]
      }
    },
    {
      "type": "Feature",
      "id": "terrain-r25-c26",
      "properties": {
        "terrain_grid_id": "rey-county-semantic-terrain-v1",
        "terrain_grid_column": 26,
        "terrain_grid_row": 25,
        "terrain_grid_columns": 41,
        "terrain_grid_rows": 41,
        "terrain_grid_validity": "valid",
        "material": "vegetation",
        "landform": "runtime-basin"
      },
      "geometry": {
        "type": "Point",
        "coordinates": [
          -159.428,
          -19.71875,
          335.49
        ]
      }
    },
    {
      "type": "Feature",
      "id": "terrain-r25-c27",
      "properties": {
        "terrain_grid_id": "rey-county-semantic-terrain-v1",
        "terrain_grid_column": 27,
        "terrain_grid_row": 25,
        "terrain_grid_columns": 41,
        "terrain_grid_rows": 41,
        "terrain_grid_validity": "valid",
        "material": "sand",
        "landform": "runtime-basin"
      },
      "geometry": {
        "type": "Point",
        "coordinates": [
          -159.406,
          -19.71875,
          328.41
        ]
      }
    },
    {
      "type": "Feature",
      "id": "terrain-r25-c28",
      "properties": {
        "terrain_grid_id": "rey-county-semantic-terrain-v1",
        "terrain_grid_column": 28,
        "terrain_grid_row": 25,
        "terrain_grid_columns": 41,
        "terrain_grid_rows": 41,
        "terrain_grid_validity": "valid",
        "material": "vegetation",
        "landform": "runtime-basin"
      },
      "geometry": {
        "type": "Point",
        "coordinates": [
          -159.384,
          -19.71875,
          393.63
        ]
      }
    },
    {
      "type": "Feature",
      "id": "terrain-r25-c29",
      "properties": {
        "terrain_grid_id": "rey-county-semantic-terrain-v1",
        "terrain_grid_column": 29,
        "terrain_grid_row": 25,
        "terrain_grid_columns": 41,
        "terrain_grid_rows": 41,
        "terrain_grid_validity": "valid",
        "material": "vegetation",
        "landform": "runtime-basin"
      },
      "geometry": {
        "type": "Point",
        "coordinates": [
          -159.362,
          -19.71875,
          422.45
        ]
      }
    },
    {
      "type": "Feature",
      "id": "terrain-r25-c30",
      "properties": {
        "terrain_grid_id": "rey-county-semantic-terrain-v1",
        "terrain_grid_column": 30,
        "terrain_grid_row": 25,
        "terrain_grid_columns": 41,
        "terrain_grid_rows": 41,
        "terrain_grid_validity": "valid",
        "material": "vegetation",
        "landform": "runtime-basin"
      },
      "geometry": {
        "type": "Point",
        "coordinates": [
          -159.34,
          -19.71875,
          447.63
        ]
      }
    },
    {
      "type": "Feature",
      "id": "terrain-r25-c31",
      "properties": {
        "terrain_grid_id": "rey-county-semantic-terrain-v1",
        "terrain_grid_column": 31,
        "terrain_grid_row": 25,
        "terrain_grid_columns": 41,
        "terrain_grid_rows": 41,
        "terrain_grid_validity": "valid",
        "material": "vegetation",
        "landform": "runtime-basin"
      },
      "geometry": {
        "type": "Point",
        "coordinates": [
          -159.318,
          -19.71875,
          476.82
        ]
      }
    },
    {
      "type": "Feature",
      "id": "terrain-r25-c32",
      "properties": {
        "terrain_grid_id": "rey-county-semantic-terrain-v1",
        "terrain_grid_column": 32,
        "terrain_grid_row": 25,
        "terrain_grid_columns": 41,
        "terrain_grid_rows": 41,
        "terrain_grid_validity": "valid",
        "material": "vegetation",
        "landform": "runtime-basin"
      },
      "geometry": {
        "type": "Point",
        "coordinates": [
          -159.296,
          -19.71875,
          499.21
        ]
      }
    },
    {
      "type": "Feature",
      "id": "terrain-r25-c33",
      "properties": {
        "terrain_grid_id": "rey-county-semantic-terrain-v1",
        "terrain_grid_column": 33,
        "terrain_grid_row": 25,
        "terrain_grid_columns": 41,
        "terrain_grid_rows": 41,
        "terrain_grid_validity": "valid",
        "material": "vegetation",
        "landform": "proof-escarpment"
      },
      "geometry": {
        "type": "Point",
        "coordinates": [
          -159.274,
          -19.71875,
          524.22
        ]
      }
    },
    {
      "type": "Feature",
      "id": "terrain-r25-c34",
      "properties": {
        "terrain_grid_id": "rey-county-semantic-terrain-v1",
        "terrain_grid_column": 34,
        "terrain_grid_row": 25,
        "terrain_grid_columns": 41,
        "terrain_grid_rows": 41,
        "terrain_grid_validity": "valid",
        "material": "vegetation",
        "landform": "proof-escarpment"
      },
      "geometry": {
        "type": "Point",
        "coordinates": [
          -159.252,
          -19.71875,
          526.89
        ]
      }
    },
    {
      "type": "Feature",
      "id": "terrain-r25-c35",
      "properties": {
        "terrain_grid_id": "rey-county-semantic-terrain-v1",
        "terrain_grid_column": 35,
        "terrain_grid_row": 25,
        "terrain_grid_columns": 41,
        "terrain_grid_rows": 41,
        "terrain_grid_validity": "valid",
        "material": "vegetation",
        "landform": "proof-escarpment"
      },
      "geometry": {
        "type": "Point",
        "coordinates": [
          -159.23,
          -19.71875,
          528.06
        ]
      }
    },
    {
      "type": "Feature",
      "id": "terrain-r25-c36",
      "properties": {
        "terrain_grid_id": "rey-county-semantic-terrain-v1",
        "terrain_grid_column": 36,
        "terrain_grid_row": 25,
        "terrain_grid_columns": 41,
        "terrain_grid_rows": 41,
        "terrain_grid_validity": "valid",
        "material": "vegetation",
        "landform": "proof-escarpment"
      },
      "geometry": {
        "type": "Point",
        "coordinates": [
          -159.208,
          -19.71875,
          533.33
        ]
      }
    },
    {
      "type": "Feature",
      "id": "terrain-r25-c37",
      "properties": {
        "terrain_grid_id": "rey-county-semantic-terrain-v1",
        "terrain_grid_column": 37,
        "terrain_grid_row": 25,
        "terrain_grid_columns": 41,
        "terrain_grid_rows": 41,
        "terrain_grid_validity": "valid",
        "material": "vegetation",
        "landform": "proof-escarpment"
      },
      "geometry": {
        "type": "Point",
        "coordinates": [
          -159.186,
          -19.71875,
          533.15
        ]
      }
    },
    {
      "type": "Feature",
      "id": "terrain-r25-c38",
      "properties": {
        "terrain_grid_id": "rey-county-semantic-terrain-v1",
        "terrain_grid_column": 38,
        "terrain_grid_row": 25,
        "terrain_grid_columns": 41,
        "terrain_grid_rows": 41,
        "terrain_grid_validity": "no_data"
      },
      "geometry": {
        "type": "Point",
        "coordinates": [
          -159.164,
          -19.71875
        ]
      }
    },
    {
      "type": "Feature",
      "id": "terrain-r25-c39",
      "properties": {
        "terrain_grid_id": "rey-county-semantic-terrain-v1",
        "terrain_grid_column": 39,
        "terrain_grid_row": 25,
        "terrain_grid_columns": 41,
        "terrain_grid_rows": 41,
        "terrain_grid_validity": "no_data"
      },
      "geometry": {
        "type": "Point",
        "coordinates": [
          -159.142,
          -19.71875
        ]
      }
    },
    {
      "type": "Feature",
      "id": "terrain-r25-c40",
      "properties": {
        "terrain_grid_id": "rey-county-semantic-terrain-v1",
        "terrain_grid_column": 40,
        "terrain_grid_row": 25,
        "terrain_grid_columns": 41,
        "terrain_grid_rows": 41,
        "terrain_grid_validity": "no_data"
      },
      "geometry": {
        "type": "Point",
        "coordinates": [
          -159.12,
          -19.71875
        ]
      }
    },
    {
      "type": "Feature",
      "id": "terrain-r26-c00",
      "properties": {
        "terrain_grid_id": "rey-county-semantic-terrain-v1",
        "terrain_grid_column": 0,
        "terrain_grid_row": 26,
        "terrain_grid_columns": 41,
        "terrain_grid_rows": 41,
        "terrain_grid_validity": "no_data"
      },
      "geometry": {
        "type": "Point",
        "coordinates": [
          -160,
          -19.7375
        ]
      }
    },
    {
      "type": "Feature",
      "id": "terrain-r26-c01",
      "properties": {
        "terrain_grid_id": "rey-county-semantic-terrain-v1",
        "terrain_grid_column": 1,
        "terrain_grid_row": 26,
        "terrain_grid_columns": 41,
        "terrain_grid_rows": 41,
        "terrain_grid_validity": "no_data"
      },
      "geometry": {
        "type": "Point",
        "coordinates": [
          -159.978,
          -19.7375
        ]
      }
    },
    {
      "type": "Feature",
      "id": "terrain-r26-c02",
      "properties": {
        "terrain_grid_id": "rey-county-semantic-terrain-v1",
        "terrain_grid_column": 2,
        "terrain_grid_row": 26,
        "terrain_grid_columns": 41,
        "terrain_grid_rows": 41,
        "terrain_grid_validity": "valid",
        "material": "rock",
        "landform": "mining-ridge"
      },
      "geometry": {
        "type": "Point",
        "coordinates": [
          -159.956,
          -19.7375,
          629.41
        ]
      }
    },
    {
      "type": "Feature",
      "id": "terrain-r26-c03",
      "properties": {
        "terrain_grid_id": "rey-county-semantic-terrain-v1",
        "terrain_grid_column": 3,
        "terrain_grid_row": 26,
        "terrain_grid_columns": 41,
        "terrain_grid_rows": 41,
        "terrain_grid_validity": "valid",
        "material": "rock",
        "landform": "mining-ridge"
      },
      "geometry": {
        "type": "Point",
        "coordinates": [
          -159.934,
          -19.7375,
          648.71
        ]
      }
    },
    {
      "type": "Feature",
      "id": "terrain-r26-c04",
      "properties": {
        "terrain_grid_id": "rey-county-semantic-terrain-v1",
        "terrain_grid_column": 4,
        "terrain_grid_row": 26,
        "terrain_grid_columns": 41,
        "terrain_grid_rows": 41,
        "terrain_grid_validity": "valid",
        "material": "rock",
        "landform": "mining-ridge"
      },
      "geometry": {
        "type": "Point",
        "coordinates": [
          -159.912,
          -19.7375,
          657.54
        ]
      }
    },
    {
      "type": "Feature",
      "id": "terrain-r26-c05",
      "properties": {
        "terrain_grid_id": "rey-county-semantic-terrain-v1",
        "terrain_grid_column": 5,
        "terrain_grid_row": 26,
        "terrain_grid_columns": 41,
        "terrain_grid_rows": 41,
        "terrain_grid_validity": "valid",
        "material": "rock",
        "landform": "mining-ridge"
      },
      "geometry": {
        "type": "Point",
        "coordinates": [
          -159.89,
          -19.7375,
          657.55
        ]
      }
    },
    {
      "type": "Feature",
      "id": "terrain-r26-c06",
      "properties": {
        "terrain_grid_id": "rey-county-semantic-terrain-v1",
        "terrain_grid_column": 6,
        "terrain_grid_row": 26,
        "terrain_grid_columns": 41,
        "terrain_grid_rows": 41,
        "terrain_grid_validity": "valid",
        "material": "rock",
        "landform": "mining-ridge"
      },
      "geometry": {
        "type": "Point",
        "coordinates": [
          -159.868,
          -19.7375,
          667.97
        ]
      }
    },
    {
      "type": "Feature",
      "id": "terrain-r26-c07",
      "properties": {
        "terrain_grid_id": "rey-county-semantic-terrain-v1",
        "terrain_grid_column": 7,
        "terrain_grid_row": 26,
        "terrain_grid_columns": 41,
        "terrain_grid_rows": 41,
        "terrain_grid_validity": "valid",
        "material": "rock",
        "landform": "mining-ridge"
      },
      "geometry": {
        "type": "Point",
        "coordinates": [
          -159.846,
          -19.7375,
          658.4
        ]
      }
    },
    {
      "type": "Feature",
      "id": "terrain-r26-c08",
      "properties": {
        "terrain_grid_id": "rey-county-semantic-terrain-v1",
        "terrain_grid_column": 8,
        "terrain_grid_row": 26,
        "terrain_grid_columns": 41,
        "terrain_grid_rows": 41,
        "terrain_grid_validity": "valid",
        "material": "rock",
        "landform": "mining-ridge"
      },
      "geometry": {
        "type": "Point",
        "coordinates": [
          -159.824,
          -19.7375,
          643.7
        ]
      }
    },
    {
      "type": "Feature",
      "id": "terrain-r26-c09",
      "properties": {
        "terrain_grid_id": "rey-county-semantic-terrain-v1",
        "terrain_grid_column": 9,
        "terrain_grid_row": 26,
        "terrain_grid_columns": 41,
        "terrain_grid_rows": 41,
        "terrain_grid_validity": "valid",
        "material": "rock",
        "landform": "mining-ridge"
      },
      "geometry": {
        "type": "Point",
        "coordinates": [
          -159.802,
          -19.7375,
          611.16
        ]
      }
    },
    {
      "type": "Feature",
      "id": "terrain-r26-c10",
      "properties": {
        "terrain_grid_id": "rey-county-semantic-terrain-v1",
        "terrain_grid_column": 10,
        "terrain_grid_row": 26,
        "terrain_grid_columns": 41,
        "terrain_grid_rows": 41,
        "terrain_grid_validity": "valid",
        "material": "vegetation",
        "landform": "mining-ridge"
      },
      "geometry": {
        "type": "Point",
        "coordinates": [
          -159.78,
          -19.7375,
          556.15
        ]
      }
    },
    {
      "type": "Feature",
      "id": "terrain-r26-c11",
      "properties": {
        "terrain_grid_id": "rey-county-semantic-terrain-v1",
        "terrain_grid_column": 11,
        "terrain_grid_row": 26,
        "terrain_grid_columns": 41,
        "terrain_grid_rows": 41,
        "terrain_grid_validity": "valid",
        "material": "vegetation",
        "landform": "mining-ridge"
      },
      "geometry": {
        "type": "Point",
        "coordinates": [
          -159.758,
          -19.7375,
          507.87
        ]
      }
    },
    {
      "type": "Feature",
      "id": "terrain-r26-c12",
      "properties": {
        "terrain_grid_id": "rey-county-semantic-terrain-v1",
        "terrain_grid_column": 12,
        "terrain_grid_row": 26,
        "terrain_grid_columns": 41,
        "terrain_grid_rows": 41,
        "terrain_grid_validity": "valid",
        "material": "vegetation",
        "landform": "runtime-basin"
      },
      "geometry": {
        "type": "Point",
        "coordinates": [
          -159.736,
          -19.7375,
          461.24
        ]
      }
    },
    {
      "type": "Feature",
      "id": "terrain-r26-c13",
      "properties": {
        "terrain_grid_id": "rey-county-semantic-terrain-v1",
        "terrain_grid_column": 13,
        "terrain_grid_row": 26,
        "terrain_grid_columns": 41,
        "terrain_grid_rows": 41,
        "terrain_grid_validity": "valid",
        "material": "vegetation",
        "landform": "runtime-basin"
      },
      "geometry": {
        "type": "Point",
        "coordinates": [
          -159.714,
          -19.7375,
          417.65
        ]
      }
    },
    {
      "type": "Feature",
      "id": "terrain-r26-c14",
      "properties": {
        "terrain_grid_id": "rey-county-semantic-terrain-v1",
        "terrain_grid_column": 14,
        "terrain_grid_row": 26,
        "terrain_grid_columns": 41,
        "terrain_grid_rows": 41,
        "terrain_grid_validity": "valid",
        "material": "vegetation",
        "landform": "runtime-basin"
      },
      "geometry": {
        "type": "Point",
        "coordinates": [
          -159.692,
          -19.7375,
          380.77
        ]
      }
    },
    {
      "type": "Feature",
      "id": "terrain-r26-c15",
      "properties": {
        "terrain_grid_id": "rey-county-semantic-terrain-v1",
        "terrain_grid_column": 15,
        "terrain_grid_row": 26,
        "terrain_grid_columns": 41,
        "terrain_grid_rows": 41,
        "terrain_grid_validity": "valid",
        "material": "vegetation",
        "landform": "runtime-basin"
      },
      "geometry": {
        "type": "Point",
        "coordinates": [
          -159.67,
          -19.7375,
          341.98
        ]
      }
    },
    {
      "type": "Feature",
      "id": "terrain-r26-c16",
      "properties": {
        "terrain_grid_id": "rey-county-semantic-terrain-v1",
        "terrain_grid_column": 16,
        "terrain_grid_row": 26,
        "terrain_grid_columns": 41,
        "terrain_grid_rows": 41,
        "terrain_grid_validity": "valid",
        "material": "soil",
        "landform": "runtime-basin"
      },
      "geometry": {
        "type": "Point",
        "coordinates": [
          -159.648,
          -19.7375,
          297.46
        ]
      }
    },
    {
      "type": "Feature",
      "id": "terrain-r26-c17",
      "properties": {
        "terrain_grid_id": "rey-county-semantic-terrain-v1",
        "terrain_grid_column": 17,
        "terrain_grid_row": 26,
        "terrain_grid_columns": 41,
        "terrain_grid_rows": 41,
        "terrain_grid_validity": "valid",
        "material": "soil",
        "landform": "runtime-basin"
      },
      "geometry": {
        "type": "Point",
        "coordinates": [
          -159.626,
          -19.7375,
          274.65
        ]
      }
    },
    {
      "type": "Feature",
      "id": "terrain-r26-c18",
      "properties": {
        "terrain_grid_id": "rey-county-semantic-terrain-v1",
        "terrain_grid_column": 18,
        "terrain_grid_row": 26,
        "terrain_grid_columns": 41,
        "terrain_grid_rows": 41,
        "terrain_grid_validity": "valid",
        "material": "soil",
        "landform": "runtime-basin"
      },
      "geometry": {
        "type": "Point",
        "coordinates": [
          -159.604,
          -19.7375,
          253.5
        ]
      }
    },
    {
      "type": "Feature",
      "id": "terrain-r26-c19",
      "properties": {
        "terrain_grid_id": "rey-county-semantic-terrain-v1",
        "terrain_grid_column": 19,
        "terrain_grid_row": 26,
        "terrain_grid_columns": 41,
        "terrain_grid_rows": 41,
        "terrain_grid_validity": "valid",
        "material": "vegetation",
        "landform": "runtime-basin"
      },
      "geometry": {
        "type": "Point",
        "coordinates": [
          -159.582,
          -19.7375,
          253.69
        ]
      }
    },
    {
      "type": "Feature",
      "id": "terrain-r26-c20",
      "properties": {
        "terrain_grid_id": "rey-county-semantic-terrain-v1",
        "terrain_grid_column": 20,
        "terrain_grid_row": 26,
        "terrain_grid_columns": 41,
        "terrain_grid_rows": 41,
        "terrain_grid_validity": "valid",
        "material": "vegetation",
        "landform": "runtime-basin"
      },
      "geometry": {
        "type": "Point",
        "coordinates": [
          -159.56,
          -19.7375,
          261.08
        ]
      }
    },
    {
      "type": "Feature",
      "id": "terrain-r26-c21",
      "properties": {
        "terrain_grid_id": "rey-county-semantic-terrain-v1",
        "terrain_grid_column": 21,
        "terrain_grid_row": 26,
        "terrain_grid_columns": 41,
        "terrain_grid_rows": 41,
        "terrain_grid_validity": "valid",
        "material": "vegetation",
        "landform": "runtime-basin"
      },
      "geometry": {
        "type": "Point",
        "coordinates": [
          -159.538,
          -19.7375,
          268.08
        ]
      }
    },
    {
      "type": "Feature",
      "id": "terrain-r26-c22",
      "properties": {
        "terrain_grid_id": "rey-county-semantic-terrain-v1",
        "terrain_grid_column": 22,
        "terrain_grid_row": 26,
        "terrain_grid_columns": 41,
        "terrain_grid_rows": 41,
        "terrain_grid_validity": "valid",
        "material": "vegetation",
        "landform": "runtime-basin"
      },
      "geometry": {
        "type": "Point",
        "coordinates": [
          -159.516,
          -19.7375,
          273.34
        ]
      }
    },
    {
      "type": "Feature",
      "id": "terrain-r26-c23",
      "properties": {
        "terrain_grid_id": "rey-county-semantic-terrain-v1",
        "terrain_grid_column": 23,
        "terrain_grid_row": 26,
        "terrain_grid_columns": 41,
        "terrain_grid_rows": 41,
        "terrain_grid_validity": "valid",
        "material": "vegetation",
        "landform": "runtime-basin"
      },
      "geometry": {
        "type": "Point",
        "coordinates": [
          -159.494,
          -19.7375,
          289.91
        ]
      }
    },
    {
      "type": "Feature",
      "id": "terrain-r26-c24",
      "properties": {
        "terrain_grid_id": "rey-county-semantic-terrain-v1",
        "terrain_grid_column": 24,
        "terrain_grid_row": 26,
        "terrain_grid_columns": 41,
        "terrain_grid_rows": 41,
        "terrain_grid_validity": "valid",
        "material": "soil",
        "landform": "runtime-basin"
      },
      "geometry": {
        "type": "Point",
        "coordinates": [
          -159.472,
          -19.7375,
          302.67
        ]
      }
    },
    {
      "type": "Feature",
      "id": "terrain-r26-c25",
      "properties": {
        "terrain_grid_id": "rey-county-semantic-terrain-v1",
        "terrain_grid_column": 25,
        "terrain_grid_row": 26,
        "terrain_grid_columns": 41,
        "terrain_grid_rows": 41,
        "terrain_grid_validity": "valid",
        "material": "vegetation",
        "landform": "runtime-basin"
      },
      "geometry": {
        "type": "Point",
        "coordinates": [
          -159.45,
          -19.7375,
          335.46
        ]
      }
    },
    {
      "type": "Feature",
      "id": "terrain-r26-c26",
      "properties": {
        "terrain_grid_id": "rey-county-semantic-terrain-v1",
        "terrain_grid_column": 26,
        "terrain_grid_row": 26,
        "terrain_grid_columns": 41,
        "terrain_grid_rows": 41,
        "terrain_grid_validity": "valid",
        "material": "vegetation",
        "landform": "runtime-basin"
      },
      "geometry": {
        "type": "Point",
        "coordinates": [
          -159.428,
          -19.7375,
          346.6
        ]
      }
    },
    {
      "type": "Feature",
      "id": "terrain-r26-c27",
      "properties": {
        "terrain_grid_id": "rey-county-semantic-terrain-v1",
        "terrain_grid_column": 27,
        "terrain_grid_row": 26,
        "terrain_grid_columns": 41,
        "terrain_grid_rows": 41,
        "terrain_grid_validity": "valid",
        "material": "sand",
        "landform": "runtime-basin"
      },
      "geometry": {
        "type": "Point",
        "coordinates": [
          -159.406,
          -19.7375,
          342.17
        ]
      }
    },
    {
      "type": "Feature",
      "id": "terrain-r26-c28",
      "properties": {
        "terrain_grid_id": "rey-county-semantic-terrain-v1",
        "terrain_grid_column": 28,
        "terrain_grid_row": 26,
        "terrain_grid_columns": 41,
        "terrain_grid_rows": 41,
        "terrain_grid_validity": "valid",
        "material": "vegetation",
        "landform": "runtime-basin"
      },
      "geometry": {
        "type": "Point",
        "coordinates": [
          -159.384,
          -19.7375,
          417.36
        ]
      }
    },
    {
      "type": "Feature",
      "id": "terrain-r26-c29",
      "properties": {
        "terrain_grid_id": "rey-county-semantic-terrain-v1",
        "terrain_grid_column": 29,
        "terrain_grid_row": 26,
        "terrain_grid_columns": 41,
        "terrain_grid_rows": 41,
        "terrain_grid_validity": "valid",
        "material": "vegetation",
        "landform": "runtime-basin"
      },
      "geometry": {
        "type": "Point",
        "coordinates": [
          -159.362,
          -19.7375,
          438.62
        ]
      }
    },
    {
      "type": "Feature",
      "id": "terrain-r26-c30",
      "properties": {
        "terrain_grid_id": "rey-county-semantic-terrain-v1",
        "terrain_grid_column": 30,
        "terrain_grid_row": 26,
        "terrain_grid_columns": 41,
        "terrain_grid_rows": 41,
        "terrain_grid_validity": "valid",
        "material": "vegetation",
        "landform": "runtime-basin"
      },
      "geometry": {
        "type": "Point",
        "coordinates": [
          -159.34,
          -19.7375,
          458.09
        ]
      }
    },
    {
      "type": "Feature",
      "id": "terrain-r26-c31",
      "properties": {
        "terrain_grid_id": "rey-county-semantic-terrain-v1",
        "terrain_grid_column": 31,
        "terrain_grid_row": 26,
        "terrain_grid_columns": 41,
        "terrain_grid_rows": 41,
        "terrain_grid_validity": "valid",
        "material": "vegetation",
        "landform": "proof-escarpment"
      },
      "geometry": {
        "type": "Point",
        "coordinates": [
          -159.318,
          -19.7375,
          487.58
        ]
      }
    },
    {
      "type": "Feature",
      "id": "terrain-r26-c32",
      "properties": {
        "terrain_grid_id": "rey-county-semantic-terrain-v1",
        "terrain_grid_column": 32,
        "terrain_grid_row": 26,
        "terrain_grid_columns": 41,
        "terrain_grid_rows": 41,
        "terrain_grid_validity": "valid",
        "material": "vegetation",
        "landform": "proof-escarpment"
      },
      "geometry": {
        "type": "Point",
        "coordinates": [
          -159.296,
          -19.7375,
          513.96
        ]
      }
    },
    {
      "type": "Feature",
      "id": "terrain-r26-c33",
      "properties": {
        "terrain_grid_id": "rey-county-semantic-terrain-v1",
        "terrain_grid_column": 33,
        "terrain_grid_row": 26,
        "terrain_grid_columns": 41,
        "terrain_grid_rows": 41,
        "terrain_grid_validity": "valid",
        "material": "vegetation",
        "landform": "proof-escarpment"
      },
      "geometry": {
        "type": "Point",
        "coordinates": [
          -159.274,
          -19.7375,
          531.25
        ]
      }
    },
    {
      "type": "Feature",
      "id": "terrain-r26-c34",
      "properties": {
        "terrain_grid_id": "rey-county-semantic-terrain-v1",
        "terrain_grid_column": 34,
        "terrain_grid_row": 26,
        "terrain_grid_columns": 41,
        "terrain_grid_rows": 41,
        "terrain_grid_validity": "valid",
        "material": "vegetation",
        "landform": "proof-escarpment"
      },
      "geometry": {
        "type": "Point",
        "coordinates": [
          -159.252,
          -19.7375,
          547.58
        ]
      }
    },
    {
      "type": "Feature",
      "id": "terrain-r26-c35",
      "properties": {
        "terrain_grid_id": "rey-county-semantic-terrain-v1",
        "terrain_grid_column": 35,
        "terrain_grid_row": 26,
        "terrain_grid_columns": 41,
        "terrain_grid_rows": 41,
        "terrain_grid_validity": "valid",
        "material": "vegetation",
        "landform": "proof-escarpment"
      },
      "geometry": {
        "type": "Point",
        "coordinates": [
          -159.23,
          -19.7375,
          536.02
        ]
      }
    },
    {
      "type": "Feature",
      "id": "terrain-r26-c36",
      "properties": {
        "terrain_grid_id": "rey-county-semantic-terrain-v1",
        "terrain_grid_column": 36,
        "terrain_grid_row": 26,
        "terrain_grid_columns": 41,
        "terrain_grid_rows": 41,
        "terrain_grid_validity": "valid",
        "material": "vegetation",
        "landform": "proof-escarpment"
      },
      "geometry": {
        "type": "Point",
        "coordinates": [
          -159.208,
          -19.7375,
          535.92
        ]
      }
    },
    {
      "type": "Feature",
      "id": "terrain-r26-c37",
      "properties": {
        "terrain_grid_id": "rey-county-semantic-terrain-v1",
        "terrain_grid_column": 37,
        "terrain_grid_row": 26,
        "terrain_grid_columns": 41,
        "terrain_grid_rows": 41,
        "terrain_grid_validity": "no_data"
      },
      "geometry": {
        "type": "Point",
        "coordinates": [
          -159.186,
          -19.7375
        ]
      }
    },
    {
      "type": "Feature",
      "id": "terrain-r26-c38",
      "properties": {
        "terrain_grid_id": "rey-county-semantic-terrain-v1",
        "terrain_grid_column": 38,
        "terrain_grid_row": 26,
        "terrain_grid_columns": 41,
        "terrain_grid_rows": 41,
        "terrain_grid_validity": "no_data"
      },
      "geometry": {
        "type": "Point",
        "coordinates": [
          -159.164,
          -19.7375
        ]
      }
    },
    {
      "type": "Feature",
      "id": "terrain-r26-c39",
      "properties": {
        "terrain_grid_id": "rey-county-semantic-terrain-v1",
        "terrain_grid_column": 39,
        "terrain_grid_row": 26,
        "terrain_grid_columns": 41,
        "terrain_grid_rows": 41,
        "terrain_grid_validity": "no_data"
      },
      "geometry": {
        "type": "Point",
        "coordinates": [
          -159.142,
          -19.7375
        ]
      }
    },
    {
      "type": "Feature",
      "id": "terrain-r26-c40",
      "properties": {
        "terrain_grid_id": "rey-county-semantic-terrain-v1",
        "terrain_grid_column": 40,
        "terrain_grid_row": 26,
        "terrain_grid_columns": 41,
        "terrain_grid_rows": 41,
        "terrain_grid_validity": "no_data"
      },
      "geometry": {
        "type": "Point",
        "coordinates": [
          -159.12,
          -19.7375
        ]
      }
    },
    {
      "type": "Feature",
      "id": "terrain-r27-c00",
      "properties": {
        "terrain_grid_id": "rey-county-semantic-terrain-v1",
        "terrain_grid_column": 0,
        "terrain_grid_row": 27,
        "terrain_grid_columns": 41,
        "terrain_grid_rows": 41,
        "terrain_grid_validity": "no_data"
      },
      "geometry": {
        "type": "Point",
        "coordinates": [
          -160,
          -19.75625
        ]
      }
    },
    {
      "type": "Feature",
      "id": "terrain-r27-c01",
      "properties": {
        "terrain_grid_id": "rey-county-semantic-terrain-v1",
        "terrain_grid_column": 1,
        "terrain_grid_row": 27,
        "terrain_grid_columns": 41,
        "terrain_grid_rows": 41,
        "terrain_grid_validity": "no_data"
      },
      "geometry": {
        "type": "Point",
        "coordinates": [
          -159.978,
          -19.75625
        ]
      }
    },
    {
      "type": "Feature",
      "id": "terrain-r27-c02",
      "properties": {
        "terrain_grid_id": "rey-county-semantic-terrain-v1",
        "terrain_grid_column": 2,
        "terrain_grid_row": 27,
        "terrain_grid_columns": 41,
        "terrain_grid_rows": 41,
        "terrain_grid_validity": "valid",
        "material": "rock",
        "landform": "mining-ridge"
      },
      "geometry": {
        "type": "Point",
        "coordinates": [
          -159.956,
          -19.75625,
          626.6
        ]
      }
    },
    {
      "type": "Feature",
      "id": "terrain-r27-c03",
      "properties": {
        "terrain_grid_id": "rey-county-semantic-terrain-v1",
        "terrain_grid_column": 3,
        "terrain_grid_row": 27,
        "terrain_grid_columns": 41,
        "terrain_grid_rows": 41,
        "terrain_grid_validity": "valid",
        "material": "rock",
        "landform": "mining-ridge"
      },
      "geometry": {
        "type": "Point",
        "coordinates": [
          -159.934,
          -19.75625,
          644.75
        ]
      }
    },
    {
      "type": "Feature",
      "id": "terrain-r27-c04",
      "properties": {
        "terrain_grid_id": "rey-county-semantic-terrain-v1",
        "terrain_grid_column": 4,
        "terrain_grid_row": 27,
        "terrain_grid_columns": 41,
        "terrain_grid_rows": 41,
        "terrain_grid_validity": "valid",
        "material": "rock",
        "landform": "mining-ridge"
      },
      "geometry": {
        "type": "Point",
        "coordinates": [
          -159.912,
          -19.75625,
          655.13
        ]
      }
    },
    {
      "type": "Feature",
      "id": "terrain-r27-c05",
      "properties": {
        "terrain_grid_id": "rey-county-semantic-terrain-v1",
        "terrain_grid_column": 5,
        "terrain_grid_row": 27,
        "terrain_grid_columns": 41,
        "terrain_grid_rows": 41,
        "terrain_grid_validity": "valid",
        "material": "rock",
        "landform": "mining-ridge"
      },
      "geometry": {
        "type": "Point",
        "coordinates": [
          -159.89,
          -19.75625,
          651.02
        ]
      }
    },
    {
      "type": "Feature",
      "id": "terrain-r27-c06",
      "properties": {
        "terrain_grid_id": "rey-county-semantic-terrain-v1",
        "terrain_grid_column": 6,
        "terrain_grid_row": 27,
        "terrain_grid_columns": 41,
        "terrain_grid_rows": 41,
        "terrain_grid_validity": "valid",
        "material": "rock",
        "landform": "mining-ridge"
      },
      "geometry": {
        "type": "Point",
        "coordinates": [
          -159.868,
          -19.75625,
          644.74
        ]
      }
    },
    {
      "type": "Feature",
      "id": "terrain-r27-c07",
      "properties": {
        "terrain_grid_id": "rey-county-semantic-terrain-v1",
        "terrain_grid_column": 7,
        "terrain_grid_row": 27,
        "terrain_grid_columns": 41,
        "terrain_grid_rows": 41,
        "terrain_grid_validity": "valid",
        "material": "rock",
        "landform": "mining-ridge"
      },
      "geometry": {
        "type": "Point",
        "coordinates": [
          -159.846,
          -19.75625,
          643.83
        ]
      }
    },
    {
      "type": "Feature",
      "id": "terrain-r27-c08",
      "properties": {
        "terrain_grid_id": "rey-county-semantic-terrain-v1",
        "terrain_grid_column": 8,
        "terrain_grid_row": 27,
        "terrain_grid_columns": 41,
        "terrain_grid_rows": 41,
        "terrain_grid_validity": "valid",
        "material": "rock",
        "landform": "mining-ridge"
      },
      "geometry": {
        "type": "Point",
        "coordinates": [
          -159.824,
          -19.75625,
          617.8
        ]
      }
    },
    {
      "type": "Feature",
      "id": "terrain-r27-c09",
      "properties": {
        "terrain_grid_id": "rey-county-semantic-terrain-v1",
        "terrain_grid_column": 9,
        "terrain_grid_row": 27,
        "terrain_grid_columns": 41,
        "terrain_grid_rows": 41,
        "terrain_grid_validity": "valid",
        "material": "vegetation",
        "landform": "mining-ridge"
      },
      "geometry": {
        "type": "Point",
        "coordinates": [
          -159.802,
          -19.75625,
          591.88
        ]
      }
    },
    {
      "type": "Feature",
      "id": "terrain-r27-c10",
      "properties": {
        "terrain_grid_id": "rey-county-semantic-terrain-v1",
        "terrain_grid_column": 10,
        "terrain_grid_row": 27,
        "terrain_grid_columns": 41,
        "terrain_grid_rows": 41,
        "terrain_grid_validity": "valid",
        "material": "vegetation",
        "landform": "mining-ridge"
      },
      "geometry": {
        "type": "Point",
        "coordinates": [
          -159.78,
          -19.75625,
          543.59
        ]
      }
    },
    {
      "type": "Feature",
      "id": "terrain-r27-c11",
      "properties": {
        "terrain_grid_id": "rey-county-semantic-terrain-v1",
        "terrain_grid_column": 11,
        "terrain_grid_row": 27,
        "terrain_grid_columns": 41,
        "terrain_grid_rows": 41,
        "terrain_grid_validity": "valid",
        "material": "vegetation",
        "landform": "mining-ridge"
      },
      "geometry": {
        "type": "Point",
        "coordinates": [
          -159.758,
          -19.75625,
          491.66
        ]
      }
    },
    {
      "type": "Feature",
      "id": "terrain-r27-c12",
      "properties": {
        "terrain_grid_id": "rey-county-semantic-terrain-v1",
        "terrain_grid_column": 12,
        "terrain_grid_row": 27,
        "terrain_grid_columns": 41,
        "terrain_grid_rows": 41,
        "terrain_grid_validity": "valid",
        "material": "vegetation",
        "landform": "runtime-basin"
      },
      "geometry": {
        "type": "Point",
        "coordinates": [
          -159.736,
          -19.75625,
          447.2
        ]
      }
    },
    {
      "type": "Feature",
      "id": "terrain-r27-c13",
      "properties": {
        "terrain_grid_id": "rey-county-semantic-terrain-v1",
        "terrain_grid_column": 13,
        "terrain_grid_row": 27,
        "terrain_grid_columns": 41,
        "terrain_grid_rows": 41,
        "terrain_grid_validity": "valid",
        "material": "vegetation",
        "landform": "runtime-basin"
      },
      "geometry": {
        "type": "Point",
        "coordinates": [
          -159.714,
          -19.75625,
          412.96
        ]
      }
    },
    {
      "type": "Feature",
      "id": "terrain-r27-c14",
      "properties": {
        "terrain_grid_id": "rey-county-semantic-terrain-v1",
        "terrain_grid_column": 14,
        "terrain_grid_row": 27,
        "terrain_grid_columns": 41,
        "terrain_grid_rows": 41,
        "terrain_grid_validity": "valid",
        "material": "vegetation",
        "landform": "runtime-basin"
      },
      "geometry": {
        "type": "Point",
        "coordinates": [
          -159.692,
          -19.75625,
          374.91
        ]
      }
    },
    {
      "type": "Feature",
      "id": "terrain-r27-c15",
      "properties": {
        "terrain_grid_id": "rey-county-semantic-terrain-v1",
        "terrain_grid_column": 15,
        "terrain_grid_row": 27,
        "terrain_grid_columns": 41,
        "terrain_grid_rows": 41,
        "terrain_grid_validity": "valid",
        "material": "vegetation",
        "landform": "runtime-basin"
      },
      "geometry": {
        "type": "Point",
        "coordinates": [
          -159.67,
          -19.75625,
          350.48
        ]
      }
    },
    {
      "type": "Feature",
      "id": "terrain-r27-c16",
      "properties": {
        "terrain_grid_id": "rey-county-semantic-terrain-v1",
        "terrain_grid_column": 16,
        "terrain_grid_row": 27,
        "terrain_grid_columns": 41,
        "terrain_grid_rows": 41,
        "terrain_grid_validity": "valid",
        "material": "soil",
        "landform": "runtime-basin"
      },
      "geometry": {
        "type": "Point",
        "coordinates": [
          -159.648,
          -19.75625,
          313.69
        ]
      }
    },
    {
      "type": "Feature",
      "id": "terrain-r27-c17",
      "properties": {
        "terrain_grid_id": "rey-county-semantic-terrain-v1",
        "terrain_grid_column": 17,
        "terrain_grid_row": 27,
        "terrain_grid_columns": 41,
        "terrain_grid_rows": 41,
        "terrain_grid_validity": "valid",
        "material": "soil",
        "landform": "runtime-basin"
      },
      "geometry": {
        "type": "Point",
        "coordinates": [
          -159.626,
          -19.75625,
          286.86
        ]
      }
    },
    {
      "type": "Feature",
      "id": "terrain-r27-c18",
      "properties": {
        "terrain_grid_id": "rey-county-semantic-terrain-v1",
        "terrain_grid_column": 18,
        "terrain_grid_row": 27,
        "terrain_grid_columns": 41,
        "terrain_grid_rows": 41,
        "terrain_grid_validity": "valid",
        "material": "soil",
        "landform": "runtime-basin"
      },
      "geometry": {
        "type": "Point",
        "coordinates": [
          -159.604,
          -19.75625,
          273.62
        ]
      }
    },
    {
      "type": "Feature",
      "id": "terrain-r27-c19",
      "properties": {
        "terrain_grid_id": "rey-county-semantic-terrain-v1",
        "terrain_grid_column": 19,
        "terrain_grid_row": 27,
        "terrain_grid_columns": 41,
        "terrain_grid_rows": 41,
        "terrain_grid_validity": "valid",
        "material": "soil",
        "landform": "runtime-basin"
      },
      "geometry": {
        "type": "Point",
        "coordinates": [
          -159.582,
          -19.75625,
          268.46
        ]
      }
    },
    {
      "type": "Feature",
      "id": "terrain-r27-c20",
      "properties": {
        "terrain_grid_id": "rey-county-semantic-terrain-v1",
        "terrain_grid_column": 20,
        "terrain_grid_row": 27,
        "terrain_grid_columns": 41,
        "terrain_grid_rows": 41,
        "terrain_grid_validity": "valid",
        "material": "vegetation",
        "landform": "runtime-basin"
      },
      "geometry": {
        "type": "Point",
        "coordinates": [
          -159.56,
          -19.75625,
          277.6
        ]
      }
    },
    {
      "type": "Feature",
      "id": "terrain-r27-c21",
      "properties": {
        "terrain_grid_id": "rey-county-semantic-terrain-v1",
        "terrain_grid_column": 21,
        "terrain_grid_row": 27,
        "terrain_grid_columns": 41,
        "terrain_grid_rows": 41,
        "terrain_grid_validity": "valid",
        "material": "vegetation",
        "landform": "runtime-basin"
      },
      "geometry": {
        "type": "Point",
        "coordinates": [
          -159.538,
          -19.75625,
          291.44
        ]
      }
    },
    {
      "type": "Feature",
      "id": "terrain-r27-c22",
      "properties": {
        "terrain_grid_id": "rey-county-semantic-terrain-v1",
        "terrain_grid_column": 22,
        "terrain_grid_row": 27,
        "terrain_grid_columns": 41,
        "terrain_grid_rows": 41,
        "terrain_grid_validity": "valid",
        "material": "vegetation",
        "landform": "runtime-basin"
      },
      "geometry": {
        "type": "Point",
        "coordinates": [
          -159.516,
          -19.75625,
          297.28
        ]
      }
    },
    {
      "type": "Feature",
      "id": "terrain-r27-c23",
      "properties": {
        "terrain_grid_id": "rey-county-semantic-terrain-v1",
        "terrain_grid_column": 23,
        "terrain_grid_row": 27,
        "terrain_grid_columns": 41,
        "terrain_grid_rows": 41,
        "terrain_grid_validity": "valid",
        "material": "soil",
        "landform": "runtime-basin"
      },
      "geometry": {
        "type": "Point",
        "coordinates": [
          -159.494,
          -19.75625,
          309
        ]
      }
    },
    {
      "type": "Feature",
      "id": "terrain-r27-c24",
      "properties": {
        "terrain_grid_id": "rey-county-semantic-terrain-v1",
        "terrain_grid_column": 24,
        "terrain_grid_row": 27,
        "terrain_grid_columns": 41,
        "terrain_grid_rows": 41,
        "terrain_grid_validity": "valid",
        "material": "soil",
        "landform": "runtime-basin"
      },
      "geometry": {
        "type": "Point",
        "coordinates": [
          -159.472,
          -19.75625,
          329.04
        ]
      }
    },
    {
      "type": "Feature",
      "id": "terrain-r27-c25",
      "properties": {
        "terrain_grid_id": "rey-county-semantic-terrain-v1",
        "terrain_grid_column": 25,
        "terrain_grid_row": 27,
        "terrain_grid_columns": 41,
        "terrain_grid_rows": 41,
        "terrain_grid_validity": "valid",
        "material": "vegetation",
        "landform": "runtime-basin"
      },
      "geometry": {
        "type": "Point",
        "coordinates": [
          -159.45,
          -19.75625,
          346.49
        ]
      }
    },
    {
      "type": "Feature",
      "id": "terrain-r27-c26",
      "properties": {
        "terrain_grid_id": "rey-county-semantic-terrain-v1",
        "terrain_grid_column": 26,
        "terrain_grid_row": 27,
        "terrain_grid_columns": 41,
        "terrain_grid_rows": 41,
        "terrain_grid_validity": "valid",
        "material": "vegetation",
        "landform": "runtime-basin"
      },
      "geometry": {
        "type": "Point",
        "coordinates": [
          -159.428,
          -19.75625,
          360.29
        ]
      }
    },
    {
      "type": "Feature",
      "id": "terrain-r27-c27",
      "properties": {
        "terrain_grid_id": "rey-county-semantic-terrain-v1",
        "terrain_grid_column": 27,
        "terrain_grid_row": 27,
        "terrain_grid_columns": 41,
        "terrain_grid_rows": 41,
        "terrain_grid_validity": "valid",
        "material": "sand",
        "landform": "runtime-basin"
      },
      "geometry": {
        "type": "Point",
        "coordinates": [
          -159.406,
          -19.75625,
          375.97
        ]
      }
    },
    {
      "type": "Feature",
      "id": "terrain-r27-c28",
      "properties": {
        "terrain_grid_id": "rey-county-semantic-terrain-v1",
        "terrain_grid_column": 28,
        "terrain_grid_row": 27,
        "terrain_grid_columns": 41,
        "terrain_grid_rows": 41,
        "terrain_grid_validity": "valid",
        "material": "vegetation",
        "landform": "runtime-basin"
      },
      "geometry": {
        "type": "Point",
        "coordinates": [
          -159.384,
          -19.75625,
          446.07
        ]
      }
    },
    {
      "type": "Feature",
      "id": "terrain-r27-c29",
      "properties": {
        "terrain_grid_id": "rey-county-semantic-terrain-v1",
        "terrain_grid_column": 29,
        "terrain_grid_row": 27,
        "terrain_grid_columns": 41,
        "terrain_grid_rows": 41,
        "terrain_grid_validity": "valid",
        "material": "vegetation",
        "landform": "proof-escarpment"
      },
      "geometry": {
        "type": "Point",
        "coordinates": [
          -159.362,
          -19.75625,
          466.73
        ]
      }
    },
    {
      "type": "Feature",
      "id": "terrain-r27-c30",
      "properties": {
        "terrain_grid_id": "rey-county-semantic-terrain-v1",
        "terrain_grid_column": 30,
        "terrain_grid_row": 27,
        "terrain_grid_columns": 41,
        "terrain_grid_rows": 41,
        "terrain_grid_validity": "valid",
        "material": "vegetation",
        "landform": "proof-escarpment"
      },
      "geometry": {
        "type": "Point",
        "coordinates": [
          -159.34,
          -19.75625,
          485.08
        ]
      }
    },
    {
      "type": "Feature",
      "id": "terrain-r27-c31",
      "properties": {
        "terrain_grid_id": "rey-county-semantic-terrain-v1",
        "terrain_grid_column": 31,
        "terrain_grid_row": 27,
        "terrain_grid_columns": 41,
        "terrain_grid_rows": 41,
        "terrain_grid_validity": "valid",
        "material": "vegetation",
        "landform": "proof-escarpment"
      },
      "geometry": {
        "type": "Point",
        "coordinates": [
          -159.318,
          -19.75625,
          501.59
        ]
      }
    },
    {
      "type": "Feature",
      "id": "terrain-r27-c32",
      "properties": {
        "terrain_grid_id": "rey-county-semantic-terrain-v1",
        "terrain_grid_column": 32,
        "terrain_grid_row": 27,
        "terrain_grid_columns": 41,
        "terrain_grid_rows": 41,
        "terrain_grid_validity": "valid",
        "material": "vegetation",
        "landform": "proof-escarpment"
      },
      "geometry": {
        "type": "Point",
        "coordinates": [
          -159.296,
          -19.75625,
          532.35
        ]
      }
    },
    {
      "type": "Feature",
      "id": "terrain-r27-c33",
      "properties": {
        "terrain_grid_id": "rey-county-semantic-terrain-v1",
        "terrain_grid_column": 33,
        "terrain_grid_row": 27,
        "terrain_grid_columns": 41,
        "terrain_grid_rows": 41,
        "terrain_grid_validity": "valid",
        "material": "vegetation",
        "landform": "proof-escarpment"
      },
      "geometry": {
        "type": "Point",
        "coordinates": [
          -159.274,
          -19.75625,
          543.83
        ]
      }
    },
    {
      "type": "Feature",
      "id": "terrain-r27-c34",
      "properties": {
        "terrain_grid_id": "rey-county-semantic-terrain-v1",
        "terrain_grid_column": 34,
        "terrain_grid_row": 27,
        "terrain_grid_columns": 41,
        "terrain_grid_rows": 41,
        "terrain_grid_validity": "valid",
        "material": "vegetation",
        "landform": "proof-escarpment"
      },
      "geometry": {
        "type": "Point",
        "coordinates": [
          -159.252,
          -19.75625,
          551.97
        ]
      }
    },
    {
      "type": "Feature",
      "id": "terrain-r27-c35",
      "properties": {
        "terrain_grid_id": "rey-county-semantic-terrain-v1",
        "terrain_grid_column": 35,
        "terrain_grid_row": 27,
        "terrain_grid_columns": 41,
        "terrain_grid_rows": 41,
        "terrain_grid_validity": "valid",
        "material": "vegetation",
        "landform": "proof-escarpment"
      },
      "geometry": {
        "type": "Point",
        "coordinates": [
          -159.23,
          -19.75625,
          547.76
        ]
      }
    },
    {
      "type": "Feature",
      "id": "terrain-r27-c36",
      "properties": {
        "terrain_grid_id": "rey-county-semantic-terrain-v1",
        "terrain_grid_column": 36,
        "terrain_grid_row": 27,
        "terrain_grid_columns": 41,
        "terrain_grid_rows": 41,
        "terrain_grid_validity": "valid",
        "material": "vegetation",
        "landform": "proof-escarpment"
      },
      "geometry": {
        "type": "Point",
        "coordinates": [
          -159.208,
          -19.75625,
          532.92
        ]
      }
    },
    {
      "type": "Feature",
      "id": "terrain-r27-c37",
      "properties": {
        "terrain_grid_id": "rey-county-semantic-terrain-v1",
        "terrain_grid_column": 37,
        "terrain_grid_row": 27,
        "terrain_grid_columns": 41,
        "terrain_grid_rows": 41,
        "terrain_grid_validity": "no_data"
      },
      "geometry": {
        "type": "Point",
        "coordinates": [
          -159.186,
          -19.75625
        ]
      }
    },
    {
      "type": "Feature",
      "id": "terrain-r27-c38",
      "properties": {
        "terrain_grid_id": "rey-county-semantic-terrain-v1",
        "terrain_grid_column": 38,
        "terrain_grid_row": 27,
        "terrain_grid_columns": 41,
        "terrain_grid_rows": 41,
        "terrain_grid_validity": "no_data"
      },
      "geometry": {
        "type": "Point",
        "coordinates": [
          -159.164,
          -19.75625
        ]
      }
    },
    {
      "type": "Feature",
      "id": "terrain-r27-c39",
      "properties": {
        "terrain_grid_id": "rey-county-semantic-terrain-v1",
        "terrain_grid_column": 39,
        "terrain_grid_row": 27,
        "terrain_grid_columns": 41,
        "terrain_grid_rows": 41,
        "terrain_grid_validity": "no_data"
      },
      "geometry": {
        "type": "Point",
        "coordinates": [
          -159.142,
          -19.75625
        ]
      }
    },
    {
      "type": "Feature",
      "id": "terrain-r27-c40",
      "properties": {
        "terrain_grid_id": "rey-county-semantic-terrain-v1",
        "terrain_grid_column": 40,
        "terrain_grid_row": 27,
        "terrain_grid_columns": 41,
        "terrain_grid_rows": 41,
        "terrain_grid_validity": "no_data"
      },
      "geometry": {
        "type": "Point",
        "coordinates": [
          -159.12,
          -19.75625
        ]
      }
    },
    {
      "type": "Feature",
      "id": "terrain-r28-c00",
      "properties": {
        "terrain_grid_id": "rey-county-semantic-terrain-v1",
        "terrain_grid_column": 0,
        "terrain_grid_row": 28,
        "terrain_grid_columns": 41,
        "terrain_grid_rows": 41,
        "terrain_grid_validity": "no_data"
      },
      "geometry": {
        "type": "Point",
        "coordinates": [
          -160,
          -19.775
        ]
      }
    },
    {
      "type": "Feature",
      "id": "terrain-r28-c01",
      "properties": {
        "terrain_grid_id": "rey-county-semantic-terrain-v1",
        "terrain_grid_column": 1,
        "terrain_grid_row": 28,
        "terrain_grid_columns": 41,
        "terrain_grid_rows": 41,
        "terrain_grid_validity": "no_data"
      },
      "geometry": {
        "type": "Point",
        "coordinates": [
          -159.978,
          -19.775
        ]
      }
    },
    {
      "type": "Feature",
      "id": "terrain-r28-c02",
      "properties": {
        "terrain_grid_id": "rey-county-semantic-terrain-v1",
        "terrain_grid_column": 2,
        "terrain_grid_row": 28,
        "terrain_grid_columns": 41,
        "terrain_grid_rows": 41,
        "terrain_grid_validity": "valid",
        "material": "rock",
        "landform": "mining-ridge"
      },
      "geometry": {
        "type": "Point",
        "coordinates": [
          -159.956,
          -19.775,
          621.64
        ]
      }
    },
    {
      "type": "Feature",
      "id": "terrain-r28-c03",
      "properties": {
        "terrain_grid_id": "rey-county-semantic-terrain-v1",
        "terrain_grid_column": 3,
        "terrain_grid_row": 28,
        "terrain_grid_columns": 41,
        "terrain_grid_rows": 41,
        "terrain_grid_validity": "valid",
        "material": "rock",
        "landform": "mining-ridge"
      },
      "geometry": {
        "type": "Point",
        "coordinates": [
          -159.934,
          -19.775,
          640
        ]
      }
    },
    {
      "type": "Feature",
      "id": "terrain-r28-c04",
      "properties": {
        "terrain_grid_id": "rey-county-semantic-terrain-v1",
        "terrain_grid_column": 4,
        "terrain_grid_row": 28,
        "terrain_grid_columns": 41,
        "terrain_grid_rows": 41,
        "terrain_grid_validity": "valid",
        "material": "rock",
        "landform": "mining-ridge"
      },
      "geometry": {
        "type": "Point",
        "coordinates": [
          -159.912,
          -19.775,
          642.17
        ]
      }
    },
    {
      "type": "Feature",
      "id": "terrain-r28-c05",
      "properties": {
        "terrain_grid_id": "rey-county-semantic-terrain-v1",
        "terrain_grid_column": 5,
        "terrain_grid_row": 28,
        "terrain_grid_columns": 41,
        "terrain_grid_rows": 41,
        "terrain_grid_validity": "valid",
        "material": "rock",
        "landform": "mining-ridge"
      },
      "geometry": {
        "type": "Point",
        "coordinates": [
          -159.89,
          -19.775,
          643.42
        ]
      }
    },
    {
      "type": "Feature",
      "id": "terrain-r28-c06",
      "properties": {
        "terrain_grid_id": "rey-county-semantic-terrain-v1",
        "terrain_grid_column": 6,
        "terrain_grid_row": 28,
        "terrain_grid_columns": 41,
        "terrain_grid_rows": 41,
        "terrain_grid_validity": "valid",
        "material": "rock",
        "landform": "mining-ridge"
      },
      "geometry": {
        "type": "Point",
        "coordinates": [
          -159.868,
          -19.775,
          624.75
        ]
      }
    },
    {
      "type": "Feature",
      "id": "terrain-r28-c07",
      "properties": {
        "terrain_grid_id": "rey-county-semantic-terrain-v1",
        "terrain_grid_column": 7,
        "terrain_grid_row": 28,
        "terrain_grid_columns": 41,
        "terrain_grid_rows": 41,
        "terrain_grid_validity": "valid",
        "material": "rock",
        "landform": "mining-ridge"
      },
      "geometry": {
        "type": "Point",
        "coordinates": [
          -159.846,
          -19.775,
          619.59
        ]
      }
    },
    {
      "type": "Feature",
      "id": "terrain-r28-c08",
      "properties": {
        "terrain_grid_id": "rey-county-semantic-terrain-v1",
        "terrain_grid_column": 8,
        "terrain_grid_row": 28,
        "terrain_grid_columns": 41,
        "terrain_grid_rows": 41,
        "terrain_grid_validity": "valid",
        "material": "vegetation",
        "landform": "mining-ridge"
      },
      "geometry": {
        "type": "Point",
        "coordinates": [
          -159.824,
          -19.775,
          603.64
        ]
      }
    },
    {
      "type": "Feature",
      "id": "terrain-r28-c09",
      "properties": {
        "terrain_grid_id": "rey-county-semantic-terrain-v1",
        "terrain_grid_column": 9,
        "terrain_grid_row": 28,
        "terrain_grid_columns": 41,
        "terrain_grid_rows": 41,
        "terrain_grid_validity": "valid",
        "material": "vegetation",
        "landform": "mining-ridge"
      },
      "geometry": {
        "type": "Point",
        "coordinates": [
          -159.802,
          -19.775,
          574.42
        ]
      }
    },
    {
      "type": "Feature",
      "id": "terrain-r28-c10",
      "properties": {
        "terrain_grid_id": "rey-county-semantic-terrain-v1",
        "terrain_grid_column": 10,
        "terrain_grid_row": 28,
        "terrain_grid_columns": 41,
        "terrain_grid_rows": 41,
        "terrain_grid_validity": "valid",
        "material": "vegetation",
        "landform": "mining-ridge"
      },
      "geometry": {
        "type": "Point",
        "coordinates": [
          -159.78,
          -19.775,
          538.09
        ]
      }
    },
    {
      "type": "Feature",
      "id": "terrain-r28-c11",
      "properties": {
        "terrain_grid_id": "rey-county-semantic-terrain-v1",
        "terrain_grid_column": 11,
        "terrain_grid_row": 28,
        "terrain_grid_columns": 41,
        "terrain_grid_rows": 41,
        "terrain_grid_validity": "valid",
        "material": "vegetation",
        "landform": "mining-ridge"
      },
      "geometry": {
        "type": "Point",
        "coordinates": [
          -159.758,
          -19.775,
          492.55
        ]
      }
    },
    {
      "type": "Feature",
      "id": "terrain-r28-c12",
      "properties": {
        "terrain_grid_id": "rey-county-semantic-terrain-v1",
        "terrain_grid_column": 12,
        "terrain_grid_row": 28,
        "terrain_grid_columns": 41,
        "terrain_grid_rows": 41,
        "terrain_grid_validity": "valid",
        "material": "vegetation",
        "landform": "runtime-basin"
      },
      "geometry": {
        "type": "Point",
        "coordinates": [
          -159.736,
          -19.775,
          445.36
        ]
      }
    },
    {
      "type": "Feature",
      "id": "terrain-r28-c13",
      "properties": {
        "terrain_grid_id": "rey-county-semantic-terrain-v1",
        "terrain_grid_column": 13,
        "terrain_grid_row": 28,
        "terrain_grid_columns": 41,
        "terrain_grid_rows": 41,
        "terrain_grid_validity": "valid",
        "material": "vegetation",
        "landform": "runtime-basin"
      },
      "geometry": {
        "type": "Point",
        "coordinates": [
          -159.714,
          -19.775,
          415.09
        ]
      }
    },
    {
      "type": "Feature",
      "id": "terrain-r28-c14",
      "properties": {
        "terrain_grid_id": "rey-county-semantic-terrain-v1",
        "terrain_grid_column": 14,
        "terrain_grid_row": 28,
        "terrain_grid_columns": 41,
        "terrain_grid_rows": 41,
        "terrain_grid_validity": "valid",
        "material": "vegetation",
        "landform": "runtime-basin"
      },
      "geometry": {
        "type": "Point",
        "coordinates": [
          -159.692,
          -19.775,
          385.87
        ]
      }
    },
    {
      "type": "Feature",
      "id": "terrain-r28-c15",
      "properties": {
        "terrain_grid_id": "rey-county-semantic-terrain-v1",
        "terrain_grid_column": 15,
        "terrain_grid_row": 28,
        "terrain_grid_columns": 41,
        "terrain_grid_rows": 41,
        "terrain_grid_validity": "valid",
        "material": "vegetation",
        "landform": "runtime-basin"
      },
      "geometry": {
        "type": "Point",
        "coordinates": [
          -159.67,
          -19.775,
          357.35
        ]
      }
    },
    {
      "type": "Feature",
      "id": "terrain-r28-c16",
      "properties": {
        "terrain_grid_id": "rey-county-semantic-terrain-v1",
        "terrain_grid_column": 16,
        "terrain_grid_row": 28,
        "terrain_grid_columns": 41,
        "terrain_grid_rows": 41,
        "terrain_grid_validity": "valid",
        "material": "vegetation",
        "landform": "runtime-basin"
      },
      "geometry": {
        "type": "Point",
        "coordinates": [
          -159.648,
          -19.775,
          336.83
        ]
      }
    },
    {
      "type": "Feature",
      "id": "terrain-r28-c17",
      "properties": {
        "terrain_grid_id": "rey-county-semantic-terrain-v1",
        "terrain_grid_column": 17,
        "terrain_grid_row": 28,
        "terrain_grid_columns": 41,
        "terrain_grid_rows": 41,
        "terrain_grid_validity": "valid",
        "material": "soil",
        "landform": "runtime-basin"
      },
      "geometry": {
        "type": "Point",
        "coordinates": [
          -159.626,
          -19.775,
          305.94
        ]
      }
    },
    {
      "type": "Feature",
      "id": "terrain-r28-c18",
      "properties": {
        "terrain_grid_id": "rey-county-semantic-terrain-v1",
        "terrain_grid_column": 18,
        "terrain_grid_row": 28,
        "terrain_grid_columns": 41,
        "terrain_grid_rows": 41,
        "terrain_grid_validity": "valid",
        "material": "soil",
        "landform": "runtime-basin"
      },
      "geometry": {
        "type": "Point",
        "coordinates": [
          -159.604,
          -19.775,
          291.98
        ]
      }
    },
    {
      "type": "Feature",
      "id": "terrain-r28-c19",
      "properties": {
        "terrain_grid_id": "rey-county-semantic-terrain-v1",
        "terrain_grid_column": 19,
        "terrain_grid_row": 28,
        "terrain_grid_columns": 41,
        "terrain_grid_rows": 41,
        "terrain_grid_validity": "valid",
        "material": "soil",
        "landform": "runtime-basin"
      },
      "geometry": {
        "type": "Point",
        "coordinates": [
          -159.582,
          -19.775,
          288.72
        ]
      }
    },
    {
      "type": "Feature",
      "id": "terrain-r28-c20",
      "properties": {
        "terrain_grid_id": "rey-county-semantic-terrain-v1",
        "terrain_grid_column": 20,
        "terrain_grid_row": 28,
        "terrain_grid_columns": 41,
        "terrain_grid_rows": 41,
        "terrain_grid_validity": "valid",
        "material": "soil",
        "landform": "runtime-basin"
      },
      "geometry": {
        "type": "Point",
        "coordinates": [
          -159.56,
          -19.775,
          295.91
        ]
      }
    },
    {
      "type": "Feature",
      "id": "terrain-r28-c21",
      "properties": {
        "terrain_grid_id": "rey-county-semantic-terrain-v1",
        "terrain_grid_column": 21,
        "terrain_grid_row": 28,
        "terrain_grid_columns": 41,
        "terrain_grid_rows": 41,
        "terrain_grid_validity": "valid",
        "material": "soil",
        "landform": "runtime-basin"
      },
      "geometry": {
        "type": "Point",
        "coordinates": [
          -159.538,
          -19.775,
          310.37
        ]
      }
    },
    {
      "type": "Feature",
      "id": "terrain-r28-c22",
      "properties": {
        "terrain_grid_id": "rey-county-semantic-terrain-v1",
        "terrain_grid_column": 22,
        "terrain_grid_row": 28,
        "terrain_grid_columns": 41,
        "terrain_grid_rows": 41,
        "terrain_grid_validity": "valid",
        "material": "soil",
        "landform": "runtime-basin"
      },
      "geometry": {
        "type": "Point",
        "coordinates": [
          -159.516,
          -19.775,
          330.33
        ]
      }
    },
    {
      "type": "Feature",
      "id": "terrain-r28-c23",
      "properties": {
        "terrain_grid_id": "rey-county-semantic-terrain-v1",
        "terrain_grid_column": 23,
        "terrain_grid_row": 28,
        "terrain_grid_columns": 41,
        "terrain_grid_rows": 41,
        "terrain_grid_validity": "valid",
        "material": "soil",
        "landform": "runtime-basin"
      },
      "geometry": {
        "type": "Point",
        "coordinates": [
          -159.494,
          -19.775,
          334.61
        ]
      }
    },
    {
      "type": "Feature",
      "id": "terrain-r28-c24",
      "properties": {
        "terrain_grid_id": "rey-county-semantic-terrain-v1",
        "terrain_grid_column": 24,
        "terrain_grid_row": 28,
        "terrain_grid_columns": 41,
        "terrain_grid_rows": 41,
        "terrain_grid_validity": "valid",
        "material": "vegetation",
        "landform": "runtime-basin"
      },
      "geometry": {
        "type": "Point",
        "coordinates": [
          -159.472,
          -19.775,
          358.45
        ]
      }
    },
    {
      "type": "Feature",
      "id": "terrain-r28-c25",
      "properties": {
        "terrain_grid_id": "rey-county-semantic-terrain-v1",
        "terrain_grid_column": 25,
        "terrain_grid_row": 28,
        "terrain_grid_columns": 41,
        "terrain_grid_rows": 41,
        "terrain_grid_validity": "valid",
        "material": "vegetation",
        "landform": "runtime-basin"
      },
      "geometry": {
        "type": "Point",
        "coordinates": [
          -159.45,
          -19.775,
          378.6
        ]
      }
    },
    {
      "type": "Feature",
      "id": "terrain-r28-c26",
      "properties": {
        "terrain_grid_id": "rey-county-semantic-terrain-v1",
        "terrain_grid_column": 26,
        "terrain_grid_row": 28,
        "terrain_grid_columns": 41,
        "terrain_grid_rows": 41,
        "terrain_grid_validity": "valid",
        "material": "sand",
        "landform": "runtime-basin"
      },
      "geometry": {
        "type": "Point",
        "coordinates": [
          -159.428,
          -19.775,
          374.34
        ]
      }
    },
    {
      "type": "Feature",
      "id": "terrain-r28-c27",
      "properties": {
        "terrain_grid_id": "rey-county-semantic-terrain-v1",
        "terrain_grid_column": 27,
        "terrain_grid_row": 28,
        "terrain_grid_columns": 41,
        "terrain_grid_rows": 41,
        "terrain_grid_validity": "valid",
        "material": "vegetation",
        "landform": "runtime-basin"
      },
      "geometry": {
        "type": "Point",
        "coordinates": [
          -159.406,
          -19.775,
          415.78
        ]
      }
    },
    {
      "type": "Feature",
      "id": "terrain-r28-c28",
      "properties": {
        "terrain_grid_id": "rey-county-semantic-terrain-v1",
        "terrain_grid_column": 28,
        "terrain_grid_row": 28,
        "terrain_grid_columns": 41,
        "terrain_grid_rows": 41,
        "terrain_grid_validity": "valid",
        "material": "vegetation",
        "landform": "proof-escarpment"
      },
      "geometry": {
        "type": "Point",
        "coordinates": [
          -159.384,
          -19.775,
          479.09
        ]
      }
    },
    {
      "type": "Feature",
      "id": "terrain-r28-c29",
      "properties": {
        "terrain_grid_id": "rey-county-semantic-terrain-v1",
        "terrain_grid_column": 29,
        "terrain_grid_row": 28,
        "terrain_grid_columns": 41,
        "terrain_grid_rows": 41,
        "terrain_grid_validity": "valid",
        "material": "vegetation",
        "landform": "proof-escarpment"
      },
      "geometry": {
        "type": "Point",
        "coordinates": [
          -159.362,
          -19.775,
          495.22
        ]
      }
    },
    {
      "type": "Feature",
      "id": "terrain-r28-c30",
      "properties": {
        "terrain_grid_id": "rey-county-semantic-terrain-v1",
        "terrain_grid_column": 30,
        "terrain_grid_row": 28,
        "terrain_grid_columns": 41,
        "terrain_grid_rows": 41,
        "terrain_grid_validity": "valid",
        "material": "vegetation",
        "landform": "proof-escarpment"
      },
      "geometry": {
        "type": "Point",
        "coordinates": [
          -159.34,
          -19.775,
          510.43
        ]
      }
    },
    {
      "type": "Feature",
      "id": "terrain-r28-c31",
      "properties": {
        "terrain_grid_id": "rey-county-semantic-terrain-v1",
        "terrain_grid_column": 31,
        "terrain_grid_row": 28,
        "terrain_grid_columns": 41,
        "terrain_grid_rows": 41,
        "terrain_grid_validity": "valid",
        "material": "vegetation",
        "landform": "proof-escarpment"
      },
      "geometry": {
        "type": "Point",
        "coordinates": [
          -159.318,
          -19.775,
          518.66
        ]
      }
    },
    {
      "type": "Feature",
      "id": "terrain-r28-c32",
      "properties": {
        "terrain_grid_id": "rey-county-semantic-terrain-v1",
        "terrain_grid_column": 32,
        "terrain_grid_row": 28,
        "terrain_grid_columns": 41,
        "terrain_grid_rows": 41,
        "terrain_grid_validity": "valid",
        "material": "vegetation",
        "landform": "proof-escarpment"
      },
      "geometry": {
        "type": "Point",
        "coordinates": [
          -159.296,
          -19.775,
          532.11
        ]
      }
    },
    {
      "type": "Feature",
      "id": "terrain-r28-c33",
      "properties": {
        "terrain_grid_id": "rey-county-semantic-terrain-v1",
        "terrain_grid_column": 33,
        "terrain_grid_row": 28,
        "terrain_grid_columns": 41,
        "terrain_grid_rows": 41,
        "terrain_grid_validity": "valid",
        "material": "vegetation",
        "landform": "proof-escarpment"
      },
      "geometry": {
        "type": "Point",
        "coordinates": [
          -159.274,
          -19.775,
          550.85
        ]
      }
    },
    {
      "type": "Feature",
      "id": "terrain-r28-c34",
      "properties": {
        "terrain_grid_id": "rey-county-semantic-terrain-v1",
        "terrain_grid_column": 34,
        "terrain_grid_row": 28,
        "terrain_grid_columns": 41,
        "terrain_grid_rows": 41,
        "terrain_grid_validity": "valid",
        "material": "vegetation",
        "landform": "proof-escarpment"
      },
      "geometry": {
        "type": "Point",
        "coordinates": [
          -159.252,
          -19.775,
          548.16
        ]
      }
    },
    {
      "type": "Feature",
      "id": "terrain-r28-c35",
      "properties": {
        "terrain_grid_id": "rey-county-semantic-terrain-v1",
        "terrain_grid_column": 35,
        "terrain_grid_row": 28,
        "terrain_grid_columns": 41,
        "terrain_grid_rows": 41,
        "terrain_grid_validity": "valid",
        "material": "vegetation",
        "landform": "proof-escarpment"
      },
      "geometry": {
        "type": "Point",
        "coordinates": [
          -159.23,
          -19.775,
          546.58
        ]
      }
    },
    {
      "type": "Feature",
      "id": "terrain-r28-c36",
      "properties": {
        "terrain_grid_id": "rey-county-semantic-terrain-v1",
        "terrain_grid_column": 36,
        "terrain_grid_row": 28,
        "terrain_grid_columns": 41,
        "terrain_grid_rows": 41,
        "terrain_grid_validity": "no_data"
      },
      "geometry": {
        "type": "Point",
        "coordinates": [
          -159.208,
          -19.775
        ]
      }
    },
    {
      "type": "Feature",
      "id": "terrain-r28-c37",
      "properties": {
        "terrain_grid_id": "rey-county-semantic-terrain-v1",
        "terrain_grid_column": 37,
        "terrain_grid_row": 28,
        "terrain_grid_columns": 41,
        "terrain_grid_rows": 41,
        "terrain_grid_validity": "no_data"
      },
      "geometry": {
        "type": "Point",
        "coordinates": [
          -159.186,
          -19.775
        ]
      }
    },
    {
      "type": "Feature",
      "id": "terrain-r28-c38",
      "properties": {
        "terrain_grid_id": "rey-county-semantic-terrain-v1",
        "terrain_grid_column": 38,
        "terrain_grid_row": 28,
        "terrain_grid_columns": 41,
        "terrain_grid_rows": 41,
        "terrain_grid_validity": "no_data"
      },
      "geometry": {
        "type": "Point",
        "coordinates": [
          -159.164,
          -19.775
        ]
      }
    },
    {
      "type": "Feature",
      "id": "terrain-r28-c39",
      "properties": {
        "terrain_grid_id": "rey-county-semantic-terrain-v1",
        "terrain_grid_column": 39,
        "terrain_grid_row": 28,
        "terrain_grid_columns": 41,
        "terrain_grid_rows": 41,
        "terrain_grid_validity": "no_data"
      },
      "geometry": {
        "type": "Point",
        "coordinates": [
          -159.142,
          -19.775
        ]
      }
    },
    {
      "type": "Feature",
      "id": "terrain-r28-c40",
      "properties": {
        "terrain_grid_id": "rey-county-semantic-terrain-v1",
        "terrain_grid_column": 40,
        "terrain_grid_row": 28,
        "terrain_grid_columns": 41,
        "terrain_grid_rows": 41,
        "terrain_grid_validity": "no_data"
      },
      "geometry": {
        "type": "Point",
        "coordinates": [
          -159.12,
          -19.775
        ]
      }
    },
    {
      "type": "Feature",
      "id": "terrain-r29-c00",
      "properties": {
        "terrain_grid_id": "rey-county-semantic-terrain-v1",
        "terrain_grid_column": 0,
        "terrain_grid_row": 29,
        "terrain_grid_columns": 41,
        "terrain_grid_rows": 41,
        "terrain_grid_validity": "no_data"
      },
      "geometry": {
        "type": "Point",
        "coordinates": [
          -160,
          -19.79375
        ]
      }
    },
    {
      "type": "Feature",
      "id": "terrain-r29-c01",
      "properties": {
        "terrain_grid_id": "rey-county-semantic-terrain-v1",
        "terrain_grid_column": 1,
        "terrain_grid_row": 29,
        "terrain_grid_columns": 41,
        "terrain_grid_rows": 41,
        "terrain_grid_validity": "no_data"
      },
      "geometry": {
        "type": "Point",
        "coordinates": [
          -159.978,
          -19.79375
        ]
      }
    },
    {
      "type": "Feature",
      "id": "terrain-r29-c02",
      "properties": {
        "terrain_grid_id": "rey-county-semantic-terrain-v1",
        "terrain_grid_column": 2,
        "terrain_grid_row": 29,
        "terrain_grid_columns": 41,
        "terrain_grid_rows": 41,
        "terrain_grid_validity": "valid",
        "material": "vegetation",
        "landform": "mining-ridge"
      },
      "geometry": {
        "type": "Point",
        "coordinates": [
          -159.956,
          -19.79375,
          607.31
        ]
      }
    },
    {
      "type": "Feature",
      "id": "terrain-r29-c03",
      "properties": {
        "terrain_grid_id": "rey-county-semantic-terrain-v1",
        "terrain_grid_column": 3,
        "terrain_grid_row": 29,
        "terrain_grid_columns": 41,
        "terrain_grid_rows": 41,
        "terrain_grid_validity": "valid",
        "material": "rock",
        "landform": "mining-ridge"
      },
      "geometry": {
        "type": "Point",
        "coordinates": [
          -159.934,
          -19.79375,
          630
        ]
      }
    },
    {
      "type": "Feature",
      "id": "terrain-r29-c04",
      "properties": {
        "terrain_grid_id": "rey-county-semantic-terrain-v1",
        "terrain_grid_column": 4,
        "terrain_grid_row": 29,
        "terrain_grid_columns": 41,
        "terrain_grid_rows": 41,
        "terrain_grid_validity": "valid",
        "material": "rock",
        "landform": "mining-ridge"
      },
      "geometry": {
        "type": "Point",
        "coordinates": [
          -159.912,
          -19.79375,
          631.11
        ]
      }
    },
    {
      "type": "Feature",
      "id": "terrain-r29-c05",
      "properties": {
        "terrain_grid_id": "rey-county-semantic-terrain-v1",
        "terrain_grid_column": 5,
        "terrain_grid_row": 29,
        "terrain_grid_columns": 41,
        "terrain_grid_rows": 41,
        "terrain_grid_validity": "valid",
        "material": "rock",
        "landform": "mining-ridge"
      },
      "geometry": {
        "type": "Point",
        "coordinates": [
          -159.89,
          -19.79375,
          627
        ]
      }
    },
    {
      "type": "Feature",
      "id": "terrain-r29-c06",
      "properties": {
        "terrain_grid_id": "rey-county-semantic-terrain-v1",
        "terrain_grid_column": 6,
        "terrain_grid_row": 29,
        "terrain_grid_columns": 41,
        "terrain_grid_rows": 41,
        "terrain_grid_validity": "valid",
        "material": "rock",
        "landform": "mining-ridge"
      },
      "geometry": {
        "type": "Point",
        "coordinates": [
          -159.868,
          -19.79375,
          618.01
        ]
      }
    },
    {
      "type": "Feature",
      "id": "terrain-r29-c07",
      "properties": {
        "terrain_grid_id": "rey-county-semantic-terrain-v1",
        "terrain_grid_column": 7,
        "terrain_grid_row": 29,
        "terrain_grid_columns": 41,
        "terrain_grid_rows": 41,
        "terrain_grid_validity": "valid",
        "material": "vegetation",
        "landform": "mining-ridge"
      },
      "geometry": {
        "type": "Point",
        "coordinates": [
          -159.846,
          -19.79375,
          599.72
        ]
      }
    },
    {
      "type": "Feature",
      "id": "terrain-r29-c08",
      "properties": {
        "terrain_grid_id": "rey-county-semantic-terrain-v1",
        "terrain_grid_column": 8,
        "terrain_grid_row": 29,
        "terrain_grid_columns": 41,
        "terrain_grid_rows": 41,
        "terrain_grid_validity": "valid",
        "material": "vegetation",
        "landform": "mining-ridge"
      },
      "geometry": {
        "type": "Point",
        "coordinates": [
          -159.824,
          -19.79375,
          593.36
        ]
      }
    },
    {
      "type": "Feature",
      "id": "terrain-r29-c09",
      "properties": {
        "terrain_grid_id": "rey-county-semantic-terrain-v1",
        "terrain_grid_column": 9,
        "terrain_grid_row": 29,
        "terrain_grid_columns": 41,
        "terrain_grid_rows": 41,
        "terrain_grid_validity": "valid",
        "material": "vegetation",
        "landform": "mining-ridge"
      },
      "geometry": {
        "type": "Point",
        "coordinates": [
          -159.802,
          -19.79375,
          570.82
        ]
      }
    },
    {
      "type": "Feature",
      "id": "terrain-r29-c10",
      "properties": {
        "terrain_grid_id": "rey-county-semantic-terrain-v1",
        "terrain_grid_column": 10,
        "terrain_grid_row": 29,
        "terrain_grid_columns": 41,
        "terrain_grid_rows": 41,
        "terrain_grid_validity": "valid",
        "material": "vegetation",
        "landform": "mining-ridge"
      },
      "geometry": {
        "type": "Point",
        "coordinates": [
          -159.78,
          -19.79375,
          537.9
        ]
      }
    },
    {
      "type": "Feature",
      "id": "terrain-r29-c11",
      "properties": {
        "terrain_grid_id": "rey-county-semantic-terrain-v1",
        "terrain_grid_column": 11,
        "terrain_grid_row": 29,
        "terrain_grid_columns": 41,
        "terrain_grid_rows": 41,
        "terrain_grid_validity": "valid",
        "material": "vegetation",
        "landform": "mining-ridge"
      },
      "geometry": {
        "type": "Point",
        "coordinates": [
          -159.758,
          -19.79375,
          498.33
        ]
      }
    },
    {
      "type": "Feature",
      "id": "terrain-r29-c12",
      "properties": {
        "terrain_grid_id": "rey-county-semantic-terrain-v1",
        "terrain_grid_column": 12,
        "terrain_grid_row": 29,
        "terrain_grid_columns": 41,
        "terrain_grid_rows": 41,
        "terrain_grid_validity": "valid",
        "material": "vegetation",
        "landform": "runtime-basin"
      },
      "geometry": {
        "type": "Point",
        "coordinates": [
          -159.736,
          -19.79375,
          456.92
        ]
      }
    },
    {
      "type": "Feature",
      "id": "terrain-r29-c13",
      "properties": {
        "terrain_grid_id": "rey-county-semantic-terrain-v1",
        "terrain_grid_column": 13,
        "terrain_grid_row": 29,
        "terrain_grid_columns": 41,
        "terrain_grid_rows": 41,
        "terrain_grid_validity": "valid",
        "material": "vegetation",
        "landform": "runtime-basin"
      },
      "geometry": {
        "type": "Point",
        "coordinates": [
          -159.714,
          -19.79375,
          416.36
        ]
      }
    },
    {
      "type": "Feature",
      "id": "terrain-r29-c14",
      "properties": {
        "terrain_grid_id": "rey-county-semantic-terrain-v1",
        "terrain_grid_column": 14,
        "terrain_grid_row": 29,
        "terrain_grid_columns": 41,
        "terrain_grid_rows": 41,
        "terrain_grid_validity": "valid",
        "material": "vegetation",
        "landform": "runtime-basin"
      },
      "geometry": {
        "type": "Point",
        "coordinates": [
          -159.692,
          -19.79375,
          397.51
        ]
      }
    },
    {
      "type": "Feature",
      "id": "terrain-r29-c15",
      "properties": {
        "terrain_grid_id": "rey-county-semantic-terrain-v1",
        "terrain_grid_column": 15,
        "terrain_grid_row": 29,
        "terrain_grid_columns": 41,
        "terrain_grid_rows": 41,
        "terrain_grid_validity": "valid",
        "material": "vegetation",
        "landform": "runtime-basin"
      },
      "geometry": {
        "type": "Point",
        "coordinates": [
          -159.67,
          -19.79375,
          368.7
        ]
      }
    },
    {
      "type": "Feature",
      "id": "terrain-r29-c16",
      "properties": {
        "terrain_grid_id": "rey-county-semantic-terrain-v1",
        "terrain_grid_column": 16,
        "terrain_grid_row": 29,
        "terrain_grid_columns": 41,
        "terrain_grid_rows": 41,
        "terrain_grid_validity": "valid",
        "material": "vegetation",
        "landform": "runtime-basin"
      },
      "geometry": {
        "type": "Point",
        "coordinates": [
          -159.648,
          -19.79375,
          350.47
        ]
      }
    },
    {
      "type": "Feature",
      "id": "terrain-r29-c17",
      "properties": {
        "terrain_grid_id": "rey-county-semantic-terrain-v1",
        "terrain_grid_column": 17,
        "terrain_grid_row": 29,
        "terrain_grid_columns": 41,
        "terrain_grid_rows": 41,
        "terrain_grid_validity": "valid",
        "material": "soil",
        "landform": "runtime-basin"
      },
      "geometry": {
        "type": "Point",
        "coordinates": [
          -159.626,
          -19.79375,
          329.84
        ]
      }
    },
    {
      "type": "Feature",
      "id": "terrain-r29-c18",
      "properties": {
        "terrain_grid_id": "rey-county-semantic-terrain-v1",
        "terrain_grid_column": 18,
        "terrain_grid_row": 29,
        "terrain_grid_columns": 41,
        "terrain_grid_rows": 41,
        "terrain_grid_validity": "valid",
        "material": "soil",
        "landform": "runtime-basin"
      },
      "geometry": {
        "type": "Point",
        "coordinates": [
          -159.604,
          -19.79375,
          311.79
        ]
      }
    },
    {
      "type": "Feature",
      "id": "terrain-r29-c19",
      "properties": {
        "terrain_grid_id": "rey-county-semantic-terrain-v1",
        "terrain_grid_column": 19,
        "terrain_grid_row": 29,
        "terrain_grid_columns": 41,
        "terrain_grid_rows": 41,
        "terrain_grid_validity": "valid",
        "material": "soil",
        "landform": "runtime-basin"
      },
      "geometry": {
        "type": "Point",
        "coordinates": [
          -159.582,
          -19.79375,
          308.07
        ]
      }
    },
    {
      "type": "Feature",
      "id": "terrain-r29-c20",
      "properties": {
        "terrain_grid_id": "rey-county-semantic-terrain-v1",
        "terrain_grid_column": 20,
        "terrain_grid_row": 29,
        "terrain_grid_columns": 41,
        "terrain_grid_rows": 41,
        "terrain_grid_validity": "valid",
        "material": "soil",
        "landform": "runtime-basin"
      },
      "geometry": {
        "type": "Point",
        "coordinates": [
          -159.56,
          -19.79375,
          321.34
        ]
      }
    },
    {
      "type": "Feature",
      "id": "terrain-r29-c21",
      "properties": {
        "terrain_grid_id": "rey-county-semantic-terrain-v1",
        "terrain_grid_column": 21,
        "terrain_grid_row": 29,
        "terrain_grid_columns": 41,
        "terrain_grid_rows": 41,
        "terrain_grid_validity": "valid",
        "material": "vegetation",
        "landform": "runtime-basin"
      },
      "geometry": {
        "type": "Point",
        "coordinates": [
          -159.538,
          -19.79375,
          335.14
        ]
      }
    },
    {
      "type": "Feature",
      "id": "terrain-r29-c22",
      "properties": {
        "terrain_grid_id": "rey-county-semantic-terrain-v1",
        "terrain_grid_column": 22,
        "terrain_grid_row": 29,
        "terrain_grid_columns": 41,
        "terrain_grid_rows": 41,
        "terrain_grid_validity": "valid",
        "material": "vegetation",
        "landform": "runtime-basin"
      },
      "geometry": {
        "type": "Point",
        "coordinates": [
          -159.516,
          -19.79375,
          360.77
        ]
      }
    },
    {
      "type": "Feature",
      "id": "terrain-r29-c23",
      "properties": {
        "terrain_grid_id": "rey-county-semantic-terrain-v1",
        "terrain_grid_column": 23,
        "terrain_grid_row": 29,
        "terrain_grid_columns": 41,
        "terrain_grid_rows": 41,
        "terrain_grid_validity": "valid",
        "material": "vegetation",
        "landform": "runtime-basin"
      },
      "geometry": {
        "type": "Point",
        "coordinates": [
          -159.494,
          -19.79375,
          378.25
        ]
      }
    },
    {
      "type": "Feature",
      "id": "terrain-r29-c24",
      "properties": {
        "terrain_grid_id": "rey-county-semantic-terrain-v1",
        "terrain_grid_column": 24,
        "terrain_grid_row": 29,
        "terrain_grid_columns": 41,
        "terrain_grid_rows": 41,
        "terrain_grid_validity": "valid",
        "material": "vegetation",
        "landform": "runtime-basin"
      },
      "geometry": {
        "type": "Point",
        "coordinates": [
          -159.472,
          -19.79375,
          389.44
        ]
      }
    },
    {
      "type": "Feature",
      "id": "terrain-r29-c25",
      "properties": {
        "terrain_grid_id": "rey-county-semantic-terrain-v1",
        "terrain_grid_column": 25,
        "terrain_grid_row": 29,
        "terrain_grid_columns": 41,
        "terrain_grid_rows": 41,
        "terrain_grid_validity": "valid",
        "material": "vegetation",
        "landform": "runtime-basin"
      },
      "geometry": {
        "type": "Point",
        "coordinates": [
          -159.45,
          -19.79375,
          415.26
        ]
      }
    },
    {
      "type": "Feature",
      "id": "terrain-r29-c26",
      "properties": {
        "terrain_grid_id": "rey-county-semantic-terrain-v1",
        "terrain_grid_column": 26,
        "terrain_grid_row": 29,
        "terrain_grid_columns": 41,
        "terrain_grid_rows": 41,
        "terrain_grid_validity": "valid",
        "material": "sand",
        "landform": "proof-escarpment"
      },
      "geometry": {
        "type": "Point",
        "coordinates": [
          -159.428,
          -19.79375,
          395.28
        ]
      }
    },
    {
      "type": "Feature",
      "id": "terrain-r29-c27",
      "properties": {
        "terrain_grid_id": "rey-county-semantic-terrain-v1",
        "terrain_grid_column": 27,
        "terrain_grid_row": 29,
        "terrain_grid_columns": 41,
        "terrain_grid_rows": 41,
        "terrain_grid_validity": "valid",
        "material": "rock",
        "landform": "proof-escarpment"
      },
      "geometry": {
        "type": "Point",
        "coordinates": [
          -159.406,
          -19.79375,
          448.94
        ]
      }
    },
    {
      "type": "Feature",
      "id": "terrain-r29-c28",
      "properties": {
        "terrain_grid_id": "rey-county-semantic-terrain-v1",
        "terrain_grid_column": 28,
        "terrain_grid_row": 29,
        "terrain_grid_columns": 41,
        "terrain_grid_rows": 41,
        "terrain_grid_validity": "valid",
        "material": "rock",
        "landform": "proof-escarpment"
      },
      "geometry": {
        "type": "Point",
        "coordinates": [
          -159.384,
          -19.79375,
          504.99
        ]
      }
    },
    {
      "type": "Feature",
      "id": "terrain-r29-c29",
      "properties": {
        "terrain_grid_id": "rey-county-semantic-terrain-v1",
        "terrain_grid_column": 29,
        "terrain_grid_row": 29,
        "terrain_grid_columns": 41,
        "terrain_grid_rows": 41,
        "terrain_grid_validity": "valid",
        "material": "rock",
        "landform": "proof-escarpment"
      },
      "geometry": {
        "type": "Point",
        "coordinates": [
          -159.362,
          -19.79375,
          518.97
        ]
      }
    },
    {
      "type": "Feature",
      "id": "terrain-r29-c30",
      "properties": {
        "terrain_grid_id": "rey-county-semantic-terrain-v1",
        "terrain_grid_column": 30,
        "terrain_grid_row": 29,
        "terrain_grid_columns": 41,
        "terrain_grid_rows": 41,
        "terrain_grid_validity": "valid",
        "material": "vegetation",
        "landform": "proof-escarpment"
      },
      "geometry": {
        "type": "Point",
        "coordinates": [
          -159.34,
          -19.79375,
          519.7
        ]
      }
    },
    {
      "type": "Feature",
      "id": "terrain-r29-c31",
      "properties": {
        "terrain_grid_id": "rey-county-semantic-terrain-v1",
        "terrain_grid_column": 31,
        "terrain_grid_row": 29,
        "terrain_grid_columns": 41,
        "terrain_grid_rows": 41,
        "terrain_grid_validity": "valid",
        "material": "vegetation",
        "landform": "proof-escarpment"
      },
      "geometry": {
        "type": "Point",
        "coordinates": [
          -159.318,
          -19.79375,
          529.45
        ]
      }
    },
    {
      "type": "Feature",
      "id": "terrain-r29-c32",
      "properties": {
        "terrain_grid_id": "rey-county-semantic-terrain-v1",
        "terrain_grid_column": 32,
        "terrain_grid_row": 29,
        "terrain_grid_columns": 41,
        "terrain_grid_rows": 41,
        "terrain_grid_validity": "valid",
        "material": "vegetation",
        "landform": "proof-escarpment"
      },
      "geometry": {
        "type": "Point",
        "coordinates": [
          -159.296,
          -19.79375,
          526.93
        ]
      }
    },
    {
      "type": "Feature",
      "id": "terrain-r29-c33",
      "properties": {
        "terrain_grid_id": "rey-county-semantic-terrain-v1",
        "terrain_grid_column": 33,
        "terrain_grid_row": 29,
        "terrain_grid_columns": 41,
        "terrain_grid_rows": 41,
        "terrain_grid_validity": "valid",
        "material": "vegetation",
        "landform": "proof-escarpment"
      },
      "geometry": {
        "type": "Point",
        "coordinates": [
          -159.274,
          -19.79375,
          543.32
        ]
      }
    },
    {
      "type": "Feature",
      "id": "terrain-r29-c34",
      "properties": {
        "terrain_grid_id": "rey-county-semantic-terrain-v1",
        "terrain_grid_column": 34,
        "terrain_grid_row": 29,
        "terrain_grid_columns": 41,
        "terrain_grid_rows": 41,
        "terrain_grid_validity": "valid",
        "material": "vegetation",
        "landform": "proof-escarpment"
      },
      "geometry": {
        "type": "Point",
        "coordinates": [
          -159.252,
          -19.79375,
          546.38
        ]
      }
    },
    {
      "type": "Feature",
      "id": "terrain-r29-c35",
      "properties": {
        "terrain_grid_id": "rey-county-semantic-terrain-v1",
        "terrain_grid_column": 35,
        "terrain_grid_row": 29,
        "terrain_grid_columns": 41,
        "terrain_grid_rows": 41,
        "terrain_grid_validity": "valid",
        "material": "vegetation",
        "landform": "proof-escarpment"
      },
      "geometry": {
        "type": "Point",
        "coordinates": [
          -159.23,
          -19.79375,
          539.18
        ]
      }
    },
    {
      "type": "Feature",
      "id": "terrain-r29-c36",
      "properties": {
        "terrain_grid_id": "rey-county-semantic-terrain-v1",
        "terrain_grid_column": 36,
        "terrain_grid_row": 29,
        "terrain_grid_columns": 41,
        "terrain_grid_rows": 41,
        "terrain_grid_validity": "no_data"
      },
      "geometry": {
        "type": "Point",
        "coordinates": [
          -159.208,
          -19.79375
        ]
      }
    },
    {
      "type": "Feature",
      "id": "terrain-r29-c37",
      "properties": {
        "terrain_grid_id": "rey-county-semantic-terrain-v1",
        "terrain_grid_column": 37,
        "terrain_grid_row": 29,
        "terrain_grid_columns": 41,
        "terrain_grid_rows": 41,
        "terrain_grid_validity": "no_data"
      },
      "geometry": {
        "type": "Point",
        "coordinates": [
          -159.186,
          -19.79375
        ]
      }
    },
    {
      "type": "Feature",
      "id": "terrain-r29-c38",
      "properties": {
        "terrain_grid_id": "rey-county-semantic-terrain-v1",
        "terrain_grid_column": 38,
        "terrain_grid_row": 29,
        "terrain_grid_columns": 41,
        "terrain_grid_rows": 41,
        "terrain_grid_validity": "no_data"
      },
      "geometry": {
        "type": "Point",
        "coordinates": [
          -159.164,
          -19.79375
        ]
      }
    },
    {
      "type": "Feature",
      "id": "terrain-r29-c39",
      "properties": {
        "terrain_grid_id": "rey-county-semantic-terrain-v1",
        "terrain_grid_column": 39,
        "terrain_grid_row": 29,
        "terrain_grid_columns": 41,
        "terrain_grid_rows": 41,
        "terrain_grid_validity": "no_data"
      },
      "geometry": {
        "type": "Point",
        "coordinates": [
          -159.142,
          -19.79375
        ]
      }
    },
    {
      "type": "Feature",
      "id": "terrain-r29-c40",
      "properties": {
        "terrain_grid_id": "rey-county-semantic-terrain-v1",
        "terrain_grid_column": 40,
        "terrain_grid_row": 29,
        "terrain_grid_columns": 41,
        "terrain_grid_rows": 41,
        "terrain_grid_validity": "no_data"
      },
      "geometry": {
        "type": "Point",
        "coordinates": [
          -159.12,
          -19.79375
        ]
      }
    },
    {
      "type": "Feature",
      "id": "terrain-r30-c00",
      "properties": {
        "terrain_grid_id": "rey-county-semantic-terrain-v1",
        "terrain_grid_column": 0,
        "terrain_grid_row": 30,
        "terrain_grid_columns": 41,
        "terrain_grid_rows": 41,
        "terrain_grid_validity": "no_data"
      },
      "geometry": {
        "type": "Point",
        "coordinates": [
          -160,
          -19.8125
        ]
      }
    },
    {
      "type": "Feature",
      "id": "terrain-r30-c01",
      "properties": {
        "terrain_grid_id": "rey-county-semantic-terrain-v1",
        "terrain_grid_column": 1,
        "terrain_grid_row": 30,
        "terrain_grid_columns": 41,
        "terrain_grid_rows": 41,
        "terrain_grid_validity": "valid",
        "material": "vegetation",
        "landform": "mining-ridge"
      },
      "geometry": {
        "type": "Point",
        "coordinates": [
          -159.978,
          -19.8125,
          573.52
        ]
      }
    },
    {
      "type": "Feature",
      "id": "terrain-r30-c02",
      "properties": {
        "terrain_grid_id": "rey-county-semantic-terrain-v1",
        "terrain_grid_column": 2,
        "terrain_grid_row": 30,
        "terrain_grid_columns": 41,
        "terrain_grid_rows": 41,
        "terrain_grid_validity": "valid",
        "material": "vegetation",
        "landform": "mining-ridge"
      },
      "geometry": {
        "type": "Point",
        "coordinates": [
          -159.956,
          -19.8125,
          593.81
        ]
      }
    },
    {
      "type": "Feature",
      "id": "terrain-r30-c03",
      "properties": {
        "terrain_grid_id": "rey-county-semantic-terrain-v1",
        "terrain_grid_column": 3,
        "terrain_grid_row": 30,
        "terrain_grid_columns": 41,
        "terrain_grid_rows": 41,
        "terrain_grid_validity": "valid",
        "material": "rock",
        "landform": "mining-ridge"
      },
      "geometry": {
        "type": "Point",
        "coordinates": [
          -159.934,
          -19.8125,
          612.39
        ]
      }
    },
    {
      "type": "Feature",
      "id": "terrain-r30-c04",
      "properties": {
        "terrain_grid_id": "rey-county-semantic-terrain-v1",
        "terrain_grid_column": 4,
        "terrain_grid_row": 30,
        "terrain_grid_columns": 41,
        "terrain_grid_rows": 41,
        "terrain_grid_validity": "valid",
        "material": "rock",
        "landform": "mining-ridge"
      },
      "geometry": {
        "type": "Point",
        "coordinates": [
          -159.912,
          -19.8125,
          627.2
        ]
      }
    },
    {
      "type": "Feature",
      "id": "terrain-r30-c05",
      "properties": {
        "terrain_grid_id": "rey-county-semantic-terrain-v1",
        "terrain_grid_column": 5,
        "terrain_grid_row": 30,
        "terrain_grid_columns": 41,
        "terrain_grid_rows": 41,
        "terrain_grid_validity": "valid",
        "material": "rock",
        "landform": "mining-ridge"
      },
      "geometry": {
        "type": "Point",
        "coordinates": [
          -159.89,
          -19.8125,
          616.46
        ]
      }
    },
    {
      "type": "Feature",
      "id": "terrain-r30-c06",
      "properties": {
        "terrain_grid_id": "rey-county-semantic-terrain-v1",
        "terrain_grid_column": 6,
        "terrain_grid_row": 30,
        "terrain_grid_columns": 41,
        "terrain_grid_rows": 41,
        "terrain_grid_validity": "valid",
        "material": "rock",
        "landform": "mining-ridge"
      },
      "geometry": {
        "type": "Point",
        "coordinates": [
          -159.868,
          -19.8125,
          612.78
        ]
      }
    },
    {
      "type": "Feature",
      "id": "terrain-r30-c07",
      "properties": {
        "terrain_grid_id": "rey-county-semantic-terrain-v1",
        "terrain_grid_column": 7,
        "terrain_grid_row": 30,
        "terrain_grid_columns": 41,
        "terrain_grid_rows": 41,
        "terrain_grid_validity": "valid",
        "material": "vegetation",
        "landform": "mining-ridge"
      },
      "geometry": {
        "type": "Point",
        "coordinates": [
          -159.846,
          -19.8125,
          596.8
        ]
      }
    },
    {
      "type": "Feature",
      "id": "terrain-r30-c08",
      "properties": {
        "terrain_grid_id": "rey-county-semantic-terrain-v1",
        "terrain_grid_column": 8,
        "terrain_grid_row": 30,
        "terrain_grid_columns": 41,
        "terrain_grid_rows": 41,
        "terrain_grid_validity": "valid",
        "material": "vegetation",
        "landform": "mining-ridge"
      },
      "geometry": {
        "type": "Point",
        "coordinates": [
          -159.824,
          -19.8125,
          583.92
        ]
      }
    },
    {
      "type": "Feature",
      "id": "terrain-r30-c09",
      "properties": {
        "terrain_grid_id": "rey-county-semantic-terrain-v1",
        "terrain_grid_column": 9,
        "terrain_grid_row": 30,
        "terrain_grid_columns": 41,
        "terrain_grid_rows": 41,
        "terrain_grid_validity": "valid",
        "material": "vegetation",
        "landform": "mining-ridge"
      },
      "geometry": {
        "type": "Point",
        "coordinates": [
          -159.802,
          -19.8125,
          569.12
        ]
      }
    },
    {
      "type": "Feature",
      "id": "terrain-r30-c10",
      "properties": {
        "terrain_grid_id": "rey-county-semantic-terrain-v1",
        "terrain_grid_column": 10,
        "terrain_grid_row": 30,
        "terrain_grid_columns": 41,
        "terrain_grid_rows": 41,
        "terrain_grid_validity": "valid",
        "material": "vegetation",
        "landform": "mining-ridge"
      },
      "geometry": {
        "type": "Point",
        "coordinates": [
          -159.78,
          -19.8125,
          542.55
        ]
      }
    },
    {
      "type": "Feature",
      "id": "terrain-r30-c11",
      "properties": {
        "terrain_grid_id": "rey-county-semantic-terrain-v1",
        "terrain_grid_column": 11,
        "terrain_grid_row": 30,
        "terrain_grid_columns": 41,
        "terrain_grid_rows": 41,
        "terrain_grid_validity": "valid",
        "material": "vegetation",
        "landform": "mining-ridge"
      },
      "geometry": {
        "type": "Point",
        "coordinates": [
          -159.758,
          -19.8125,
          500.38
        ]
      }
    },
    {
      "type": "Feature",
      "id": "terrain-r30-c12",
      "properties": {
        "terrain_grid_id": "rey-county-semantic-terrain-v1",
        "terrain_grid_column": 12,
        "terrain_grid_row": 30,
        "terrain_grid_columns": 41,
        "terrain_grid_rows": 41,
        "terrain_grid_validity": "valid",
        "material": "vegetation",
        "landform": "runtime-basin"
      },
      "geometry": {
        "type": "Point",
        "coordinates": [
          -159.736,
          -19.8125,
          464.91
        ]
      }
    },
    {
      "type": "Feature",
      "id": "terrain-r30-c13",
      "properties": {
        "terrain_grid_id": "rey-county-semantic-terrain-v1",
        "terrain_grid_column": 13,
        "terrain_grid_row": 30,
        "terrain_grid_columns": 41,
        "terrain_grid_rows": 41,
        "terrain_grid_validity": "valid",
        "material": "vegetation",
        "landform": "runtime-basin"
      },
      "geometry": {
        "type": "Point",
        "coordinates": [
          -159.714,
          -19.8125,
          423.5
        ]
      }
    },
    {
      "type": "Feature",
      "id": "terrain-r30-c14",
      "properties": {
        "terrain_grid_id": "rey-county-semantic-terrain-v1",
        "terrain_grid_column": 14,
        "terrain_grid_row": 30,
        "terrain_grid_columns": 41,
        "terrain_grid_rows": 41,
        "terrain_grid_validity": "valid",
        "material": "vegetation",
        "landform": "runtime-basin"
      },
      "geometry": {
        "type": "Point",
        "coordinates": [
          -159.692,
          -19.8125,
          397.49
        ]
      }
    },
    {
      "type": "Feature",
      "id": "terrain-r30-c15",
      "properties": {
        "terrain_grid_id": "rey-county-semantic-terrain-v1",
        "terrain_grid_column": 15,
        "terrain_grid_row": 30,
        "terrain_grid_columns": 41,
        "terrain_grid_rows": 41,
        "terrain_grid_validity": "valid",
        "material": "vegetation",
        "landform": "runtime-basin"
      },
      "geometry": {
        "type": "Point",
        "coordinates": [
          -159.67,
          -19.8125,
          382.53
        ]
      }
    },
    {
      "type": "Feature",
      "id": "terrain-r30-c16",
      "properties": {
        "terrain_grid_id": "rey-county-semantic-terrain-v1",
        "terrain_grid_column": 16,
        "terrain_grid_row": 30,
        "terrain_grid_columns": 41,
        "terrain_grid_rows": 41,
        "terrain_grid_validity": "valid",
        "material": "vegetation",
        "landform": "runtime-basin"
      },
      "geometry": {
        "type": "Point",
        "coordinates": [
          -159.648,
          -19.8125,
          362.38
        ]
      }
    },
    {
      "type": "Feature",
      "id": "terrain-r30-c17",
      "properties": {
        "terrain_grid_id": "rey-county-semantic-terrain-v1",
        "terrain_grid_column": 17,
        "terrain_grid_row": 30,
        "terrain_grid_columns": 41,
        "terrain_grid_rows": 41,
        "terrain_grid_validity": "valid",
        "material": "vegetation",
        "landform": "runtime-basin"
      },
      "geometry": {
        "type": "Point",
        "coordinates": [
          -159.626,
          -19.8125,
          350.76
        ]
      }
    },
    {
      "type": "Feature",
      "id": "terrain-r30-c18",
      "properties": {
        "terrain_grid_id": "rey-county-semantic-terrain-v1",
        "terrain_grid_column": 18,
        "terrain_grid_row": 30,
        "terrain_grid_columns": 41,
        "terrain_grid_rows": 41,
        "terrain_grid_validity": "valid",
        "material": "vegetation",
        "landform": "runtime-basin"
      },
      "geometry": {
        "type": "Point",
        "coordinates": [
          -159.604,
          -19.8125,
          339.35
        ]
      }
    },
    {
      "type": "Feature",
      "id": "terrain-r30-c19",
      "properties": {
        "terrain_grid_id": "rey-county-semantic-terrain-v1",
        "terrain_grid_column": 19,
        "terrain_grid_row": 30,
        "terrain_grid_columns": 41,
        "terrain_grid_rows": 41,
        "terrain_grid_validity": "valid",
        "material": "soil",
        "landform": "runtime-basin"
      },
      "geometry": {
        "type": "Point",
        "coordinates": [
          -159.582,
          -19.8125,
          334.5
        ]
      }
    },
    {
      "type": "Feature",
      "id": "terrain-r30-c20",
      "properties": {
        "terrain_grid_id": "rey-county-semantic-terrain-v1",
        "terrain_grid_column": 20,
        "terrain_grid_row": 30,
        "terrain_grid_columns": 41,
        "terrain_grid_rows": 41,
        "terrain_grid_validity": "valid",
        "material": "vegetation",
        "landform": "runtime-basin"
      },
      "geometry": {
        "type": "Point",
        "coordinates": [
          -159.56,
          -19.8125,
          346.76
        ]
      }
    },
    {
      "type": "Feature",
      "id": "terrain-r30-c21",
      "properties": {
        "terrain_grid_id": "rey-county-semantic-terrain-v1",
        "terrain_grid_column": 21,
        "terrain_grid_row": 30,
        "terrain_grid_columns": 41,
        "terrain_grid_rows": 41,
        "terrain_grid_validity": "valid",
        "material": "vegetation",
        "landform": "runtime-basin"
      },
      "geometry": {
        "type": "Point",
        "coordinates": [
          -159.538,
          -19.8125,
          372.36
        ]
      }
    },
    {
      "type": "Feature",
      "id": "terrain-r30-c22",
      "properties": {
        "terrain_grid_id": "rey-county-semantic-terrain-v1",
        "terrain_grid_column": 22,
        "terrain_grid_row": 30,
        "terrain_grid_columns": 41,
        "terrain_grid_rows": 41,
        "terrain_grid_validity": "valid",
        "material": "vegetation",
        "landform": "runtime-basin"
      },
      "geometry": {
        "type": "Point",
        "coordinates": [
          -159.516,
          -19.8125,
          389.94
        ]
      }
    },
    {
      "type": "Feature",
      "id": "terrain-r30-c23",
      "properties": {
        "terrain_grid_id": "rey-county-semantic-terrain-v1",
        "terrain_grid_column": 23,
        "terrain_grid_row": 30,
        "terrain_grid_columns": 41,
        "terrain_grid_rows": 41,
        "terrain_grid_validity": "valid",
        "material": "vegetation",
        "landform": "runtime-basin"
      },
      "geometry": {
        "type": "Point",
        "coordinates": [
          -159.494,
          -19.8125,
          419.46
        ]
      }
    },
    {
      "type": "Feature",
      "id": "terrain-r30-c24",
      "properties": {
        "terrain_grid_id": "rey-county-semantic-terrain-v1",
        "terrain_grid_column": 24,
        "terrain_grid_row": 30,
        "terrain_grid_columns": 41,
        "terrain_grid_rows": 41,
        "terrain_grid_validity": "valid",
        "material": "vegetation",
        "landform": "proof-escarpment"
      },
      "geometry": {
        "type": "Point",
        "coordinates": [
          -159.472,
          -19.8125,
          428.3
        ]
      }
    },
    {
      "type": "Feature",
      "id": "terrain-r30-c25",
      "properties": {
        "terrain_grid_id": "rey-county-semantic-terrain-v1",
        "terrain_grid_column": 25,
        "terrain_grid_row": 30,
        "terrain_grid_columns": 41,
        "terrain_grid_rows": 41,
        "terrain_grid_validity": "valid",
        "material": "vegetation",
        "landform": "proof-escarpment"
      },
      "geometry": {
        "type": "Point",
        "coordinates": [
          -159.45,
          -19.8125,
          440.82
        ]
      }
    },
    {
      "type": "Feature",
      "id": "terrain-r30-c26",
      "properties": {
        "terrain_grid_id": "rey-county-semantic-terrain-v1",
        "terrain_grid_column": 26,
        "terrain_grid_row": 30,
        "terrain_grid_columns": 41,
        "terrain_grid_rows": 41,
        "terrain_grid_validity": "valid",
        "material": "sand",
        "landform": "proof-escarpment"
      },
      "geometry": {
        "type": "Point",
        "coordinates": [
          -159.428,
          -19.8125,
          415.65
        ]
      }
    },
    {
      "type": "Feature",
      "id": "terrain-r30-c27",
      "properties": {
        "terrain_grid_id": "rey-county-semantic-terrain-v1",
        "terrain_grid_column": 27,
        "terrain_grid_row": 30,
        "terrain_grid_columns": 41,
        "terrain_grid_rows": 41,
        "terrain_grid_validity": "valid",
        "material": "rock",
        "landform": "proof-escarpment"
      },
      "geometry": {
        "type": "Point",
        "coordinates": [
          -159.406,
          -19.8125,
          468.7
        ]
      }
    },
    {
      "type": "Feature",
      "id": "terrain-r30-c28",
      "properties": {
        "terrain_grid_id": "rey-county-semantic-terrain-v1",
        "terrain_grid_column": 28,
        "terrain_grid_row": 30,
        "terrain_grid_columns": 41,
        "terrain_grid_rows": 41,
        "terrain_grid_validity": "valid",
        "material": "rock",
        "landform": "proof-escarpment"
      },
      "geometry": {
        "type": "Point",
        "coordinates": [
          -159.384,
          -19.8125,
          510.57
        ]
      }
    },
    {
      "type": "Feature",
      "id": "terrain-r30-c29",
      "properties": {
        "terrain_grid_id": "rey-county-semantic-terrain-v1",
        "terrain_grid_column": 29,
        "terrain_grid_row": 30,
        "terrain_grid_columns": 41,
        "terrain_grid_rows": 41,
        "terrain_grid_validity": "valid",
        "material": "rock",
        "landform": "proof-escarpment"
      },
      "geometry": {
        "type": "Point",
        "coordinates": [
          -159.362,
          -19.8125,
          530.29
        ]
      }
    },
    {
      "type": "Feature",
      "id": "terrain-r30-c30",
      "properties": {
        "terrain_grid_id": "rey-county-semantic-terrain-v1",
        "terrain_grid_column": 30,
        "terrain_grid_row": 30,
        "terrain_grid_columns": 41,
        "terrain_grid_rows": 41,
        "terrain_grid_validity": "valid",
        "material": "vegetation",
        "landform": "proof-escarpment"
      },
      "geometry": {
        "type": "Point",
        "coordinates": [
          -159.34,
          -19.8125,
          523.92
        ]
      }
    },
    {
      "type": "Feature",
      "id": "terrain-r30-c31",
      "properties": {
        "terrain_grid_id": "rey-county-semantic-terrain-v1",
        "terrain_grid_column": 31,
        "terrain_grid_row": 30,
        "terrain_grid_columns": 41,
        "terrain_grid_rows": 41,
        "terrain_grid_validity": "valid",
        "material": "vegetation",
        "landform": "proof-escarpment"
      },
      "geometry": {
        "type": "Point",
        "coordinates": [
          -159.318,
          -19.8125,
          525.39
        ]
      }
    },
    {
      "type": "Feature",
      "id": "terrain-r30-c32",
      "properties": {
        "terrain_grid_id": "rey-county-semantic-terrain-v1",
        "terrain_grid_column": 32,
        "terrain_grid_row": 30,
        "terrain_grid_columns": 41,
        "terrain_grid_rows": 41,
        "terrain_grid_validity": "valid",
        "material": "vegetation",
        "landform": "proof-escarpment"
      },
      "geometry": {
        "type": "Point",
        "coordinates": [
          -159.296,
          -19.8125,
          527.99
        ]
      }
    },
    {
      "type": "Feature",
      "id": "terrain-r30-c33",
      "properties": {
        "terrain_grid_id": "rey-county-semantic-terrain-v1",
        "terrain_grid_column": 33,
        "terrain_grid_row": 30,
        "terrain_grid_columns": 41,
        "terrain_grid_rows": 41,
        "terrain_grid_validity": "valid",
        "material": "vegetation",
        "landform": "proof-escarpment"
      },
      "geometry": {
        "type": "Point",
        "coordinates": [
          -159.274,
          -19.8125,
          529.83
        ]
      }
    },
    {
      "type": "Feature",
      "id": "terrain-r30-c34",
      "properties": {
        "terrain_grid_id": "rey-county-semantic-terrain-v1",
        "terrain_grid_column": 34,
        "terrain_grid_row": 30,
        "terrain_grid_columns": 41,
        "terrain_grid_rows": 41,
        "terrain_grid_validity": "valid",
        "material": "vegetation",
        "landform": "proof-escarpment"
      },
      "geometry": {
        "type": "Point",
        "coordinates": [
          -159.252,
          -19.8125,
          541.32
        ]
      }
    },
    {
      "type": "Feature",
      "id": "terrain-r30-c35",
      "properties": {
        "terrain_grid_id": "rey-county-semantic-terrain-v1",
        "terrain_grid_column": 35,
        "terrain_grid_row": 30,
        "terrain_grid_columns": 41,
        "terrain_grid_rows": 41,
        "terrain_grid_validity": "no_data"
      },
      "geometry": {
        "type": "Point",
        "coordinates": [
          -159.23,
          -19.8125
        ]
      }
    },
    {
      "type": "Feature",
      "id": "terrain-r30-c36",
      "properties": {
        "terrain_grid_id": "rey-county-semantic-terrain-v1",
        "terrain_grid_column": 36,
        "terrain_grid_row": 30,
        "terrain_grid_columns": 41,
        "terrain_grid_rows": 41,
        "terrain_grid_validity": "no_data"
      },
      "geometry": {
        "type": "Point",
        "coordinates": [
          -159.208,
          -19.8125
        ]
      }
    },
    {
      "type": "Feature",
      "id": "terrain-r30-c37",
      "properties": {
        "terrain_grid_id": "rey-county-semantic-terrain-v1",
        "terrain_grid_column": 37,
        "terrain_grid_row": 30,
        "terrain_grid_columns": 41,
        "terrain_grid_rows": 41,
        "terrain_grid_validity": "no_data"
      },
      "geometry": {
        "type": "Point",
        "coordinates": [
          -159.186,
          -19.8125
        ]
      }
    },
    {
      "type": "Feature",
      "id": "terrain-r30-c38",
      "properties": {
        "terrain_grid_id": "rey-county-semantic-terrain-v1",
        "terrain_grid_column": 38,
        "terrain_grid_row": 30,
        "terrain_grid_columns": 41,
        "terrain_grid_rows": 41,
        "terrain_grid_validity": "no_data"
      },
      "geometry": {
        "type": "Point",
        "coordinates": [
          -159.164,
          -19.8125
        ]
      }
    },
    {
      "type": "Feature",
      "id": "terrain-r30-c39",
      "properties": {
        "terrain_grid_id": "rey-county-semantic-terrain-v1",
        "terrain_grid_column": 39,
        "terrain_grid_row": 30,
        "terrain_grid_columns": 41,
        "terrain_grid_rows": 41,
        "terrain_grid_validity": "no_data"
      },
      "geometry": {
        "type": "Point",
        "coordinates": [
          -159.142,
          -19.8125
        ]
      }
    },
    {
      "type": "Feature",
      "id": "terrain-r30-c40",
      "properties": {
        "terrain_grid_id": "rey-county-semantic-terrain-v1",
        "terrain_grid_column": 40,
        "terrain_grid_row": 30,
        "terrain_grid_columns": 41,
        "terrain_grid_rows": 41,
        "terrain_grid_validity": "no_data"
      },
      "geometry": {
        "type": "Point",
        "coordinates": [
          -159.12,
          -19.8125
        ]
      }
    },
    {
      "type": "Feature",
      "id": "terrain-r31-c00",
      "properties": {
        "terrain_grid_id": "rey-county-semantic-terrain-v1",
        "terrain_grid_column": 0,
        "terrain_grid_row": 31,
        "terrain_grid_columns": 41,
        "terrain_grid_rows": 41,
        "terrain_grid_validity": "no_data"
      },
      "geometry": {
        "type": "Point",
        "coordinates": [
          -160,
          -19.83125
        ]
      }
    },
    {
      "type": "Feature",
      "id": "terrain-r31-c01",
      "properties": {
        "terrain_grid_id": "rey-county-semantic-terrain-v1",
        "terrain_grid_column": 1,
        "terrain_grid_row": 31,
        "terrain_grid_columns": 41,
        "terrain_grid_rows": 41,
        "terrain_grid_validity": "valid",
        "material": "vegetation",
        "landform": "mining-ridge"
      },
      "geometry": {
        "type": "Point",
        "coordinates": [
          -159.978,
          -19.83125,
          561.14
        ]
      }
    },
    {
      "type": "Feature",
      "id": "terrain-r31-c02",
      "properties": {
        "terrain_grid_id": "rey-county-semantic-terrain-v1",
        "terrain_grid_column": 2,
        "terrain_grid_row": 31,
        "terrain_grid_columns": 41,
        "terrain_grid_rows": 41,
        "terrain_grid_validity": "valid",
        "material": "vegetation",
        "landform": "mining-ridge"
      },
      "geometry": {
        "type": "Point",
        "coordinates": [
          -159.956,
          -19.83125,
          585.74
        ]
      }
    },
    {
      "type": "Feature",
      "id": "terrain-r31-c03",
      "properties": {
        "terrain_grid_id": "rey-county-semantic-terrain-v1",
        "terrain_grid_column": 3,
        "terrain_grid_row": 31,
        "terrain_grid_columns": 41,
        "terrain_grid_rows": 41,
        "terrain_grid_validity": "valid",
        "material": "vegetation",
        "landform": "mining-ridge"
      },
      "geometry": {
        "type": "Point",
        "coordinates": [
          -159.934,
          -19.83125,
          600.67
        ]
      }
    },
    {
      "type": "Feature",
      "id": "terrain-r31-c04",
      "properties": {
        "terrain_grid_id": "rey-county-semantic-terrain-v1",
        "terrain_grid_column": 4,
        "terrain_grid_row": 31,
        "terrain_grid_columns": 41,
        "terrain_grid_rows": 41,
        "terrain_grid_validity": "valid",
        "material": "rock",
        "landform": "mining-ridge"
      },
      "geometry": {
        "type": "Point",
        "coordinates": [
          -159.912,
          -19.83125,
          619.33
        ]
      }
    },
    {
      "type": "Feature",
      "id": "terrain-r31-c05",
      "properties": {
        "terrain_grid_id": "rey-county-semantic-terrain-v1",
        "terrain_grid_column": 5,
        "terrain_grid_row": 31,
        "terrain_grid_columns": 41,
        "terrain_grid_rows": 41,
        "terrain_grid_validity": "valid",
        "material": "rock",
        "landform": "mining-ridge"
      },
      "geometry": {
        "type": "Point",
        "coordinates": [
          -159.89,
          -19.83125,
          619.51
        ]
      }
    },
    {
      "type": "Feature",
      "id": "terrain-r31-c06",
      "properties": {
        "terrain_grid_id": "rey-county-semantic-terrain-v1",
        "terrain_grid_column": 6,
        "terrain_grid_row": 31,
        "terrain_grid_columns": 41,
        "terrain_grid_rows": 41,
        "terrain_grid_validity": "valid",
        "material": "vegetation",
        "landform": "mining-ridge"
      },
      "geometry": {
        "type": "Point",
        "coordinates": [
          -159.868,
          -19.83125,
          606.14
        ]
      }
    },
    {
      "type": "Feature",
      "id": "terrain-r31-c07",
      "properties": {
        "terrain_grid_id": "rey-county-semantic-terrain-v1",
        "terrain_grid_column": 7,
        "terrain_grid_row": 31,
        "terrain_grid_columns": 41,
        "terrain_grid_rows": 41,
        "terrain_grid_validity": "valid",
        "material": "vegetation",
        "landform": "mining-ridge"
      },
      "geometry": {
        "type": "Point",
        "coordinates": [
          -159.846,
          -19.83125,
          595.65
        ]
      }
    },
    {
      "type": "Feature",
      "id": "terrain-r31-c08",
      "properties": {
        "terrain_grid_id": "rey-county-semantic-terrain-v1",
        "terrain_grid_column": 8,
        "terrain_grid_row": 31,
        "terrain_grid_columns": 41,
        "terrain_grid_rows": 41,
        "terrain_grid_validity": "valid",
        "material": "vegetation",
        "landform": "mining-ridge"
      },
      "geometry": {
        "type": "Point",
        "coordinates": [
          -159.824,
          -19.83125,
          578.06
        ]
      }
    },
    {
      "type": "Feature",
      "id": "terrain-r31-c09",
      "properties": {
        "terrain_grid_id": "rey-county-semantic-terrain-v1",
        "terrain_grid_column": 9,
        "terrain_grid_row": 31,
        "terrain_grid_columns": 41,
        "terrain_grid_rows": 41,
        "terrain_grid_validity": "valid",
        "material": "vegetation",
        "landform": "mining-ridge"
      },
      "geometry": {
        "type": "Point",
        "coordinates": [
          -159.802,
          -19.83125,
          559.75
        ]
      }
    },
    {
      "type": "Feature",
      "id": "terrain-r31-c10",
      "properties": {
        "terrain_grid_id": "rey-county-semantic-terrain-v1",
        "terrain_grid_column": 10,
        "terrain_grid_row": 31,
        "terrain_grid_columns": 41,
        "terrain_grid_rows": 41,
        "terrain_grid_validity": "valid",
        "material": "vegetation",
        "landform": "mining-ridge"
      },
      "geometry": {
        "type": "Point",
        "coordinates": [
          -159.78,
          -19.83125,
          538.69
        ]
      }
    },
    {
      "type": "Feature",
      "id": "terrain-r31-c11",
      "properties": {
        "terrain_grid_id": "rey-county-semantic-terrain-v1",
        "terrain_grid_column": 11,
        "terrain_grid_row": 31,
        "terrain_grid_columns": 41,
        "terrain_grid_rows": 41,
        "terrain_grid_validity": "valid",
        "material": "vegetation",
        "landform": "mining-ridge"
      },
      "geometry": {
        "type": "Point",
        "coordinates": [
          -159.758,
          -19.83125,
          503.29
        ]
      }
    },
    {
      "type": "Feature",
      "id": "terrain-r31-c12",
      "properties": {
        "terrain_grid_id": "rey-county-semantic-terrain-v1",
        "terrain_grid_column": 12,
        "terrain_grid_row": 31,
        "terrain_grid_columns": 41,
        "terrain_grid_rows": 41,
        "terrain_grid_validity": "valid",
        "material": "vegetation",
        "landform": "runtime-basin"
      },
      "geometry": {
        "type": "Point",
        "coordinates": [
          -159.736,
          -19.83125,
          461.68
        ]
      }
    },
    {
      "type": "Feature",
      "id": "terrain-r31-c13",
      "properties": {
        "terrain_grid_id": "rey-county-semantic-terrain-v1",
        "terrain_grid_column": 13,
        "terrain_grid_row": 31,
        "terrain_grid_columns": 41,
        "terrain_grid_rows": 41,
        "terrain_grid_validity": "valid",
        "material": "vegetation",
        "landform": "runtime-basin"
      },
      "geometry": {
        "type": "Point",
        "coordinates": [
          -159.714,
          -19.83125,
          432.42
        ]
      }
    },
    {
      "type": "Feature",
      "id": "terrain-r31-c14",
      "properties": {
        "terrain_grid_id": "rey-county-semantic-terrain-v1",
        "terrain_grid_column": 14,
        "terrain_grid_row": 31,
        "terrain_grid_columns": 41,
        "terrain_grid_rows": 41,
        "terrain_grid_validity": "valid",
        "material": "vegetation",
        "landform": "runtime-basin"
      },
      "geometry": {
        "type": "Point",
        "coordinates": [
          -159.692,
          -19.83125,
          400.02
        ]
      }
    },
    {
      "type": "Feature",
      "id": "terrain-r31-c15",
      "properties": {
        "terrain_grid_id": "rey-county-semantic-terrain-v1",
        "terrain_grid_column": 15,
        "terrain_grid_row": 31,
        "terrain_grid_columns": 41,
        "terrain_grid_rows": 41,
        "terrain_grid_validity": "valid",
        "material": "vegetation",
        "landform": "runtime-basin"
      },
      "geometry": {
        "type": "Point",
        "coordinates": [
          -159.67,
          -19.83125,
          390.6
        ]
      }
    },
    {
      "type": "Feature",
      "id": "terrain-r31-c16",
      "properties": {
        "terrain_grid_id": "rey-county-semantic-terrain-v1",
        "terrain_grid_column": 16,
        "terrain_grid_row": 31,
        "terrain_grid_columns": 41,
        "terrain_grid_rows": 41,
        "terrain_grid_validity": "valid",
        "material": "vegetation",
        "landform": "runtime-basin"
      },
      "geometry": {
        "type": "Point",
        "coordinates": [
          -159.648,
          -19.83125,
          381.67
        ]
      }
    },
    {
      "type": "Feature",
      "id": "terrain-r31-c17",
      "properties": {
        "terrain_grid_id": "rey-county-semantic-terrain-v1",
        "terrain_grid_column": 17,
        "terrain_grid_row": 31,
        "terrain_grid_columns": 41,
        "terrain_grid_rows": 41,
        "terrain_grid_validity": "valid",
        "material": "vegetation",
        "landform": "runtime-basin"
      },
      "geometry": {
        "type": "Point",
        "coordinates": [
          -159.626,
          -19.83125,
          373.8
        ]
      }
    },
    {
      "type": "Feature",
      "id": "terrain-r31-c18",
      "properties": {
        "terrain_grid_id": "rey-county-semantic-terrain-v1",
        "terrain_grid_column": 18,
        "terrain_grid_row": 31,
        "terrain_grid_columns": 41,
        "terrain_grid_rows": 41,
        "terrain_grid_validity": "valid",
        "material": "vegetation",
        "landform": "runtime-basin"
      },
      "geometry": {
        "type": "Point",
        "coordinates": [
          -159.604,
          -19.83125,
          368.17
        ]
      }
    },
    {
      "type": "Feature",
      "id": "terrain-r31-c19",
      "properties": {
        "terrain_grid_id": "rey-county-semantic-terrain-v1",
        "terrain_grid_column": 19,
        "terrain_grid_row": 31,
        "terrain_grid_columns": 41,
        "terrain_grid_rows": 41,
        "terrain_grid_validity": "valid",
        "material": "vegetation",
        "landform": "runtime-basin"
      },
      "geometry": {
        "type": "Point",
        "coordinates": [
          -159.582,
          -19.83125,
          370.56
        ]
      }
    },
    {
      "type": "Feature",
      "id": "terrain-r31-c20",
      "properties": {
        "terrain_grid_id": "rey-county-semantic-terrain-v1",
        "terrain_grid_column": 20,
        "terrain_grid_row": 31,
        "terrain_grid_columns": 41,
        "terrain_grid_rows": 41,
        "terrain_grid_validity": "valid",
        "material": "vegetation",
        "landform": "runtime-basin"
      },
      "geometry": {
        "type": "Point",
        "coordinates": [
          -159.56,
          -19.83125,
          373.91
        ]
      }
    },
    {
      "type": "Feature",
      "id": "terrain-r31-c21",
      "properties": {
        "terrain_grid_id": "rey-county-semantic-terrain-v1",
        "terrain_grid_column": 21,
        "terrain_grid_row": 31,
        "terrain_grid_columns": 41,
        "terrain_grid_rows": 41,
        "terrain_grid_validity": "valid",
        "material": "vegetation",
        "landform": "runtime-basin"
      },
      "geometry": {
        "type": "Point",
        "coordinates": [
          -159.538,
          -19.83125,
          401.95
        ]
      }
    },
    {
      "type": "Feature",
      "id": "terrain-r31-c22",
      "properties": {
        "terrain_grid_id": "rey-county-semantic-terrain-v1",
        "terrain_grid_column": 22,
        "terrain_grid_row": 31,
        "terrain_grid_columns": 41,
        "terrain_grid_rows": 41,
        "terrain_grid_validity": "valid",
        "material": "vegetation",
        "landform": "runtime-basin"
      },
      "geometry": {
        "type": "Point",
        "coordinates": [
          -159.516,
          -19.83125,
          422.8
        ]
      }
    },
    {
      "type": "Feature",
      "id": "terrain-r31-c23",
      "properties": {
        "terrain_grid_id": "rey-county-semantic-terrain-v1",
        "terrain_grid_column": 23,
        "terrain_grid_row": 31,
        "terrain_grid_columns": 41,
        "terrain_grid_rows": 41,
        "terrain_grid_validity": "valid",
        "material": "vegetation",
        "landform": "proof-escarpment"
      },
      "geometry": {
        "type": "Point",
        "coordinates": [
          -159.494,
          -19.83125,
          442.03
        ]
      }
    },
    {
      "type": "Feature",
      "id": "terrain-r31-c24",
      "properties": {
        "terrain_grid_id": "rey-county-semantic-terrain-v1",
        "terrain_grid_column": 24,
        "terrain_grid_row": 31,
        "terrain_grid_columns": 41,
        "terrain_grid_rows": 41,
        "terrain_grid_validity": "valid",
        "material": "vegetation",
        "landform": "proof-escarpment"
      },
      "geometry": {
        "type": "Point",
        "coordinates": [
          -159.472,
          -19.83125,
          458.62
        ]
      }
    },
    {
      "type": "Feature",
      "id": "terrain-r31-c25",
      "properties": {
        "terrain_grid_id": "rey-county-semantic-terrain-v1",
        "terrain_grid_column": 25,
        "terrain_grid_row": 31,
        "terrain_grid_columns": 41,
        "terrain_grid_rows": 41,
        "terrain_grid_validity": "valid",
        "material": "vegetation",
        "landform": "proof-escarpment"
      },
      "geometry": {
        "type": "Point",
        "coordinates": [
          -159.45,
          -19.83125,
          457.35
        ]
      }
    },
    {
      "type": "Feature",
      "id": "terrain-r31-c26",
      "properties": {
        "terrain_grid_id": "rey-county-semantic-terrain-v1",
        "terrain_grid_column": 26,
        "terrain_grid_row": 31,
        "terrain_grid_columns": 41,
        "terrain_grid_rows": 41,
        "terrain_grid_validity": "valid",
        "material": "sand",
        "landform": "proof-escarpment"
      },
      "geometry": {
        "type": "Point",
        "coordinates": [
          -159.428,
          -19.83125,
          419.26
        ]
      }
    },
    {
      "type": "Feature",
      "id": "terrain-r31-c27",
      "properties": {
        "terrain_grid_id": "rey-county-semantic-terrain-v1",
        "terrain_grid_column": 27,
        "terrain_grid_row": 31,
        "terrain_grid_columns": 41,
        "terrain_grid_rows": 41,
        "terrain_grid_validity": "valid",
        "material": "rock",
        "landform": "proof-escarpment"
      },
      "geometry": {
        "type": "Point",
        "coordinates": [
          -159.406,
          -19.83125,
          476.33
        ]
      }
    },
    {
      "type": "Feature",
      "id": "terrain-r31-c28",
      "properties": {
        "terrain_grid_id": "rey-county-semantic-terrain-v1",
        "terrain_grid_column": 28,
        "terrain_grid_row": 31,
        "terrain_grid_columns": 41,
        "terrain_grid_rows": 41,
        "terrain_grid_validity": "valid",
        "material": "vegetation",
        "landform": "proof-escarpment"
      },
      "geometry": {
        "type": "Point",
        "coordinates": [
          -159.384,
          -19.83125,
          510.48
        ]
      }
    },
    {
      "type": "Feature",
      "id": "terrain-r31-c29",
      "properties": {
        "terrain_grid_id": "rey-county-semantic-terrain-v1",
        "terrain_grid_column": 29,
        "terrain_grid_row": 31,
        "terrain_grid_columns": 41,
        "terrain_grid_rows": 41,
        "terrain_grid_validity": "valid",
        "material": "vegetation",
        "landform": "proof-escarpment"
      },
      "geometry": {
        "type": "Point",
        "coordinates": [
          -159.362,
          -19.83125,
          524.19
        ]
      }
    },
    {
      "type": "Feature",
      "id": "terrain-r31-c30",
      "properties": {
        "terrain_grid_id": "rey-county-semantic-terrain-v1",
        "terrain_grid_column": 30,
        "terrain_grid_row": 31,
        "terrain_grid_columns": 41,
        "terrain_grid_rows": 41,
        "terrain_grid_validity": "valid",
        "material": "vegetation",
        "landform": "proof-escarpment"
      },
      "geometry": {
        "type": "Point",
        "coordinates": [
          -159.34,
          -19.83125,
          531.76
        ]
      }
    },
    {
      "type": "Feature",
      "id": "terrain-r31-c31",
      "properties": {
        "terrain_grid_id": "rey-county-semantic-terrain-v1",
        "terrain_grid_column": 31,
        "terrain_grid_row": 31,
        "terrain_grid_columns": 41,
        "terrain_grid_rows": 41,
        "terrain_grid_validity": "valid",
        "material": "vegetation",
        "landform": "proof-escarpment"
      },
      "geometry": {
        "type": "Point",
        "coordinates": [
          -159.318,
          -19.83125,
          520.19
        ]
      }
    },
    {
      "type": "Feature",
      "id": "terrain-r31-c32",
      "properties": {
        "terrain_grid_id": "rey-county-semantic-terrain-v1",
        "terrain_grid_column": 32,
        "terrain_grid_row": 31,
        "terrain_grid_columns": 41,
        "terrain_grid_rows": 41,
        "terrain_grid_validity": "valid",
        "material": "vegetation",
        "landform": "proof-escarpment"
      },
      "geometry": {
        "type": "Point",
        "coordinates": [
          -159.296,
          -19.83125,
          525.54
        ]
      }
    },
    {
      "type": "Feature",
      "id": "terrain-r31-c33",
      "properties": {
        "terrain_grid_id": "rey-county-semantic-terrain-v1",
        "terrain_grid_column": 33,
        "terrain_grid_row": 31,
        "terrain_grid_columns": 41,
        "terrain_grid_rows": 41,
        "terrain_grid_validity": "valid",
        "material": "vegetation",
        "landform": "proof-escarpment"
      },
      "geometry": {
        "type": "Point",
        "coordinates": [
          -159.274,
          -19.83125,
          525.39
        ]
      }
    },
    {
      "type": "Feature",
      "id": "terrain-r31-c34",
      "properties": {
        "terrain_grid_id": "rey-county-semantic-terrain-v1",
        "terrain_grid_column": 34,
        "terrain_grid_row": 31,
        "terrain_grid_columns": 41,
        "terrain_grid_rows": 41,
        "terrain_grid_validity": "valid",
        "material": "vegetation",
        "landform": "proof-escarpment"
      },
      "geometry": {
        "type": "Point",
        "coordinates": [
          -159.252,
          -19.83125,
          529.9
        ]
      }
    },
    {
      "type": "Feature",
      "id": "terrain-r31-c35",
      "properties": {
        "terrain_grid_id": "rey-county-semantic-terrain-v1",
        "terrain_grid_column": 35,
        "terrain_grid_row": 31,
        "terrain_grid_columns": 41,
        "terrain_grid_rows": 41,
        "terrain_grid_validity": "no_data"
      },
      "geometry": {
        "type": "Point",
        "coordinates": [
          -159.23,
          -19.83125
        ]
      }
    },
    {
      "type": "Feature",
      "id": "terrain-r31-c36",
      "properties": {
        "terrain_grid_id": "rey-county-semantic-terrain-v1",
        "terrain_grid_column": 36,
        "terrain_grid_row": 31,
        "terrain_grid_columns": 41,
        "terrain_grid_rows": 41,
        "terrain_grid_validity": "no_data"
      },
      "geometry": {
        "type": "Point",
        "coordinates": [
          -159.208,
          -19.83125
        ]
      }
    },
    {
      "type": "Feature",
      "id": "terrain-r31-c37",
      "properties": {
        "terrain_grid_id": "rey-county-semantic-terrain-v1",
        "terrain_grid_column": 37,
        "terrain_grid_row": 31,
        "terrain_grid_columns": 41,
        "terrain_grid_rows": 41,
        "terrain_grid_validity": "no_data"
      },
      "geometry": {
        "type": "Point",
        "coordinates": [
          -159.186,
          -19.83125
        ]
      }
    },
    {
      "type": "Feature",
      "id": "terrain-r31-c38",
      "properties": {
        "terrain_grid_id": "rey-county-semantic-terrain-v1",
        "terrain_grid_column": 38,
        "terrain_grid_row": 31,
        "terrain_grid_columns": 41,
        "terrain_grid_rows": 41,
        "terrain_grid_validity": "no_data"
      },
      "geometry": {
        "type": "Point",
        "coordinates": [
          -159.164,
          -19.83125
        ]
      }
    },
    {
      "type": "Feature",
      "id": "terrain-r31-c39",
      "properties": {
        "terrain_grid_id": "rey-county-semantic-terrain-v1",
        "terrain_grid_column": 39,
        "terrain_grid_row": 31,
        "terrain_grid_columns": 41,
        "terrain_grid_rows": 41,
        "terrain_grid_validity": "no_data"
      },
      "geometry": {
        "type": "Point",
        "coordinates": [
          -159.142,
          -19.83125
        ]
      }
    },
    {
      "type": "Feature",
      "id": "terrain-r31-c40",
      "properties": {
        "terrain_grid_id": "rey-county-semantic-terrain-v1",
        "terrain_grid_column": 40,
        "terrain_grid_row": 31,
        "terrain_grid_columns": 41,
        "terrain_grid_rows": 41,
        "terrain_grid_validity": "no_data"
      },
      "geometry": {
        "type": "Point",
        "coordinates": [
          -159.12,
          -19.83125
        ]
      }
    },
    {
      "type": "Feature",
      "id": "terrain-r32-c00",
      "properties": {
        "terrain_grid_id": "rey-county-semantic-terrain-v1",
        "terrain_grid_column": 0,
        "terrain_grid_row": 32,
        "terrain_grid_columns": 41,
        "terrain_grid_rows": 41,
        "terrain_grid_validity": "no_data"
      },
      "geometry": {
        "type": "Point",
        "coordinates": [
          -160,
          -19.85
        ]
      }
    },
    {
      "type": "Feature",
      "id": "terrain-r32-c01",
      "properties": {
        "terrain_grid_id": "rey-county-semantic-terrain-v1",
        "terrain_grid_column": 1,
        "terrain_grid_row": 32,
        "terrain_grid_columns": 41,
        "terrain_grid_rows": 41,
        "terrain_grid_validity": "valid",
        "material": "vegetation",
        "landform": "mining-ridge"
      },
      "geometry": {
        "type": "Point",
        "coordinates": [
          -159.978,
          -19.85,
          555.53
        ]
      }
    },
    {
      "type": "Feature",
      "id": "terrain-r32-c02",
      "properties": {
        "terrain_grid_id": "rey-county-semantic-terrain-v1",
        "terrain_grid_column": 2,
        "terrain_grid_row": 32,
        "terrain_grid_columns": 41,
        "terrain_grid_rows": 41,
        "terrain_grid_validity": "valid",
        "material": "vegetation",
        "landform": "mining-ridge"
      },
      "geometry": {
        "type": "Point",
        "coordinates": [
          -159.956,
          -19.85,
          575.77
        ]
      }
    },
    {
      "type": "Feature",
      "id": "terrain-r32-c03",
      "properties": {
        "terrain_grid_id": "rey-county-semantic-terrain-v1",
        "terrain_grid_column": 3,
        "terrain_grid_row": 32,
        "terrain_grid_columns": 41,
        "terrain_grid_rows": 41,
        "terrain_grid_validity": "valid",
        "material": "vegetation",
        "landform": "mining-ridge"
      },
      "geometry": {
        "type": "Point",
        "coordinates": [
          -159.934,
          -19.85,
          598.31
        ]
      }
    },
    {
      "type": "Feature",
      "id": "terrain-r32-c04",
      "properties": {
        "terrain_grid_id": "rey-county-semantic-terrain-v1",
        "terrain_grid_column": 4,
        "terrain_grid_row": 32,
        "terrain_grid_columns": 41,
        "terrain_grid_rows": 41,
        "terrain_grid_validity": "valid",
        "material": "vegetation",
        "landform": "mining-ridge"
      },
      "geometry": {
        "type": "Point",
        "coordinates": [
          -159.912,
          -19.85,
          607.77
        ]
      }
    },
    {
      "type": "Feature",
      "id": "terrain-r32-c05",
      "properties": {
        "terrain_grid_id": "rey-county-semantic-terrain-v1",
        "terrain_grid_column": 5,
        "terrain_grid_row": 32,
        "terrain_grid_columns": 41,
        "terrain_grid_rows": 41,
        "terrain_grid_validity": "valid",
        "material": "rock",
        "landform": "mining-ridge"
      },
      "geometry": {
        "type": "Point",
        "coordinates": [
          -159.89,
          -19.85,
          617.44
        ]
      }
    },
    {
      "type": "Feature",
      "id": "terrain-r32-c06",
      "properties": {
        "terrain_grid_id": "rey-county-semantic-terrain-v1",
        "terrain_grid_column": 6,
        "terrain_grid_row": 32,
        "terrain_grid_columns": 41,
        "terrain_grid_rows": 41,
        "terrain_grid_validity": "valid",
        "material": "vegetation",
        "landform": "mining-ridge"
      },
      "geometry": {
        "type": "Point",
        "coordinates": [
          -159.868,
          -19.85,
          602.44
        ]
      }
    },
    {
      "type": "Feature",
      "id": "terrain-r32-c07",
      "properties": {
        "terrain_grid_id": "rey-county-semantic-terrain-v1",
        "terrain_grid_column": 7,
        "terrain_grid_row": 32,
        "terrain_grid_columns": 41,
        "terrain_grid_rows": 41,
        "terrain_grid_validity": "valid",
        "material": "vegetation",
        "landform": "mining-ridge"
      },
      "geometry": {
        "type": "Point",
        "coordinates": [
          -159.846,
          -19.85,
          584.85
        ]
      }
    },
    {
      "type": "Feature",
      "id": "terrain-r32-c08",
      "properties": {
        "terrain_grid_id": "rey-county-semantic-terrain-v1",
        "terrain_grid_column": 8,
        "terrain_grid_row": 32,
        "terrain_grid_columns": 41,
        "terrain_grid_rows": 41,
        "terrain_grid_validity": "valid",
        "material": "vegetation",
        "landform": "mining-ridge"
      },
      "geometry": {
        "type": "Point",
        "coordinates": [
          -159.824,
          -19.85,
          566.89
        ]
      }
    },
    {
      "type": "Feature",
      "id": "terrain-r32-c09",
      "properties": {
        "terrain_grid_id": "rey-county-semantic-terrain-v1",
        "terrain_grid_column": 9,
        "terrain_grid_row": 32,
        "terrain_grid_columns": 41,
        "terrain_grid_rows": 41,
        "terrain_grid_validity": "valid",
        "material": "vegetation",
        "landform": "mining-ridge"
      },
      "geometry": {
        "type": "Point",
        "coordinates": [
          -159.802,
          -19.85,
          548.37
        ]
      }
    },
    {
      "type": "Feature",
      "id": "terrain-r32-c10",
      "properties": {
        "terrain_grid_id": "rey-county-semantic-terrain-v1",
        "terrain_grid_column": 10,
        "terrain_grid_row": 32,
        "terrain_grid_columns": 41,
        "terrain_grid_rows": 41,
        "terrain_grid_validity": "valid",
        "material": "vegetation",
        "landform": "mining-ridge"
      },
      "geometry": {
        "type": "Point",
        "coordinates": [
          -159.78,
          -19.85,
          523.78
        ]
      }
    },
    {
      "type": "Feature",
      "id": "terrain-r32-c11",
      "properties": {
        "terrain_grid_id": "rey-county-semantic-terrain-v1",
        "terrain_grid_column": 11,
        "terrain_grid_row": 32,
        "terrain_grid_columns": 41,
        "terrain_grid_rows": 41,
        "terrain_grid_validity": "valid",
        "material": "vegetation",
        "landform": "mining-ridge"
      },
      "geometry": {
        "type": "Point",
        "coordinates": [
          -159.758,
          -19.85,
          502.77
        ]
      }
    },
    {
      "type": "Feature",
      "id": "terrain-r32-c12",
      "properties": {
        "terrain_grid_id": "rey-county-semantic-terrain-v1",
        "terrain_grid_column": 12,
        "terrain_grid_row": 32,
        "terrain_grid_columns": 41,
        "terrain_grid_rows": 41,
        "terrain_grid_validity": "valid",
        "material": "vegetation",
        "landform": "runtime-basin"
      },
      "geometry": {
        "type": "Point",
        "coordinates": [
          -159.736,
          -19.85,
          463.13
        ]
      }
    },
    {
      "type": "Feature",
      "id": "terrain-r32-c13",
      "properties": {
        "terrain_grid_id": "rey-county-semantic-terrain-v1",
        "terrain_grid_column": 13,
        "terrain_grid_row": 32,
        "terrain_grid_columns": 41,
        "terrain_grid_rows": 41,
        "terrain_grid_validity": "valid",
        "material": "vegetation",
        "landform": "runtime-basin"
      },
      "geometry": {
        "type": "Point",
        "coordinates": [
          -159.714,
          -19.85,
          435.61
        ]
      }
    },
    {
      "type": "Feature",
      "id": "terrain-r32-c14",
      "properties": {
        "terrain_grid_id": "rey-county-semantic-terrain-v1",
        "terrain_grid_column": 14,
        "terrain_grid_row": 32,
        "terrain_grid_columns": 41,
        "terrain_grid_rows": 41,
        "terrain_grid_validity": "valid",
        "material": "vegetation",
        "landform": "runtime-basin"
      },
      "geometry": {
        "type": "Point",
        "coordinates": [
          -159.692,
          -19.85,
          413.72
        ]
      }
    },
    {
      "type": "Feature",
      "id": "terrain-r32-c15",
      "properties": {
        "terrain_grid_id": "rey-county-semantic-terrain-v1",
        "terrain_grid_column": 15,
        "terrain_grid_row": 32,
        "terrain_grid_columns": 41,
        "terrain_grid_rows": 41,
        "terrain_grid_validity": "valid",
        "material": "vegetation",
        "landform": "runtime-basin"
      },
      "geometry": {
        "type": "Point",
        "coordinates": [
          -159.67,
          -19.85,
          400.25
        ]
      }
    },
    {
      "type": "Feature",
      "id": "terrain-r32-c16",
      "properties": {
        "terrain_grid_id": "rey-county-semantic-terrain-v1",
        "terrain_grid_column": 16,
        "terrain_grid_row": 32,
        "terrain_grid_columns": 41,
        "terrain_grid_rows": 41,
        "terrain_grid_validity": "valid",
        "material": "vegetation",
        "landform": "runtime-basin"
      },
      "geometry": {
        "type": "Point",
        "coordinates": [
          -159.648,
          -19.85,
          400.4
        ]
      }
    },
    {
      "type": "Feature",
      "id": "terrain-r32-c17",
      "properties": {
        "terrain_grid_id": "rey-county-semantic-terrain-v1",
        "terrain_grid_column": 17,
        "terrain_grid_row": 32,
        "terrain_grid_columns": 41,
        "terrain_grid_rows": 41,
        "terrain_grid_validity": "valid",
        "material": "vegetation",
        "landform": "runtime-basin"
      },
      "geometry": {
        "type": "Point",
        "coordinates": [
          -159.626,
          -19.85,
          400.93
        ]
      }
    },
    {
      "type": "Feature",
      "id": "terrain-r32-c18",
      "properties": {
        "terrain_grid_id": "rey-county-semantic-terrain-v1",
        "terrain_grid_column": 18,
        "terrain_grid_row": 32,
        "terrain_grid_columns": 41,
        "terrain_grid_rows": 41,
        "terrain_grid_validity": "valid",
        "material": "vegetation",
        "landform": "runtime-basin"
      },
      "geometry": {
        "type": "Point",
        "coordinates": [
          -159.604,
          -19.85,
          395.79
        ]
      }
    },
    {
      "type": "Feature",
      "id": "terrain-r32-c19",
      "properties": {
        "terrain_grid_id": "rey-county-semantic-terrain-v1",
        "terrain_grid_column": 19,
        "terrain_grid_row": 32,
        "terrain_grid_columns": 41,
        "terrain_grid_rows": 41,
        "terrain_grid_validity": "valid",
        "material": "vegetation",
        "landform": "runtime-basin"
      },
      "geometry": {
        "type": "Point",
        "coordinates": [
          -159.582,
          -19.85,
          398.69
        ]
      }
    },
    {
      "type": "Feature",
      "id": "terrain-r32-c20",
      "properties": {
        "terrain_grid_id": "rey-county-semantic-terrain-v1",
        "terrain_grid_column": 20,
        "terrain_grid_row": 32,
        "terrain_grid_columns": 41,
        "terrain_grid_rows": 41,
        "terrain_grid_validity": "valid",
        "material": "vegetation",
        "landform": "runtime-basin"
      },
      "geometry": {
        "type": "Point",
        "coordinates": [
          -159.56,
          -19.85,
          403.71
        ]
      }
    },
    {
      "type": "Feature",
      "id": "terrain-r32-c21",
      "properties": {
        "terrain_grid_id": "rey-county-semantic-terrain-v1",
        "terrain_grid_column": 21,
        "terrain_grid_row": 32,
        "terrain_grid_columns": 41,
        "terrain_grid_rows": 41,
        "terrain_grid_validity": "valid",
        "material": "vegetation",
        "landform": "proof-escarpment"
      },
      "geometry": {
        "type": "Point",
        "coordinates": [
          -159.538,
          -19.85,
          414.06
        ]
      }
    },
    {
      "type": "Feature",
      "id": "terrain-r32-c22",
      "properties": {
        "terrain_grid_id": "rey-county-semantic-terrain-v1",
        "terrain_grid_column": 22,
        "terrain_grid_row": 32,
        "terrain_grid_columns": 41,
        "terrain_grid_rows": 41,
        "terrain_grid_validity": "valid",
        "material": "vegetation",
        "landform": "proof-escarpment"
      },
      "geometry": {
        "type": "Point",
        "coordinates": [
          -159.516,
          -19.85,
          442.3
        ]
      }
    },
    {
      "type": "Feature",
      "id": "terrain-r32-c23",
      "properties": {
        "terrain_grid_id": "rey-county-semantic-terrain-v1",
        "terrain_grid_column": 23,
        "terrain_grid_row": 32,
        "terrain_grid_columns": 41,
        "terrain_grid_rows": 41,
        "terrain_grid_validity": "valid",
        "material": "vegetation",
        "landform": "proof-escarpment"
      },
      "geometry": {
        "type": "Point",
        "coordinates": [
          -159.494,
          -19.85,
          454.06
        ]
      }
    },
    {
      "type": "Feature",
      "id": "terrain-r32-c24",
      "properties": {
        "terrain_grid_id": "rey-county-semantic-terrain-v1",
        "terrain_grid_column": 24,
        "terrain_grid_row": 32,
        "terrain_grid_columns": 41,
        "terrain_grid_rows": 41,
        "terrain_grid_validity": "valid",
        "material": "vegetation",
        "landform": "proof-escarpment"
      },
      "geometry": {
        "type": "Point",
        "coordinates": [
          -159.472,
          -19.85,
          467.41
        ]
      }
    },
    {
      "type": "Feature",
      "id": "terrain-r32-c25",
      "properties": {
        "terrain_grid_id": "rey-county-semantic-terrain-v1",
        "terrain_grid_column": 25,
        "terrain_grid_row": 32,
        "terrain_grid_columns": 41,
        "terrain_grid_rows": 41,
        "terrain_grid_validity": "valid",
        "material": "vegetation",
        "landform": "proof-escarpment"
      },
      "geometry": {
        "type": "Point",
        "coordinates": [
          -159.45,
          -19.85,
          465.57
        ]
      }
    },
    {
      "type": "Feature",
      "id": "terrain-r32-c26",
      "properties": {
        "terrain_grid_id": "rey-county-semantic-terrain-v1",
        "terrain_grid_column": 26,
        "terrain_grid_row": 32,
        "terrain_grid_columns": 41,
        "terrain_grid_rows": 41,
        "terrain_grid_validity": "valid",
        "material": "sand",
        "landform": "proof-escarpment"
      },
      "geometry": {
        "type": "Point",
        "coordinates": [
          -159.428,
          -19.85,
          419.54
        ]
      }
    },
    {
      "type": "Feature",
      "id": "terrain-r32-c27",
      "properties": {
        "terrain_grid_id": "rey-county-semantic-terrain-v1",
        "terrain_grid_column": 27,
        "terrain_grid_row": 32,
        "terrain_grid_columns": 41,
        "terrain_grid_rows": 41,
        "terrain_grid_validity": "valid",
        "material": "vegetation",
        "landform": "proof-escarpment"
      },
      "geometry": {
        "type": "Point",
        "coordinates": [
          -159.406,
          -19.85,
          472.13
        ]
      }
    },
    {
      "type": "Feature",
      "id": "terrain-r32-c28",
      "properties": {
        "terrain_grid_id": "rey-county-semantic-terrain-v1",
        "terrain_grid_column": 28,
        "terrain_grid_row": 32,
        "terrain_grid_columns": 41,
        "terrain_grid_rows": 41,
        "terrain_grid_validity": "valid",
        "material": "vegetation",
        "landform": "proof-escarpment"
      },
      "geometry": {
        "type": "Point",
        "coordinates": [
          -159.384,
          -19.85,
          510.77
        ]
      }
    },
    {
      "type": "Feature",
      "id": "terrain-r32-c29",
      "properties": {
        "terrain_grid_id": "rey-county-semantic-terrain-v1",
        "terrain_grid_column": 29,
        "terrain_grid_row": 32,
        "terrain_grid_columns": 41,
        "terrain_grid_rows": 41,
        "terrain_grid_validity": "valid",
        "material": "vegetation",
        "landform": "proof-escarpment"
      },
      "geometry": {
        "type": "Point",
        "coordinates": [
          -159.362,
          -19.85,
          517.31
        ]
      }
    },
    {
      "type": "Feature",
      "id": "terrain-r32-c30",
      "properties": {
        "terrain_grid_id": "rey-county-semantic-terrain-v1",
        "terrain_grid_column": 30,
        "terrain_grid_row": 32,
        "terrain_grid_columns": 41,
        "terrain_grid_rows": 41,
        "terrain_grid_validity": "valid",
        "material": "vegetation",
        "landform": "proof-escarpment"
      },
      "geometry": {
        "type": "Point",
        "coordinates": [
          -159.34,
          -19.85,
          529.62
        ]
      }
    },
    {
      "type": "Feature",
      "id": "terrain-r32-c31",
      "properties": {
        "terrain_grid_id": "rey-county-semantic-terrain-v1",
        "terrain_grid_column": 31,
        "terrain_grid_row": 32,
        "terrain_grid_columns": 41,
        "terrain_grid_rows": 41,
        "terrain_grid_validity": "valid",
        "material": "vegetation",
        "landform": "proof-escarpment"
      },
      "geometry": {
        "type": "Point",
        "coordinates": [
          -159.318,
          -19.85,
          523.82
        ]
      }
    },
    {
      "type": "Feature",
      "id": "terrain-r32-c32",
      "properties": {
        "terrain_grid_id": "rey-county-semantic-terrain-v1",
        "terrain_grid_column": 32,
        "terrain_grid_row": 32,
        "terrain_grid_columns": 41,
        "terrain_grid_rows": 41,
        "terrain_grid_validity": "valid",
        "material": "vegetation",
        "landform": "proof-escarpment"
      },
      "geometry": {
        "type": "Point",
        "coordinates": [
          -159.296,
          -19.85,
          516.36
        ]
      }
    },
    {
      "type": "Feature",
      "id": "terrain-r32-c33",
      "properties": {
        "terrain_grid_id": "rey-county-semantic-terrain-v1",
        "terrain_grid_column": 33,
        "terrain_grid_row": 32,
        "terrain_grid_columns": 41,
        "terrain_grid_rows": 41,
        "terrain_grid_validity": "valid",
        "material": "vegetation",
        "landform": "proof-escarpment"
      },
      "geometry": {
        "type": "Point",
        "coordinates": [
          -159.274,
          -19.85,
          516.95
        ]
      }
    },
    {
      "type": "Feature",
      "id": "terrain-r32-c34",
      "properties": {
        "terrain_grid_id": "rey-county-semantic-terrain-v1",
        "terrain_grid_column": 34,
        "terrain_grid_row": 32,
        "terrain_grid_columns": 41,
        "terrain_grid_rows": 41,
        "terrain_grid_validity": "no_data"
      },
      "geometry": {
        "type": "Point",
        "coordinates": [
          -159.252,
          -19.85
        ]
      }
    },
    {
      "type": "Feature",
      "id": "terrain-r32-c35",
      "properties": {
        "terrain_grid_id": "rey-county-semantic-terrain-v1",
        "terrain_grid_column": 35,
        "terrain_grid_row": 32,
        "terrain_grid_columns": 41,
        "terrain_grid_rows": 41,
        "terrain_grid_validity": "no_data"
      },
      "geometry": {
        "type": "Point",
        "coordinates": [
          -159.23,
          -19.85
        ]
      }
    },
    {
      "type": "Feature",
      "id": "terrain-r32-c36",
      "properties": {
        "terrain_grid_id": "rey-county-semantic-terrain-v1",
        "terrain_grid_column": 36,
        "terrain_grid_row": 32,
        "terrain_grid_columns": 41,
        "terrain_grid_rows": 41,
        "terrain_grid_validity": "no_data"
      },
      "geometry": {
        "type": "Point",
        "coordinates": [
          -159.208,
          -19.85
        ]
      }
    },
    {
      "type": "Feature",
      "id": "terrain-r32-c37",
      "properties": {
        "terrain_grid_id": "rey-county-semantic-terrain-v1",
        "terrain_grid_column": 37,
        "terrain_grid_row": 32,
        "terrain_grid_columns": 41,
        "terrain_grid_rows": 41,
        "terrain_grid_validity": "no_data"
      },
      "geometry": {
        "type": "Point",
        "coordinates": [
          -159.186,
          -19.85
        ]
      }
    },
    {
      "type": "Feature",
      "id": "terrain-r32-c38",
      "properties": {
        "terrain_grid_id": "rey-county-semantic-terrain-v1",
        "terrain_grid_column": 38,
        "terrain_grid_row": 32,
        "terrain_grid_columns": 41,
        "terrain_grid_rows": 41,
        "terrain_grid_validity": "no_data"
      },
      "geometry": {
        "type": "Point",
        "coordinates": [
          -159.164,
          -19.85
        ]
      }
    },
    {
      "type": "Feature",
      "id": "terrain-r32-c39",
      "properties": {
        "terrain_grid_id": "rey-county-semantic-terrain-v1",
        "terrain_grid_column": 39,
        "terrain_grid_row": 32,
        "terrain_grid_columns": 41,
        "terrain_grid_rows": 41,
        "terrain_grid_validity": "no_data"
      },
      "geometry": {
        "type": "Point",
        "coordinates": [
          -159.142,
          -19.85
        ]
      }
    },
    {
      "type": "Feature",
      "id": "terrain-r32-c40",
      "properties": {
        "terrain_grid_id": "rey-county-semantic-terrain-v1",
        "terrain_grid_column": 40,
        "terrain_grid_row": 32,
        "terrain_grid_columns": 41,
        "terrain_grid_rows": 41,
        "terrain_grid_validity": "no_data"
      },
      "geometry": {
        "type": "Point",
        "coordinates": [
          -159.12,
          -19.85
        ]
      }
    },
    {
      "type": "Feature",
      "id": "terrain-r33-c00",
      "properties": {
        "terrain_grid_id": "rey-county-semantic-terrain-v1",
        "terrain_grid_column": 0,
        "terrain_grid_row": 33,
        "terrain_grid_columns": 41,
        "terrain_grid_rows": 41,
        "terrain_grid_validity": "no_data"
      },
      "geometry": {
        "type": "Point",
        "coordinates": [
          -160,
          -19.86875
        ]
      }
    },
    {
      "type": "Feature",
      "id": "terrain-r33-c01",
      "properties": {
        "terrain_grid_id": "rey-county-semantic-terrain-v1",
        "terrain_grid_column": 1,
        "terrain_grid_row": 33,
        "terrain_grid_columns": 41,
        "terrain_grid_rows": 41,
        "terrain_grid_validity": "valid",
        "material": "vegetation",
        "landform": "mining-ridge"
      },
      "geometry": {
        "type": "Point",
        "coordinates": [
          -159.978,
          -19.86875,
          556.16
        ]
      }
    },
    {
      "type": "Feature",
      "id": "terrain-r33-c02",
      "properties": {
        "terrain_grid_id": "rey-county-semantic-terrain-v1",
        "terrain_grid_column": 2,
        "terrain_grid_row": 33,
        "terrain_grid_columns": 41,
        "terrain_grid_rows": 41,
        "terrain_grid_validity": "valid",
        "material": "vegetation",
        "landform": "mining-ridge"
      },
      "geometry": {
        "type": "Point",
        "coordinates": [
          -159.956,
          -19.86875,
          565.62
        ]
      }
    },
    {
      "type": "Feature",
      "id": "terrain-r33-c03",
      "properties": {
        "terrain_grid_id": "rey-county-semantic-terrain-v1",
        "terrain_grid_column": 3,
        "terrain_grid_row": 33,
        "terrain_grid_columns": 41,
        "terrain_grid_rows": 41,
        "terrain_grid_validity": "valid",
        "material": "vegetation",
        "landform": "mining-ridge"
      },
      "geometry": {
        "type": "Point",
        "coordinates": [
          -159.934,
          -19.86875,
          588.34
        ]
      }
    },
    {
      "type": "Feature",
      "id": "terrain-r33-c04",
      "properties": {
        "terrain_grid_id": "rey-county-semantic-terrain-v1",
        "terrain_grid_column": 4,
        "terrain_grid_row": 33,
        "terrain_grid_columns": 41,
        "terrain_grid_rows": 41,
        "terrain_grid_validity": "valid",
        "material": "vegetation",
        "landform": "mining-ridge"
      },
      "geometry": {
        "type": "Point",
        "coordinates": [
          -159.912,
          -19.86875,
          598.08
        ]
      }
    },
    {
      "type": "Feature",
      "id": "terrain-r33-c05",
      "properties": {
        "terrain_grid_id": "rey-county-semantic-terrain-v1",
        "terrain_grid_column": 5,
        "terrain_grid_row": 33,
        "terrain_grid_columns": 41,
        "terrain_grid_rows": 41,
        "terrain_grid_validity": "valid",
        "material": "vegetation",
        "landform": "mining-ridge"
      },
      "geometry": {
        "type": "Point",
        "coordinates": [
          -159.89,
          -19.86875,
          600.9
        ]
      }
    },
    {
      "type": "Feature",
      "id": "terrain-r33-c06",
      "properties": {
        "terrain_grid_id": "rey-county-semantic-terrain-v1",
        "terrain_grid_column": 6,
        "terrain_grid_row": 33,
        "terrain_grid_columns": 41,
        "terrain_grid_rows": 41,
        "terrain_grid_validity": "valid",
        "material": "vegetation",
        "landform": "mining-ridge"
      },
      "geometry": {
        "type": "Point",
        "coordinates": [
          -159.868,
          -19.86875,
          593.04
        ]
      }
    },
    {
      "type": "Feature",
      "id": "terrain-r33-c07",
      "properties": {
        "terrain_grid_id": "rey-county-semantic-terrain-v1",
        "terrain_grid_column": 7,
        "terrain_grid_row": 33,
        "terrain_grid_columns": 41,
        "terrain_grid_rows": 41,
        "terrain_grid_validity": "valid",
        "material": "vegetation",
        "landform": "mining-ridge"
      },
      "geometry": {
        "type": "Point",
        "coordinates": [
          -159.846,
          -19.86875,
          571.77
        ]
      }
    },
    {
      "type": "Feature",
      "id": "terrain-r33-c08",
      "properties": {
        "terrain_grid_id": "rey-county-semantic-terrain-v1",
        "terrain_grid_column": 8,
        "terrain_grid_row": 33,
        "terrain_grid_columns": 41,
        "terrain_grid_rows": 41,
        "terrain_grid_validity": "no_data"
      },
      "geometry": {
        "type": "Point",
        "coordinates": [
          -159.824,
          -19.86875
        ]
      }
    },
    {
      "type": "Feature",
      "id": "terrain-r33-c09",
      "properties": {
        "terrain_grid_id": "rey-county-semantic-terrain-v1",
        "terrain_grid_column": 9,
        "terrain_grid_row": 33,
        "terrain_grid_columns": 41,
        "terrain_grid_rows": 41,
        "terrain_grid_validity": "no_data"
      },
      "geometry": {
        "type": "Point",
        "coordinates": [
          -159.802,
          -19.86875
        ]
      }
    },
    {
      "type": "Feature",
      "id": "terrain-r33-c10",
      "properties": {
        "terrain_grid_id": "rey-county-semantic-terrain-v1",
        "terrain_grid_column": 10,
        "terrain_grid_row": 33,
        "terrain_grid_columns": 41,
        "terrain_grid_rows": 41,
        "terrain_grid_validity": "no_data"
      },
      "geometry": {
        "type": "Point",
        "coordinates": [
          -159.78,
          -19.86875
        ]
      }
    },
    {
      "type": "Feature",
      "id": "terrain-r33-c11",
      "properties": {
        "terrain_grid_id": "rey-county-semantic-terrain-v1",
        "terrain_grid_column": 11,
        "terrain_grid_row": 33,
        "terrain_grid_columns": 41,
        "terrain_grid_rows": 41,
        "terrain_grid_validity": "no_data"
      },
      "geometry": {
        "type": "Point",
        "coordinates": [
          -159.758,
          -19.86875
        ]
      }
    },
    {
      "type": "Feature",
      "id": "terrain-r33-c12",
      "properties": {
        "terrain_grid_id": "rey-county-semantic-terrain-v1",
        "terrain_grid_column": 12,
        "terrain_grid_row": 33,
        "terrain_grid_columns": 41,
        "terrain_grid_rows": 41,
        "terrain_grid_validity": "valid",
        "material": "vegetation",
        "landform": "runtime-basin"
      },
      "geometry": {
        "type": "Point",
        "coordinates": [
          -159.736,
          -19.86875,
          473.39
        ]
      }
    },
    {
      "type": "Feature",
      "id": "terrain-r33-c13",
      "properties": {
        "terrain_grid_id": "rey-county-semantic-terrain-v1",
        "terrain_grid_column": 13,
        "terrain_grid_row": 33,
        "terrain_grid_columns": 41,
        "terrain_grid_rows": 41,
        "terrain_grid_validity": "valid",
        "material": "vegetation",
        "landform": "runtime-basin"
      },
      "geometry": {
        "type": "Point",
        "coordinates": [
          -159.714,
          -19.86875,
          441.99
        ]
      }
    },
    {
      "type": "Feature",
      "id": "terrain-r33-c14",
      "properties": {
        "terrain_grid_id": "rey-county-semantic-terrain-v1",
        "terrain_grid_column": 14,
        "terrain_grid_row": 33,
        "terrain_grid_columns": 41,
        "terrain_grid_rows": 41,
        "terrain_grid_validity": "valid",
        "material": "vegetation",
        "landform": "runtime-basin"
      },
      "geometry": {
        "type": "Point",
        "coordinates": [
          -159.692,
          -19.86875,
          427.04
        ]
      }
    },
    {
      "type": "Feature",
      "id": "terrain-r33-c15",
      "properties": {
        "terrain_grid_id": "rey-county-semantic-terrain-v1",
        "terrain_grid_column": 15,
        "terrain_grid_row": 33,
        "terrain_grid_columns": 41,
        "terrain_grid_rows": 41,
        "terrain_grid_validity": "valid",
        "material": "vegetation",
        "landform": "runtime-basin"
      },
      "geometry": {
        "type": "Point",
        "coordinates": [
          -159.67,
          -19.86875,
          415.73
        ]
      }
    },
    {
      "type": "Feature",
      "id": "terrain-r33-c16",
      "properties": {
        "terrain_grid_id": "rey-county-semantic-terrain-v1",
        "terrain_grid_column": 16,
        "terrain_grid_row": 33,
        "terrain_grid_columns": 41,
        "terrain_grid_rows": 41,
        "terrain_grid_validity": "valid",
        "material": "vegetation",
        "landform": "runtime-basin"
      },
      "geometry": {
        "type": "Point",
        "coordinates": [
          -159.648,
          -19.86875,
          414.23
        ]
      }
    },
    {
      "type": "Feature",
      "id": "terrain-r33-c17",
      "properties": {
        "terrain_grid_id": "rey-county-semantic-terrain-v1",
        "terrain_grid_column": 17,
        "terrain_grid_row": 33,
        "terrain_grid_columns": 41,
        "terrain_grid_rows": 41,
        "terrain_grid_validity": "valid",
        "material": "vegetation",
        "landform": "runtime-basin"
      },
      "geometry": {
        "type": "Point",
        "coordinates": [
          -159.626,
          -19.86875,
          417.96
        ]
      }
    },
    {
      "type": "Feature",
      "id": "terrain-r33-c18",
      "properties": {
        "terrain_grid_id": "rey-county-semantic-terrain-v1",
        "terrain_grid_column": 18,
        "terrain_grid_row": 33,
        "terrain_grid_columns": 41,
        "terrain_grid_rows": 41,
        "terrain_grid_validity": "valid",
        "material": "vegetation",
        "landform": "runtime-basin"
      },
      "geometry": {
        "type": "Point",
        "coordinates": [
          -159.604,
          -19.86875,
          419.88
        ]
      }
    },
    {
      "type": "Feature",
      "id": "terrain-r33-c19",
      "properties": {
        "terrain_grid_id": "rey-county-semantic-terrain-v1",
        "terrain_grid_column": 19,
        "terrain_grid_row": 33,
        "terrain_grid_columns": 41,
        "terrain_grid_rows": 41,
        "terrain_grid_validity": "valid",
        "material": "vegetation",
        "landform": "runtime-basin"
      },
      "geometry": {
        "type": "Point",
        "coordinates": [
          -159.582,
          -19.86875,
          412.13
        ]
      }
    },
    {
      "type": "Feature",
      "id": "terrain-r33-c20",
      "properties": {
        "terrain_grid_id": "rey-county-semantic-terrain-v1",
        "terrain_grid_column": 20,
        "terrain_grid_row": 33,
        "terrain_grid_columns": 41,
        "terrain_grid_rows": 41,
        "terrain_grid_validity": "valid",
        "material": "vegetation",
        "landform": "proof-escarpment"
      },
      "geometry": {
        "type": "Point",
        "coordinates": [
          -159.56,
          -19.86875,
          420.33
        ]
      }
    },
    {
      "type": "Feature",
      "id": "terrain-r33-c21",
      "properties": {
        "terrain_grid_id": "rey-county-semantic-terrain-v1",
        "terrain_grid_column": 21,
        "terrain_grid_row": 33,
        "terrain_grid_columns": 41,
        "terrain_grid_rows": 41,
        "terrain_grid_validity": "valid",
        "material": "vegetation",
        "landform": "proof-escarpment"
      },
      "geometry": {
        "type": "Point",
        "coordinates": [
          -159.538,
          -19.86875,
          421.91
        ]
      }
    },
    {
      "type": "Feature",
      "id": "terrain-r33-c22",
      "properties": {
        "terrain_grid_id": "rey-county-semantic-terrain-v1",
        "terrain_grid_column": 22,
        "terrain_grid_row": 33,
        "terrain_grid_columns": 41,
        "terrain_grid_rows": 41,
        "terrain_grid_validity": "valid",
        "material": "vegetation",
        "landform": "proof-escarpment"
      },
      "geometry": {
        "type": "Point",
        "coordinates": [
          -159.516,
          -19.86875,
          440.12
        ]
      }
    },
    {
      "type": "Feature",
      "id": "terrain-r33-c23",
      "properties": {
        "terrain_grid_id": "rey-county-semantic-terrain-v1",
        "terrain_grid_column": 23,
        "terrain_grid_row": 33,
        "terrain_grid_columns": 41,
        "terrain_grid_rows": 41,
        "terrain_grid_validity": "valid",
        "material": "vegetation",
        "landform": "proof-escarpment"
      },
      "geometry": {
        "type": "Point",
        "coordinates": [
          -159.494,
          -19.86875,
          459.2
        ]
      }
    },
    {
      "type": "Feature",
      "id": "terrain-r33-c24",
      "properties": {
        "terrain_grid_id": "rey-county-semantic-terrain-v1",
        "terrain_grid_column": 24,
        "terrain_grid_row": 33,
        "terrain_grid_columns": 41,
        "terrain_grid_rows": 41,
        "terrain_grid_validity": "valid",
        "material": "vegetation",
        "landform": "proof-escarpment"
      },
      "geometry": {
        "type": "Point",
        "coordinates": [
          -159.472,
          -19.86875,
          468.62
        ]
      }
    },
    {
      "type": "Feature",
      "id": "terrain-r33-c25",
      "properties": {
        "terrain_grid_id": "rey-county-semantic-terrain-v1",
        "terrain_grid_column": 25,
        "terrain_grid_row": 33,
        "terrain_grid_columns": 41,
        "terrain_grid_rows": 41,
        "terrain_grid_validity": "valid",
        "material": "vegetation",
        "landform": "proof-escarpment"
      },
      "geometry": {
        "type": "Point",
        "coordinates": [
          -159.45,
          -19.86875,
          464.27
        ]
      }
    },
    {
      "type": "Feature",
      "id": "terrain-r33-c26",
      "properties": {
        "terrain_grid_id": "rey-county-semantic-terrain-v1",
        "terrain_grid_column": 26,
        "terrain_grid_row": 33,
        "terrain_grid_columns": 41,
        "terrain_grid_rows": 41,
        "terrain_grid_validity": "valid",
        "material": "sand",
        "landform": "proof-escarpment"
      },
      "geometry": {
        "type": "Point",
        "coordinates": [
          -159.428,
          -19.86875,
          422.81
        ]
      }
    },
    {
      "type": "Feature",
      "id": "terrain-r33-c27",
      "properties": {
        "terrain_grid_id": "rey-county-semantic-terrain-v1",
        "terrain_grid_column": 27,
        "terrain_grid_row": 33,
        "terrain_grid_columns": 41,
        "terrain_grid_rows": 41,
        "terrain_grid_validity": "valid",
        "material": "vegetation",
        "landform": "proof-escarpment"
      },
      "geometry": {
        "type": "Point",
        "coordinates": [
          -159.406,
          -19.86875,
          471.3
        ]
      }
    },
    {
      "type": "Feature",
      "id": "terrain-r33-c28",
      "properties": {
        "terrain_grid_id": "rey-county-semantic-terrain-v1",
        "terrain_grid_column": 28,
        "terrain_grid_row": 33,
        "terrain_grid_columns": 41,
        "terrain_grid_rows": 41,
        "terrain_grid_validity": "valid",
        "material": "vegetation",
        "landform": "proof-escarpment"
      },
      "geometry": {
        "type": "Point",
        "coordinates": [
          -159.384,
          -19.86875,
          500.85
        ]
      }
    },
    {
      "type": "Feature",
      "id": "terrain-r33-c29",
      "properties": {
        "terrain_grid_id": "rey-county-semantic-terrain-v1",
        "terrain_grid_column": 29,
        "terrain_grid_row": 33,
        "terrain_grid_columns": 41,
        "terrain_grid_rows": 41,
        "terrain_grid_validity": "valid",
        "material": "vegetation",
        "landform": "proof-escarpment"
      },
      "geometry": {
        "type": "Point",
        "coordinates": [
          -159.362,
          -19.86875,
          515.7
        ]
      }
    },
    {
      "type": "Feature",
      "id": "terrain-r33-c30",
      "properties": {
        "terrain_grid_id": "rey-county-semantic-terrain-v1",
        "terrain_grid_column": 30,
        "terrain_grid_row": 33,
        "terrain_grid_columns": 41,
        "terrain_grid_rows": 41,
        "terrain_grid_validity": "valid",
        "material": "vegetation",
        "landform": "proof-escarpment"
      },
      "geometry": {
        "type": "Point",
        "coordinates": [
          -159.34,
          -19.86875,
          516.77
        ]
      }
    },
    {
      "type": "Feature",
      "id": "terrain-r33-c31",
      "properties": {
        "terrain_grid_id": "rey-county-semantic-terrain-v1",
        "terrain_grid_column": 31,
        "terrain_grid_row": 33,
        "terrain_grid_columns": 41,
        "terrain_grid_rows": 41,
        "terrain_grid_validity": "valid",
        "material": "vegetation",
        "landform": "proof-escarpment"
      },
      "geometry": {
        "type": "Point",
        "coordinates": [
          -159.318,
          -19.86875,
          518.62
        ]
      }
    },
    {
      "type": "Feature",
      "id": "terrain-r33-c32",
      "properties": {
        "terrain_grid_id": "rey-county-semantic-terrain-v1",
        "terrain_grid_column": 32,
        "terrain_grid_row": 33,
        "terrain_grid_columns": 41,
        "terrain_grid_rows": 41,
        "terrain_grid_validity": "valid",
        "material": "vegetation",
        "landform": "proof-escarpment"
      },
      "geometry": {
        "type": "Point",
        "coordinates": [
          -159.296,
          -19.86875,
          504.66
        ]
      }
    },
    {
      "type": "Feature",
      "id": "terrain-r33-c33",
      "properties": {
        "terrain_grid_id": "rey-county-semantic-terrain-v1",
        "terrain_grid_column": 33,
        "terrain_grid_row": 33,
        "terrain_grid_columns": 41,
        "terrain_grid_rows": 41,
        "terrain_grid_validity": "valid",
        "material": "vegetation",
        "landform": "proof-escarpment"
      },
      "geometry": {
        "type": "Point",
        "coordinates": [
          -159.274,
          -19.86875,
          496.24
        ]
      }
    },
    {
      "type": "Feature",
      "id": "terrain-r33-c34",
      "properties": {
        "terrain_grid_id": "rey-county-semantic-terrain-v1",
        "terrain_grid_column": 34,
        "terrain_grid_row": 33,
        "terrain_grid_columns": 41,
        "terrain_grid_rows": 41,
        "terrain_grid_validity": "no_data"
      },
      "geometry": {
        "type": "Point",
        "coordinates": [
          -159.252,
          -19.86875
        ]
      }
    },
    {
      "type": "Feature",
      "id": "terrain-r33-c35",
      "properties": {
        "terrain_grid_id": "rey-county-semantic-terrain-v1",
        "terrain_grid_column": 35,
        "terrain_grid_row": 33,
        "terrain_grid_columns": 41,
        "terrain_grid_rows": 41,
        "terrain_grid_validity": "no_data"
      },
      "geometry": {
        "type": "Point",
        "coordinates": [
          -159.23,
          -19.86875
        ]
      }
    },
    {
      "type": "Feature",
      "id": "terrain-r33-c36",
      "properties": {
        "terrain_grid_id": "rey-county-semantic-terrain-v1",
        "terrain_grid_column": 36,
        "terrain_grid_row": 33,
        "terrain_grid_columns": 41,
        "terrain_grid_rows": 41,
        "terrain_grid_validity": "no_data"
      },
      "geometry": {
        "type": "Point",
        "coordinates": [
          -159.208,
          -19.86875
        ]
      }
    },
    {
      "type": "Feature",
      "id": "terrain-r33-c37",
      "properties": {
        "terrain_grid_id": "rey-county-semantic-terrain-v1",
        "terrain_grid_column": 37,
        "terrain_grid_row": 33,
        "terrain_grid_columns": 41,
        "terrain_grid_rows": 41,
        "terrain_grid_validity": "no_data"
      },
      "geometry": {
        "type": "Point",
        "coordinates": [
          -159.186,
          -19.86875
        ]
      }
    },
    {
      "type": "Feature",
      "id": "terrain-r33-c38",
      "properties": {
        "terrain_grid_id": "rey-county-semantic-terrain-v1",
        "terrain_grid_column": 38,
        "terrain_grid_row": 33,
        "terrain_grid_columns": 41,
        "terrain_grid_rows": 41,
        "terrain_grid_validity": "no_data"
      },
      "geometry": {
        "type": "Point",
        "coordinates": [
          -159.164,
          -19.86875
        ]
      }
    },
    {
      "type": "Feature",
      "id": "terrain-r33-c39",
      "properties": {
        "terrain_grid_id": "rey-county-semantic-terrain-v1",
        "terrain_grid_column": 39,
        "terrain_grid_row": 33,
        "terrain_grid_columns": 41,
        "terrain_grid_rows": 41,
        "terrain_grid_validity": "no_data"
      },
      "geometry": {
        "type": "Point",
        "coordinates": [
          -159.142,
          -19.86875
        ]
      }
    },
    {
      "type": "Feature",
      "id": "terrain-r33-c40",
      "properties": {
        "terrain_grid_id": "rey-county-semantic-terrain-v1",
        "terrain_grid_column": 40,
        "terrain_grid_row": 33,
        "terrain_grid_columns": 41,
        "terrain_grid_rows": 41,
        "terrain_grid_validity": "no_data"
      },
      "geometry": {
        "type": "Point",
        "coordinates": [
          -159.12,
          -19.86875
        ]
      }
    },
    {
      "type": "Feature",
      "id": "terrain-r34-c00",
      "properties": {
        "terrain_grid_id": "rey-county-semantic-terrain-v1",
        "terrain_grid_column": 0,
        "terrain_grid_row": 34,
        "terrain_grid_columns": 41,
        "terrain_grid_rows": 41,
        "terrain_grid_validity": "no_data"
      },
      "geometry": {
        "type": "Point",
        "coordinates": [
          -160,
          -19.8875
        ]
      }
    },
    {
      "type": "Feature",
      "id": "terrain-r34-c01",
      "properties": {
        "terrain_grid_id": "rey-county-semantic-terrain-v1",
        "terrain_grid_column": 1,
        "terrain_grid_row": 34,
        "terrain_grid_columns": 41,
        "terrain_grid_rows": 41,
        "terrain_grid_validity": "valid",
        "material": "vegetation",
        "landform": "mining-ridge"
      },
      "geometry": {
        "type": "Point",
        "coordinates": [
          -159.978,
          -19.8875,
          549.18
        ]
      }
    },
    {
      "type": "Feature",
      "id": "terrain-r34-c02",
      "properties": {
        "terrain_grid_id": "rey-county-semantic-terrain-v1",
        "terrain_grid_column": 2,
        "terrain_grid_row": 34,
        "terrain_grid_columns": 41,
        "terrain_grid_rows": 41,
        "terrain_grid_validity": "valid",
        "material": "vegetation",
        "landform": "mining-ridge"
      },
      "geometry": {
        "type": "Point",
        "coordinates": [
          -159.956,
          -19.8875,
          558.51
        ]
      }
    },
    {
      "type": "Feature",
      "id": "terrain-r34-c03",
      "properties": {
        "terrain_grid_id": "rey-county-semantic-terrain-v1",
        "terrain_grid_column": 3,
        "terrain_grid_row": 34,
        "terrain_grid_columns": 41,
        "terrain_grid_rows": 41,
        "terrain_grid_validity": "valid",
        "material": "vegetation",
        "landform": "mining-ridge"
      },
      "geometry": {
        "type": "Point",
        "coordinates": [
          -159.934,
          -19.8875,
          566.99
        ]
      }
    },
    {
      "type": "Feature",
      "id": "terrain-r34-c04",
      "properties": {
        "terrain_grid_id": "rey-county-semantic-terrain-v1",
        "terrain_grid_column": 4,
        "terrain_grid_row": 34,
        "terrain_grid_columns": 41,
        "terrain_grid_rows": 41,
        "terrain_grid_validity": "no_data"
      },
      "geometry": {
        "type": "Point",
        "coordinates": [
          -159.912,
          -19.8875
        ]
      }
    },
    {
      "type": "Feature",
      "id": "terrain-r34-c05",
      "properties": {
        "terrain_grid_id": "rey-county-semantic-terrain-v1",
        "terrain_grid_column": 5,
        "terrain_grid_row": 34,
        "terrain_grid_columns": 41,
        "terrain_grid_rows": 41,
        "terrain_grid_validity": "no_data"
      },
      "geometry": {
        "type": "Point",
        "coordinates": [
          -159.89,
          -19.8875
        ]
      }
    },
    {
      "type": "Feature",
      "id": "terrain-r34-c06",
      "properties": {
        "terrain_grid_id": "rey-county-semantic-terrain-v1",
        "terrain_grid_column": 6,
        "terrain_grid_row": 34,
        "terrain_grid_columns": 41,
        "terrain_grid_rows": 41,
        "terrain_grid_validity": "no_data"
      },
      "geometry": {
        "type": "Point",
        "coordinates": [
          -159.868,
          -19.8875
        ]
      }
    },
    {
      "type": "Feature",
      "id": "terrain-r34-c07",
      "properties": {
        "terrain_grid_id": "rey-county-semantic-terrain-v1",
        "terrain_grid_column": 7,
        "terrain_grid_row": 34,
        "terrain_grid_columns": 41,
        "terrain_grid_rows": 41,
        "terrain_grid_validity": "no_data"
      },
      "geometry": {
        "type": "Point",
        "coordinates": [
          -159.846,
          -19.8875
        ]
      }
    },
    {
      "type": "Feature",
      "id": "terrain-r34-c08",
      "properties": {
        "terrain_grid_id": "rey-county-semantic-terrain-v1",
        "terrain_grid_column": 8,
        "terrain_grid_row": 34,
        "terrain_grid_columns": 41,
        "terrain_grid_rows": 41,
        "terrain_grid_validity": "no_data"
      },
      "geometry": {
        "type": "Point",
        "coordinates": [
          -159.824,
          -19.8875
        ]
      }
    },
    {
      "type": "Feature",
      "id": "terrain-r34-c09",
      "properties": {
        "terrain_grid_id": "rey-county-semantic-terrain-v1",
        "terrain_grid_column": 9,
        "terrain_grid_row": 34,
        "terrain_grid_columns": 41,
        "terrain_grid_rows": 41,
        "terrain_grid_validity": "no_data"
      },
      "geometry": {
        "type": "Point",
        "coordinates": [
          -159.802,
          -19.8875
        ]
      }
    },
    {
      "type": "Feature",
      "id": "terrain-r34-c10",
      "properties": {
        "terrain_grid_id": "rey-county-semantic-terrain-v1",
        "terrain_grid_column": 10,
        "terrain_grid_row": 34,
        "terrain_grid_columns": 41,
        "terrain_grid_rows": 41,
        "terrain_grid_validity": "no_data"
      },
      "geometry": {
        "type": "Point",
        "coordinates": [
          -159.78,
          -19.8875
        ]
      }
    },
    {
      "type": "Feature",
      "id": "terrain-r34-c11",
      "properties": {
        "terrain_grid_id": "rey-county-semantic-terrain-v1",
        "terrain_grid_column": 11,
        "terrain_grid_row": 34,
        "terrain_grid_columns": 41,
        "terrain_grid_rows": 41,
        "terrain_grid_validity": "no_data"
      },
      "geometry": {
        "type": "Point",
        "coordinates": [
          -159.758,
          -19.8875
        ]
      }
    },
    {
      "type": "Feature",
      "id": "terrain-r34-c12",
      "properties": {
        "terrain_grid_id": "rey-county-semantic-terrain-v1",
        "terrain_grid_column": 12,
        "terrain_grid_row": 34,
        "terrain_grid_columns": 41,
        "terrain_grid_rows": 41,
        "terrain_grid_validity": "valid",
        "material": "vegetation",
        "landform": "runtime-basin"
      },
      "geometry": {
        "type": "Point",
        "coordinates": [
          -159.736,
          -19.8875,
          477.9
        ]
      }
    },
    {
      "type": "Feature",
      "id": "terrain-r34-c13",
      "properties": {
        "terrain_grid_id": "rey-county-semantic-terrain-v1",
        "terrain_grid_column": 13,
        "terrain_grid_row": 34,
        "terrain_grid_columns": 41,
        "terrain_grid_rows": 41,
        "terrain_grid_validity": "valid",
        "material": "vegetation",
        "landform": "runtime-basin"
      },
      "geometry": {
        "type": "Point",
        "coordinates": [
          -159.714,
          -19.8875,
          454.69
        ]
      }
    },
    {
      "type": "Feature",
      "id": "terrain-r34-c14",
      "properties": {
        "terrain_grid_id": "rey-county-semantic-terrain-v1",
        "terrain_grid_column": 14,
        "terrain_grid_row": 34,
        "terrain_grid_columns": 41,
        "terrain_grid_rows": 41,
        "terrain_grid_validity": "valid",
        "material": "vegetation",
        "landform": "runtime-basin"
      },
      "geometry": {
        "type": "Point",
        "coordinates": [
          -159.692,
          -19.8875,
          434.59
        ]
      }
    },
    {
      "type": "Feature",
      "id": "terrain-r34-c15",
      "properties": {
        "terrain_grid_id": "rey-county-semantic-terrain-v1",
        "terrain_grid_column": 15,
        "terrain_grid_row": 34,
        "terrain_grid_columns": 41,
        "terrain_grid_rows": 41,
        "terrain_grid_validity": "valid",
        "material": "vegetation",
        "landform": "runtime-basin"
      },
      "geometry": {
        "type": "Point",
        "coordinates": [
          -159.67,
          -19.8875,
          424.74
        ]
      }
    },
    {
      "type": "Feature",
      "id": "terrain-r34-c16",
      "properties": {
        "terrain_grid_id": "rey-county-semantic-terrain-v1",
        "terrain_grid_column": 16,
        "terrain_grid_row": 34,
        "terrain_grid_columns": 41,
        "terrain_grid_rows": 41,
        "terrain_grid_validity": "valid",
        "material": "vegetation",
        "landform": "runtime-basin"
      },
      "geometry": {
        "type": "Point",
        "coordinates": [
          -159.648,
          -19.8875,
          422.99
        ]
      }
    },
    {
      "type": "Feature",
      "id": "terrain-r34-c17",
      "properties": {
        "terrain_grid_id": "rey-county-semantic-terrain-v1",
        "terrain_grid_column": 17,
        "terrain_grid_row": 34,
        "terrain_grid_columns": 41,
        "terrain_grid_rows": 41,
        "terrain_grid_validity": "valid",
        "material": "vegetation",
        "landform": "runtime-basin"
      },
      "geometry": {
        "type": "Point",
        "coordinates": [
          -159.626,
          -19.8875,
          421.48
        ]
      }
    },
    {
      "type": "Feature",
      "id": "terrain-r34-c18",
      "properties": {
        "terrain_grid_id": "rey-county-semantic-terrain-v1",
        "terrain_grid_column": 18,
        "terrain_grid_row": 34,
        "terrain_grid_columns": 41,
        "terrain_grid_rows": 41,
        "terrain_grid_validity": "valid",
        "material": "vegetation",
        "landform": "runtime-basin"
      },
      "geometry": {
        "type": "Point",
        "coordinates": [
          -159.604,
          -19.8875,
          427.89
        ]
      }
    },
    {
      "type": "Feature",
      "id": "terrain-r34-c19",
      "properties": {
        "terrain_grid_id": "rey-county-semantic-terrain-v1",
        "terrain_grid_column": 19,
        "terrain_grid_row": 34,
        "terrain_grid_columns": 41,
        "terrain_grid_rows": 41,
        "terrain_grid_validity": "valid",
        "material": "vegetation",
        "landform": "proof-escarpment"
      },
      "geometry": {
        "type": "Point",
        "coordinates": [
          -159.582,
          -19.8875,
          422.23
        ]
      }
    },
    {
      "type": "Feature",
      "id": "terrain-r34-c20",
      "properties": {
        "terrain_grid_id": "rey-county-semantic-terrain-v1",
        "terrain_grid_column": 20,
        "terrain_grid_row": 34,
        "terrain_grid_columns": 41,
        "terrain_grid_rows": 41,
        "terrain_grid_validity": "valid",
        "material": "vegetation",
        "landform": "proof-escarpment"
      },
      "geometry": {
        "type": "Point",
        "coordinates": [
          -159.56,
          -19.8875,
          419.33
        ]
      }
    },
    {
      "type": "Feature",
      "id": "terrain-r34-c21",
      "properties": {
        "terrain_grid_id": "rey-county-semantic-terrain-v1",
        "terrain_grid_column": 21,
        "terrain_grid_row": 34,
        "terrain_grid_columns": 41,
        "terrain_grid_rows": 41,
        "terrain_grid_validity": "valid",
        "material": "vegetation",
        "landform": "proof-escarpment"
      },
      "geometry": {
        "type": "Point",
        "coordinates": [
          -159.538,
          -19.8875,
          427.57
        ]
      }
    },
    {
      "type": "Feature",
      "id": "terrain-r34-c22",
      "properties": {
        "terrain_grid_id": "rey-county-semantic-terrain-v1",
        "terrain_grid_column": 22,
        "terrain_grid_row": 34,
        "terrain_grid_columns": 41,
        "terrain_grid_rows": 41,
        "terrain_grid_validity": "valid",
        "material": "vegetation",
        "landform": "proof-escarpment"
      },
      "geometry": {
        "type": "Point",
        "coordinates": [
          -159.516,
          -19.8875,
          434.64
        ]
      }
    },
    {
      "type": "Feature",
      "id": "terrain-r34-c23",
      "properties": {
        "terrain_grid_id": "rey-county-semantic-terrain-v1",
        "terrain_grid_column": 23,
        "terrain_grid_row": 34,
        "terrain_grid_columns": 41,
        "terrain_grid_rows": 41,
        "terrain_grid_validity": "valid",
        "material": "vegetation",
        "landform": "proof-escarpment"
      },
      "geometry": {
        "type": "Point",
        "coordinates": [
          -159.494,
          -19.8875,
          454.82
        ]
      }
    },
    {
      "type": "Feature",
      "id": "terrain-r34-c24",
      "properties": {
        "terrain_grid_id": "rey-county-semantic-terrain-v1",
        "terrain_grid_column": 24,
        "terrain_grid_row": 34,
        "terrain_grid_columns": 41,
        "terrain_grid_rows": 41,
        "terrain_grid_validity": "valid",
        "material": "vegetation",
        "landform": "proof-escarpment"
      },
      "geometry": {
        "type": "Point",
        "coordinates": [
          -159.472,
          -19.8875,
          469.73
        ]
      }
    },
    {
      "type": "Feature",
      "id": "terrain-r34-c25",
      "properties": {
        "terrain_grid_id": "rey-county-semantic-terrain-v1",
        "terrain_grid_column": 25,
        "terrain_grid_row": 34,
        "terrain_grid_columns": 41,
        "terrain_grid_rows": 41,
        "terrain_grid_validity": "valid",
        "material": "vegetation",
        "landform": "proof-escarpment"
      },
      "geometry": {
        "type": "Point",
        "coordinates": [
          -159.45,
          -19.8875,
          462.54
        ]
      }
    },
    {
      "type": "Feature",
      "id": "terrain-r34-c26",
      "properties": {
        "terrain_grid_id": "rey-county-semantic-terrain-v1",
        "terrain_grid_column": 26,
        "terrain_grid_row": 34,
        "terrain_grid_columns": 41,
        "terrain_grid_rows": 41,
        "terrain_grid_validity": "valid",
        "material": "sand",
        "landform": "proof-escarpment"
      },
      "geometry": {
        "type": "Point",
        "coordinates": [
          -159.428,
          -19.8875,
          418.87
        ]
      }
    },
    {
      "type": "Feature",
      "id": "terrain-r34-c27",
      "properties": {
        "terrain_grid_id": "rey-county-semantic-terrain-v1",
        "terrain_grid_column": 27,
        "terrain_grid_row": 34,
        "terrain_grid_columns": 41,
        "terrain_grid_rows": 41,
        "terrain_grid_validity": "valid",
        "material": "vegetation",
        "landform": "proof-escarpment"
      },
      "geometry": {
        "type": "Point",
        "coordinates": [
          -159.406,
          -19.8875,
          474.71
        ]
      }
    },
    {
      "type": "Feature",
      "id": "terrain-r34-c28",
      "properties": {
        "terrain_grid_id": "rey-county-semantic-terrain-v1",
        "terrain_grid_column": 28,
        "terrain_grid_row": 34,
        "terrain_grid_columns": 41,
        "terrain_grid_rows": 41,
        "terrain_grid_validity": "valid",
        "material": "vegetation",
        "landform": "proof-escarpment"
      },
      "geometry": {
        "type": "Point",
        "coordinates": [
          -159.384,
          -19.8875,
          484.09
        ]
      }
    },
    {
      "type": "Feature",
      "id": "terrain-r34-c29",
      "properties": {
        "terrain_grid_id": "rey-county-semantic-terrain-v1",
        "terrain_grid_column": 29,
        "terrain_grid_row": 34,
        "terrain_grid_columns": 41,
        "terrain_grid_rows": 41,
        "terrain_grid_validity": "valid",
        "material": "vegetation",
        "landform": "proof-escarpment"
      },
      "geometry": {
        "type": "Point",
        "coordinates": [
          -159.362,
          -19.8875,
          501.21
        ]
      }
    },
    {
      "type": "Feature",
      "id": "terrain-r34-c30",
      "properties": {
        "terrain_grid_id": "rey-county-semantic-terrain-v1",
        "terrain_grid_column": 30,
        "terrain_grid_row": 34,
        "terrain_grid_columns": 41,
        "terrain_grid_rows": 41,
        "terrain_grid_validity": "valid",
        "material": "vegetation",
        "landform": "proof-escarpment"
      },
      "geometry": {
        "type": "Point",
        "coordinates": [
          -159.34,
          -19.8875,
          500.69
        ]
      }
    },
    {
      "type": "Feature",
      "id": "terrain-r34-c31",
      "properties": {
        "terrain_grid_id": "rey-county-semantic-terrain-v1",
        "terrain_grid_column": 31,
        "terrain_grid_row": 34,
        "terrain_grid_columns": 41,
        "terrain_grid_rows": 41,
        "terrain_grid_validity": "valid",
        "material": "vegetation",
        "landform": "proof-escarpment"
      },
      "geometry": {
        "type": "Point",
        "coordinates": [
          -159.318,
          -19.8875,
          496.07
        ]
      }
    },
    {
      "type": "Feature",
      "id": "terrain-r34-c32",
      "properties": {
        "terrain_grid_id": "rey-county-semantic-terrain-v1",
        "terrain_grid_column": 32,
        "terrain_grid_row": 34,
        "terrain_grid_columns": 41,
        "terrain_grid_rows": 41,
        "terrain_grid_validity": "no_data"
      },
      "geometry": {
        "type": "Point",
        "coordinates": [
          -159.296,
          -19.8875
        ]
      }
    },
    {
      "type": "Feature",
      "id": "terrain-r34-c33",
      "properties": {
        "terrain_grid_id": "rey-county-semantic-terrain-v1",
        "terrain_grid_column": 33,
        "terrain_grid_row": 34,
        "terrain_grid_columns": 41,
        "terrain_grid_rows": 41,
        "terrain_grid_validity": "no_data"
      },
      "geometry": {
        "type": "Point",
        "coordinates": [
          -159.274,
          -19.8875
        ]
      }
    },
    {
      "type": "Feature",
      "id": "terrain-r34-c34",
      "properties": {
        "terrain_grid_id": "rey-county-semantic-terrain-v1",
        "terrain_grid_column": 34,
        "terrain_grid_row": 34,
        "terrain_grid_columns": 41,
        "terrain_grid_rows": 41,
        "terrain_grid_validity": "no_data"
      },
      "geometry": {
        "type": "Point",
        "coordinates": [
          -159.252,
          -19.8875
        ]
      }
    },
    {
      "type": "Feature",
      "id": "terrain-r34-c35",
      "properties": {
        "terrain_grid_id": "rey-county-semantic-terrain-v1",
        "terrain_grid_column": 35,
        "terrain_grid_row": 34,
        "terrain_grid_columns": 41,
        "terrain_grid_rows": 41,
        "terrain_grid_validity": "no_data"
      },
      "geometry": {
        "type": "Point",
        "coordinates": [
          -159.23,
          -19.8875
        ]
      }
    },
    {
      "type": "Feature",
      "id": "terrain-r34-c36",
      "properties": {
        "terrain_grid_id": "rey-county-semantic-terrain-v1",
        "terrain_grid_column": 36,
        "terrain_grid_row": 34,
        "terrain_grid_columns": 41,
        "terrain_grid_rows": 41,
        "terrain_grid_validity": "no_data"
      },
      "geometry": {
        "type": "Point",
        "coordinates": [
          -159.208,
          -19.8875
        ]
      }
    },
    {
      "type": "Feature",
      "id": "terrain-r34-c37",
      "properties": {
        "terrain_grid_id": "rey-county-semantic-terrain-v1",
        "terrain_grid_column": 37,
        "terrain_grid_row": 34,
        "terrain_grid_columns": 41,
        "terrain_grid_rows": 41,
        "terrain_grid_validity": "no_data"
      },
      "geometry": {
        "type": "Point",
        "coordinates": [
          -159.186,
          -19.8875
        ]
      }
    },
    {
      "type": "Feature",
      "id": "terrain-r34-c38",
      "properties": {
        "terrain_grid_id": "rey-county-semantic-terrain-v1",
        "terrain_grid_column": 38,
        "terrain_grid_row": 34,
        "terrain_grid_columns": 41,
        "terrain_grid_rows": 41,
        "terrain_grid_validity": "no_data"
      },
      "geometry": {
        "type": "Point",
        "coordinates": [
          -159.164,
          -19.8875
        ]
      }
    },
    {
      "type": "Feature",
      "id": "terrain-r34-c39",
      "properties": {
        "terrain_grid_id": "rey-county-semantic-terrain-v1",
        "terrain_grid_column": 39,
        "terrain_grid_row": 34,
        "terrain_grid_columns": 41,
        "terrain_grid_rows": 41,
        "terrain_grid_validity": "no_data"
      },
      "geometry": {
        "type": "Point",
        "coordinates": [
          -159.142,
          -19.8875
        ]
      }
    },
    {
      "type": "Feature",
      "id": "terrain-r34-c40",
      "properties": {
        "terrain_grid_id": "rey-county-semantic-terrain-v1",
        "terrain_grid_column": 40,
        "terrain_grid_row": 34,
        "terrain_grid_columns": 41,
        "terrain_grid_rows": 41,
        "terrain_grid_validity": "no_data"
      },
      "geometry": {
        "type": "Point",
        "coordinates": [
          -159.12,
          -19.8875
        ]
      }
    },
    {
      "type": "Feature",
      "id": "terrain-r35-c00",
      "properties": {
        "terrain_grid_id": "rey-county-semantic-terrain-v1",
        "terrain_grid_column": 0,
        "terrain_grid_row": 35,
        "terrain_grid_columns": 41,
        "terrain_grid_rows": 41,
        "terrain_grid_validity": "no_data"
      },
      "geometry": {
        "type": "Point",
        "coordinates": [
          -160,
          -19.90625
        ]
      }
    },
    {
      "type": "Feature",
      "id": "terrain-r35-c01",
      "properties": {
        "terrain_grid_id": "rey-county-semantic-terrain-v1",
        "terrain_grid_column": 1,
        "terrain_grid_row": 35,
        "terrain_grid_columns": 41,
        "terrain_grid_rows": 41,
        "terrain_grid_validity": "valid",
        "material": "vegetation",
        "landform": "mining-ridge"
      },
      "geometry": {
        "type": "Point",
        "coordinates": [
          -159.978,
          -19.90625,
          534.01
        ]
      }
    },
    {
      "type": "Feature",
      "id": "terrain-r35-c02",
      "properties": {
        "terrain_grid_id": "rey-county-semantic-terrain-v1",
        "terrain_grid_column": 2,
        "terrain_grid_row": 35,
        "terrain_grid_columns": 41,
        "terrain_grid_rows": 41,
        "terrain_grid_validity": "valid",
        "material": "vegetation",
        "landform": "mining-ridge"
      },
      "geometry": {
        "type": "Point",
        "coordinates": [
          -159.956,
          -19.90625,
          545.86
        ]
      }
    },
    {
      "type": "Feature",
      "id": "terrain-r35-c03",
      "properties": {
        "terrain_grid_id": "rey-county-semantic-terrain-v1",
        "terrain_grid_column": 3,
        "terrain_grid_row": 35,
        "terrain_grid_columns": 41,
        "terrain_grid_rows": 41,
        "terrain_grid_validity": "valid",
        "material": "vegetation",
        "landform": "mining-ridge"
      },
      "geometry": {
        "type": "Point",
        "coordinates": [
          -159.934,
          -19.90625,
          548.08
        ]
      }
    },
    {
      "type": "Feature",
      "id": "terrain-r35-c04",
      "properties": {
        "terrain_grid_id": "rey-county-semantic-terrain-v1",
        "terrain_grid_column": 4,
        "terrain_grid_row": 35,
        "terrain_grid_columns": 41,
        "terrain_grid_rows": 41,
        "terrain_grid_validity": "valid",
        "material": "vegetation",
        "landform": "mining-ridge"
      },
      "geometry": {
        "type": "Point",
        "coordinates": [
          -159.912,
          -19.90625,
          557.9
        ]
      }
    },
    {
      "type": "Feature",
      "id": "terrain-r35-c05",
      "properties": {
        "terrain_grid_id": "rey-county-semantic-terrain-v1",
        "terrain_grid_column": 5,
        "terrain_grid_row": 35,
        "terrain_grid_columns": 41,
        "terrain_grid_rows": 41,
        "terrain_grid_validity": "no_data"
      },
      "geometry": {
        "type": "Point",
        "coordinates": [
          -159.89,
          -19.90625
        ]
      }
    },
    {
      "type": "Feature",
      "id": "terrain-r35-c06",
      "properties": {
        "terrain_grid_id": "rey-county-semantic-terrain-v1",
        "terrain_grid_column": 6,
        "terrain_grid_row": 35,
        "terrain_grid_columns": 41,
        "terrain_grid_rows": 41,
        "terrain_grid_validity": "no_data"
      },
      "geometry": {
        "type": "Point",
        "coordinates": [
          -159.868,
          -19.90625
        ]
      }
    },
    {
      "type": "Feature",
      "id": "terrain-r35-c07",
      "properties": {
        "terrain_grid_id": "rey-county-semantic-terrain-v1",
        "terrain_grid_column": 7,
        "terrain_grid_row": 35,
        "terrain_grid_columns": 41,
        "terrain_grid_rows": 41,
        "terrain_grid_validity": "no_data"
      },
      "geometry": {
        "type": "Point",
        "coordinates": [
          -159.846,
          -19.90625
        ]
      }
    },
    {
      "type": "Feature",
      "id": "terrain-r35-c08",
      "properties": {
        "terrain_grid_id": "rey-county-semantic-terrain-v1",
        "terrain_grid_column": 8,
        "terrain_grid_row": 35,
        "terrain_grid_columns": 41,
        "terrain_grid_rows": 41,
        "terrain_grid_validity": "no_data"
      },
      "geometry": {
        "type": "Point",
        "coordinates": [
          -159.824,
          -19.90625
        ]
      }
    },
    {
      "type": "Feature",
      "id": "terrain-r35-c09",
      "properties": {
        "terrain_grid_id": "rey-county-semantic-terrain-v1",
        "terrain_grid_column": 9,
        "terrain_grid_row": 35,
        "terrain_grid_columns": 41,
        "terrain_grid_rows": 41,
        "terrain_grid_validity": "no_data"
      },
      "geometry": {
        "type": "Point",
        "coordinates": [
          -159.802,
          -19.90625
        ]
      }
    },
    {
      "type": "Feature",
      "id": "terrain-r35-c10",
      "properties": {
        "terrain_grid_id": "rey-county-semantic-terrain-v1",
        "terrain_grid_column": 10,
        "terrain_grid_row": 35,
        "terrain_grid_columns": 41,
        "terrain_grid_rows": 41,
        "terrain_grid_validity": "no_data"
      },
      "geometry": {
        "type": "Point",
        "coordinates": [
          -159.78,
          -19.90625
        ]
      }
    },
    {
      "type": "Feature",
      "id": "terrain-r35-c11",
      "properties": {
        "terrain_grid_id": "rey-county-semantic-terrain-v1",
        "terrain_grid_column": 11,
        "terrain_grid_row": 35,
        "terrain_grid_columns": 41,
        "terrain_grid_rows": 41,
        "terrain_grid_validity": "no_data"
      },
      "geometry": {
        "type": "Point",
        "coordinates": [
          -159.758,
          -19.90625
        ]
      }
    },
    {
      "type": "Feature",
      "id": "terrain-r35-c12",
      "properties": {
        "terrain_grid_id": "rey-county-semantic-terrain-v1",
        "terrain_grid_column": 12,
        "terrain_grid_row": 35,
        "terrain_grid_columns": 41,
        "terrain_grid_rows": 41,
        "terrain_grid_validity": "no_data"
      },
      "geometry": {
        "type": "Point",
        "coordinates": [
          -159.736,
          -19.90625
        ]
      }
    },
    {
      "type": "Feature",
      "id": "terrain-r35-c13",
      "properties": {
        "terrain_grid_id": "rey-county-semantic-terrain-v1",
        "terrain_grid_column": 13,
        "terrain_grid_row": 35,
        "terrain_grid_columns": 41,
        "terrain_grid_rows": 41,
        "terrain_grid_validity": "valid",
        "material": "vegetation",
        "landform": "runtime-basin"
      },
      "geometry": {
        "type": "Point",
        "coordinates": [
          -159.714,
          -19.90625,
          459.16
        ]
      }
    },
    {
      "type": "Feature",
      "id": "terrain-r35-c14",
      "properties": {
        "terrain_grid_id": "rey-county-semantic-terrain-v1",
        "terrain_grid_column": 14,
        "terrain_grid_row": 35,
        "terrain_grid_columns": 41,
        "terrain_grid_rows": 41,
        "terrain_grid_validity": "valid",
        "material": "vegetation",
        "landform": "runtime-basin"
      },
      "geometry": {
        "type": "Point",
        "coordinates": [
          -159.692,
          -19.90625,
          438.47
        ]
      }
    },
    {
      "type": "Feature",
      "id": "terrain-r35-c15",
      "properties": {
        "terrain_grid_id": "rey-county-semantic-terrain-v1",
        "terrain_grid_column": 15,
        "terrain_grid_row": 35,
        "terrain_grid_columns": 41,
        "terrain_grid_rows": 41,
        "terrain_grid_validity": "valid",
        "material": "vegetation",
        "landform": "runtime-basin"
      },
      "geometry": {
        "type": "Point",
        "coordinates": [
          -159.67,
          -19.90625,
          423.56
        ]
      }
    },
    {
      "type": "Feature",
      "id": "terrain-r35-c16",
      "properties": {
        "terrain_grid_id": "rey-county-semantic-terrain-v1",
        "terrain_grid_column": 16,
        "terrain_grid_row": 35,
        "terrain_grid_columns": 41,
        "terrain_grid_rows": 41,
        "terrain_grid_validity": "valid",
        "material": "vegetation",
        "landform": "runtime-basin"
      },
      "geometry": {
        "type": "Point",
        "coordinates": [
          -159.648,
          -19.90625,
          420.49
        ]
      }
    },
    {
      "type": "Feature",
      "id": "terrain-r35-c17",
      "properties": {
        "terrain_grid_id": "rey-county-semantic-terrain-v1",
        "terrain_grid_column": 17,
        "terrain_grid_row": 35,
        "terrain_grid_columns": 41,
        "terrain_grid_rows": 41,
        "terrain_grid_validity": "valid",
        "material": "vegetation",
        "landform": "runtime-basin"
      },
      "geometry": {
        "type": "Point",
        "coordinates": [
          -159.626,
          -19.90625,
          421.52
        ]
      }
    },
    {
      "type": "Feature",
      "id": "terrain-r35-c18",
      "properties": {
        "terrain_grid_id": "rey-county-semantic-terrain-v1",
        "terrain_grid_column": 18,
        "terrain_grid_row": 35,
        "terrain_grid_columns": 41,
        "terrain_grid_rows": 41,
        "terrain_grid_validity": "valid",
        "material": "vegetation",
        "landform": "proof-escarpment"
      },
      "geometry": {
        "type": "Point",
        "coordinates": [
          -159.604,
          -19.90625,
          421.4
        ]
      }
    },
    {
      "type": "Feature",
      "id": "terrain-r35-c19",
      "properties": {
        "terrain_grid_id": "rey-county-semantic-terrain-v1",
        "terrain_grid_column": 19,
        "terrain_grid_row": 35,
        "terrain_grid_columns": 41,
        "terrain_grid_rows": 41,
        "terrain_grid_validity": "valid",
        "material": "vegetation",
        "landform": "proof-escarpment"
      },
      "geometry": {
        "type": "Point",
        "coordinates": [
          -159.582,
          -19.90625,
          427.8
        ]
      }
    },
    {
      "type": "Feature",
      "id": "terrain-r35-c20",
      "properties": {
        "terrain_grid_id": "rey-county-semantic-terrain-v1",
        "terrain_grid_column": 20,
        "terrain_grid_row": 35,
        "terrain_grid_columns": 41,
        "terrain_grid_rows": 41,
        "terrain_grid_validity": "valid",
        "material": "vegetation",
        "landform": "proof-escarpment"
      },
      "geometry": {
        "type": "Point",
        "coordinates": [
          -159.56,
          -19.90625,
          419.81
        ]
      }
    },
    {
      "type": "Feature",
      "id": "terrain-r35-c21",
      "properties": {
        "terrain_grid_id": "rey-county-semantic-terrain-v1",
        "terrain_grid_column": 21,
        "terrain_grid_row": 35,
        "terrain_grid_columns": 41,
        "terrain_grid_rows": 41,
        "terrain_grid_validity": "valid",
        "material": "vegetation",
        "landform": "proof-escarpment"
      },
      "geometry": {
        "type": "Point",
        "coordinates": [
          -159.538,
          -19.90625,
          425.81
        ]
      }
    },
    {
      "type": "Feature",
      "id": "terrain-r35-c22",
      "properties": {
        "terrain_grid_id": "rey-county-semantic-terrain-v1",
        "terrain_grid_column": 22,
        "terrain_grid_row": 35,
        "terrain_grid_columns": 41,
        "terrain_grid_rows": 41,
        "terrain_grid_validity": "valid",
        "material": "vegetation",
        "landform": "proof-escarpment"
      },
      "geometry": {
        "type": "Point",
        "coordinates": [
          -159.516,
          -19.90625,
          434.75
        ]
      }
    },
    {
      "type": "Feature",
      "id": "terrain-r35-c23",
      "properties": {
        "terrain_grid_id": "rey-county-semantic-terrain-v1",
        "terrain_grid_column": 23,
        "terrain_grid_row": 35,
        "terrain_grid_columns": 41,
        "terrain_grid_rows": 41,
        "terrain_grid_validity": "valid",
        "material": "vegetation",
        "landform": "proof-escarpment"
      },
      "geometry": {
        "type": "Point",
        "coordinates": [
          -159.494,
          -19.90625,
          448.61
        ]
      }
    },
    {
      "type": "Feature",
      "id": "terrain-r35-c24",
      "properties": {
        "terrain_grid_id": "rey-county-semantic-terrain-v1",
        "terrain_grid_column": 24,
        "terrain_grid_row": 35,
        "terrain_grid_columns": 41,
        "terrain_grid_rows": 41,
        "terrain_grid_validity": "valid",
        "material": "vegetation",
        "landform": "proof-escarpment"
      },
      "geometry": {
        "type": "Point",
        "coordinates": [
          -159.472,
          -19.90625,
          462.92
        ]
      }
    },
    {
      "type": "Feature",
      "id": "terrain-r35-c25",
      "properties": {
        "terrain_grid_id": "rey-county-semantic-terrain-v1",
        "terrain_grid_column": 25,
        "terrain_grid_row": 35,
        "terrain_grid_columns": 41,
        "terrain_grid_rows": 41,
        "terrain_grid_validity": "valid",
        "material": "vegetation",
        "landform": "proof-escarpment"
      },
      "geometry": {
        "type": "Point",
        "coordinates": [
          -159.45,
          -19.90625,
          462.17
        ]
      }
    },
    {
      "type": "Feature",
      "id": "terrain-r35-c26",
      "properties": {
        "terrain_grid_id": "rey-county-semantic-terrain-v1",
        "terrain_grid_column": 26,
        "terrain_grid_row": 35,
        "terrain_grid_columns": 41,
        "terrain_grid_rows": 41,
        "terrain_grid_validity": "valid",
        "material": "sand",
        "landform": "proof-escarpment"
      },
      "geometry": {
        "type": "Point",
        "coordinates": [
          -159.428,
          -19.90625,
          420.26
        ]
      }
    },
    {
      "type": "Feature",
      "id": "terrain-r35-c27",
      "properties": {
        "terrain_grid_id": "rey-county-semantic-terrain-v1",
        "terrain_grid_column": 27,
        "terrain_grid_row": 35,
        "terrain_grid_columns": 41,
        "terrain_grid_rows": 41,
        "terrain_grid_validity": "valid",
        "material": "vegetation",
        "landform": "proof-escarpment"
      },
      "geometry": {
        "type": "Point",
        "coordinates": [
          -159.406,
          -19.90625,
          464.4
        ]
      }
    },
    {
      "type": "Feature",
      "id": "terrain-r35-c28",
      "properties": {
        "terrain_grid_id": "rey-county-semantic-terrain-v1",
        "terrain_grid_column": 28,
        "terrain_grid_row": 35,
        "terrain_grid_columns": 41,
        "terrain_grid_rows": 41,
        "terrain_grid_validity": "valid",
        "material": "vegetation",
        "landform": "proof-escarpment"
      },
      "geometry": {
        "type": "Point",
        "coordinates": [
          -159.384,
          -19.90625,
          468.58
        ]
      }
    },
    {
      "type": "Feature",
      "id": "terrain-r35-c29",
      "properties": {
        "terrain_grid_id": "rey-county-semantic-terrain-v1",
        "terrain_grid_column": 29,
        "terrain_grid_row": 35,
        "terrain_grid_columns": 41,
        "terrain_grid_rows": 41,
        "terrain_grid_validity": "valid",
        "material": "vegetation",
        "landform": "proof-escarpment"
      },
      "geometry": {
        "type": "Point",
        "coordinates": [
          -159.362,
          -19.90625,
          470.64
        ]
      }
    },
    {
      "type": "Feature",
      "id": "terrain-r35-c30",
      "properties": {
        "terrain_grid_id": "rey-county-semantic-terrain-v1",
        "terrain_grid_column": 30,
        "terrain_grid_row": 35,
        "terrain_grid_columns": 41,
        "terrain_grid_rows": 41,
        "terrain_grid_validity": "no_data"
      },
      "geometry": {
        "type": "Point",
        "coordinates": [
          -159.34,
          -19.90625
        ]
      }
    },
    {
      "type": "Feature",
      "id": "terrain-r35-c31",
      "properties": {
        "terrain_grid_id": "rey-county-semantic-terrain-v1",
        "terrain_grid_column": 31,
        "terrain_grid_row": 35,
        "terrain_grid_columns": 41,
        "terrain_grid_rows": 41,
        "terrain_grid_validity": "no_data"
      },
      "geometry": {
        "type": "Point",
        "coordinates": [
          -159.318,
          -19.90625
        ]
      }
    },
    {
      "type": "Feature",
      "id": "terrain-r35-c32",
      "properties": {
        "terrain_grid_id": "rey-county-semantic-terrain-v1",
        "terrain_grid_column": 32,
        "terrain_grid_row": 35,
        "terrain_grid_columns": 41,
        "terrain_grid_rows": 41,
        "terrain_grid_validity": "no_data"
      },
      "geometry": {
        "type": "Point",
        "coordinates": [
          -159.296,
          -19.90625
        ]
      }
    },
    {
      "type": "Feature",
      "id": "terrain-r35-c33",
      "properties": {
        "terrain_grid_id": "rey-county-semantic-terrain-v1",
        "terrain_grid_column": 33,
        "terrain_grid_row": 35,
        "terrain_grid_columns": 41,
        "terrain_grid_rows": 41,
        "terrain_grid_validity": "no_data"
      },
      "geometry": {
        "type": "Point",
        "coordinates": [
          -159.274,
          -19.90625
        ]
      }
    },
    {
      "type": "Feature",
      "id": "terrain-r35-c34",
      "properties": {
        "terrain_grid_id": "rey-county-semantic-terrain-v1",
        "terrain_grid_column": 34,
        "terrain_grid_row": 35,
        "terrain_grid_columns": 41,
        "terrain_grid_rows": 41,
        "terrain_grid_validity": "no_data"
      },
      "geometry": {
        "type": "Point",
        "coordinates": [
          -159.252,
          -19.90625
        ]
      }
    },
    {
      "type": "Feature",
      "id": "terrain-r35-c35",
      "properties": {
        "terrain_grid_id": "rey-county-semantic-terrain-v1",
        "terrain_grid_column": 35,
        "terrain_grid_row": 35,
        "terrain_grid_columns": 41,
        "terrain_grid_rows": 41,
        "terrain_grid_validity": "no_data"
      },
      "geometry": {
        "type": "Point",
        "coordinates": [
          -159.23,
          -19.90625
        ]
      }
    },
    {
      "type": "Feature",
      "id": "terrain-r35-c36",
      "properties": {
        "terrain_grid_id": "rey-county-semantic-terrain-v1",
        "terrain_grid_column": 36,
        "terrain_grid_row": 35,
        "terrain_grid_columns": 41,
        "terrain_grid_rows": 41,
        "terrain_grid_validity": "no_data"
      },
      "geometry": {
        "type": "Point",
        "coordinates": [
          -159.208,
          -19.90625
        ]
      }
    },
    {
      "type": "Feature",
      "id": "terrain-r35-c37",
      "properties": {
        "terrain_grid_id": "rey-county-semantic-terrain-v1",
        "terrain_grid_column": 37,
        "terrain_grid_row": 35,
        "terrain_grid_columns": 41,
        "terrain_grid_rows": 41,
        "terrain_grid_validity": "no_data"
      },
      "geometry": {
        "type": "Point",
        "coordinates": [
          -159.186,
          -19.90625
        ]
      }
    },
    {
      "type": "Feature",
      "id": "terrain-r35-c38",
      "properties": {
        "terrain_grid_id": "rey-county-semantic-terrain-v1",
        "terrain_grid_column": 38,
        "terrain_grid_row": 35,
        "terrain_grid_columns": 41,
        "terrain_grid_rows": 41,
        "terrain_grid_validity": "no_data"
      },
      "geometry": {
        "type": "Point",
        "coordinates": [
          -159.164,
          -19.90625
        ]
      }
    },
    {
      "type": "Feature",
      "id": "terrain-r35-c39",
      "properties": {
        "terrain_grid_id": "rey-county-semantic-terrain-v1",
        "terrain_grid_column": 39,
        "terrain_grid_row": 35,
        "terrain_grid_columns": 41,
        "terrain_grid_rows": 41,
        "terrain_grid_validity": "no_data"
      },
      "geometry": {
        "type": "Point",
        "coordinates": [
          -159.142,
          -19.90625
        ]
      }
    },
    {
      "type": "Feature",
      "id": "terrain-r35-c40",
      "properties": {
        "terrain_grid_id": "rey-county-semantic-terrain-v1",
        "terrain_grid_column": 40,
        "terrain_grid_row": 35,
        "terrain_grid_columns": 41,
        "terrain_grid_rows": 41,
        "terrain_grid_validity": "no_data"
      },
      "geometry": {
        "type": "Point",
        "coordinates": [
          -159.12,
          -19.90625
        ]
      }
    },
    {
      "type": "Feature",
      "id": "terrain-r36-c00",
      "properties": {
        "terrain_grid_id": "rey-county-semantic-terrain-v1",
        "terrain_grid_column": 0,
        "terrain_grid_row": 36,
        "terrain_grid_columns": 41,
        "terrain_grid_rows": 41,
        "terrain_grid_validity": "no_data"
      },
      "geometry": {
        "type": "Point",
        "coordinates": [
          -160,
          -19.925
        ]
      }
    },
    {
      "type": "Feature",
      "id": "terrain-r36-c01",
      "properties": {
        "terrain_grid_id": "rey-county-semantic-terrain-v1",
        "terrain_grid_column": 1,
        "terrain_grid_row": 36,
        "terrain_grid_columns": 41,
        "terrain_grid_rows": 41,
        "terrain_grid_validity": "valid",
        "material": "vegetation",
        "landform": "mining-ridge"
      },
      "geometry": {
        "type": "Point",
        "coordinates": [
          -159.978,
          -19.925,
          522.1
        ]
      }
    },
    {
      "type": "Feature",
      "id": "terrain-r36-c02",
      "properties": {
        "terrain_grid_id": "rey-county-semantic-terrain-v1",
        "terrain_grid_column": 2,
        "terrain_grid_row": 36,
        "terrain_grid_columns": 41,
        "terrain_grid_rows": 41,
        "terrain_grid_validity": "valid",
        "material": "vegetation",
        "landform": "mining-ridge"
      },
      "geometry": {
        "type": "Point",
        "coordinates": [
          -159.956,
          -19.925,
          527.05
        ]
      }
    },
    {
      "type": "Feature",
      "id": "terrain-r36-c03",
      "properties": {
        "terrain_grid_id": "rey-county-semantic-terrain-v1",
        "terrain_grid_column": 3,
        "terrain_grid_row": 36,
        "terrain_grid_columns": 41,
        "terrain_grid_rows": 41,
        "terrain_grid_validity": "valid",
        "material": "vegetation",
        "landform": "mining-ridge"
      },
      "geometry": {
        "type": "Point",
        "coordinates": [
          -159.934,
          -19.925,
          534.32
        ]
      }
    },
    {
      "type": "Feature",
      "id": "terrain-r36-c04",
      "properties": {
        "terrain_grid_id": "rey-county-semantic-terrain-v1",
        "terrain_grid_column": 4,
        "terrain_grid_row": 36,
        "terrain_grid_columns": 41,
        "terrain_grid_rows": 41,
        "terrain_grid_validity": "valid",
        "material": "vegetation",
        "landform": "mining-ridge"
      },
      "geometry": {
        "type": "Point",
        "coordinates": [
          -159.912,
          -19.925,
          538.39
        ]
      }
    },
    {
      "type": "Feature",
      "id": "terrain-r36-c05",
      "properties": {
        "terrain_grid_id": "rey-county-semantic-terrain-v1",
        "terrain_grid_column": 5,
        "terrain_grid_row": 36,
        "terrain_grid_columns": 41,
        "terrain_grid_rows": 41,
        "terrain_grid_validity": "valid",
        "material": "vegetation",
        "landform": "mining-ridge"
      },
      "geometry": {
        "type": "Point",
        "coordinates": [
          -159.89,
          -19.925,
          545.76
        ]
      }
    },
    {
      "type": "Feature",
      "id": "terrain-r36-c06",
      "properties": {
        "terrain_grid_id": "rey-county-semantic-terrain-v1",
        "terrain_grid_column": 6,
        "terrain_grid_row": 36,
        "terrain_grid_columns": 41,
        "terrain_grid_rows": 41,
        "terrain_grid_validity": "no_data"
      },
      "geometry": {
        "type": "Point",
        "coordinates": [
          -159.868,
          -19.925
        ]
      }
    },
    {
      "type": "Feature",
      "id": "terrain-r36-c07",
      "properties": {
        "terrain_grid_id": "rey-county-semantic-terrain-v1",
        "terrain_grid_column": 7,
        "terrain_grid_row": 36,
        "terrain_grid_columns": 41,
        "terrain_grid_rows": 41,
        "terrain_grid_validity": "no_data"
      },
      "geometry": {
        "type": "Point",
        "coordinates": [
          -159.846,
          -19.925
        ]
      }
    },
    {
      "type": "Feature",
      "id": "terrain-r36-c08",
      "properties": {
        "terrain_grid_id": "rey-county-semantic-terrain-v1",
        "terrain_grid_column": 8,
        "terrain_grid_row": 36,
        "terrain_grid_columns": 41,
        "terrain_grid_rows": 41,
        "terrain_grid_validity": "no_data"
      },
      "geometry": {
        "type": "Point",
        "coordinates": [
          -159.824,
          -19.925
        ]
      }
    },
    {
      "type": "Feature",
      "id": "terrain-r36-c09",
      "properties": {
        "terrain_grid_id": "rey-county-semantic-terrain-v1",
        "terrain_grid_column": 9,
        "terrain_grid_row": 36,
        "terrain_grid_columns": 41,
        "terrain_grid_rows": 41,
        "terrain_grid_validity": "no_data"
      },
      "geometry": {
        "type": "Point",
        "coordinates": [
          -159.802,
          -19.925
        ]
      }
    },
    {
      "type": "Feature",
      "id": "terrain-r36-c10",
      "properties": {
        "terrain_grid_id": "rey-county-semantic-terrain-v1",
        "terrain_grid_column": 10,
        "terrain_grid_row": 36,
        "terrain_grid_columns": 41,
        "terrain_grid_rows": 41,
        "terrain_grid_validity": "no_data"
      },
      "geometry": {
        "type": "Point",
        "coordinates": [
          -159.78,
          -19.925
        ]
      }
    },
    {
      "type": "Feature",
      "id": "terrain-r36-c11",
      "properties": {
        "terrain_grid_id": "rey-county-semantic-terrain-v1",
        "terrain_grid_column": 11,
        "terrain_grid_row": 36,
        "terrain_grid_columns": 41,
        "terrain_grid_rows": 41,
        "terrain_grid_validity": "no_data"
      },
      "geometry": {
        "type": "Point",
        "coordinates": [
          -159.758,
          -19.925
        ]
      }
    },
    {
      "type": "Feature",
      "id": "terrain-r36-c12",
      "properties": {
        "terrain_grid_id": "rey-county-semantic-terrain-v1",
        "terrain_grid_column": 12,
        "terrain_grid_row": 36,
        "terrain_grid_columns": 41,
        "terrain_grid_rows": 41,
        "terrain_grid_validity": "no_data"
      },
      "geometry": {
        "type": "Point",
        "coordinates": [
          -159.736,
          -19.925
        ]
      }
    },
    {
      "type": "Feature",
      "id": "terrain-r36-c13",
      "properties": {
        "terrain_grid_id": "rey-county-semantic-terrain-v1",
        "terrain_grid_column": 13,
        "terrain_grid_row": 36,
        "terrain_grid_columns": 41,
        "terrain_grid_rows": 41,
        "terrain_grid_validity": "no_data"
      },
      "geometry": {
        "type": "Point",
        "coordinates": [
          -159.714,
          -19.925
        ]
      }
    },
    {
      "type": "Feature",
      "id": "terrain-r36-c14",
      "properties": {
        "terrain_grid_id": "rey-county-semantic-terrain-v1",
        "terrain_grid_column": 14,
        "terrain_grid_row": 36,
        "terrain_grid_columns": 41,
        "terrain_grid_rows": 41,
        "terrain_grid_validity": "valid",
        "material": "vegetation",
        "landform": "runtime-basin"
      },
      "geometry": {
        "type": "Point",
        "coordinates": [
          -159.692,
          -19.925,
          435.06
        ]
      }
    },
    {
      "type": "Feature",
      "id": "terrain-r36-c15",
      "properties": {
        "terrain_grid_id": "rey-county-semantic-terrain-v1",
        "terrain_grid_column": 15,
        "terrain_grid_row": 36,
        "terrain_grid_columns": 41,
        "terrain_grid_rows": 41,
        "terrain_grid_validity": "valid",
        "material": "vegetation",
        "landform": "runtime-basin"
      },
      "geometry": {
        "type": "Point",
        "coordinates": [
          -159.67,
          -19.925,
          421
        ]
      }
    },
    {
      "type": "Feature",
      "id": "terrain-r36-c16",
      "properties": {
        "terrain_grid_id": "rey-county-semantic-terrain-v1",
        "terrain_grid_column": 16,
        "terrain_grid_row": 36,
        "terrain_grid_columns": 41,
        "terrain_grid_rows": 41,
        "terrain_grid_validity": "valid",
        "material": "vegetation",
        "landform": "runtime-basin"
      },
      "geometry": {
        "type": "Point",
        "coordinates": [
          -159.648,
          -19.925,
          411.33
        ]
      }
    },
    {
      "type": "Feature",
      "id": "terrain-r36-c17",
      "properties": {
        "terrain_grid_id": "rey-county-semantic-terrain-v1",
        "terrain_grid_column": 17,
        "terrain_grid_row": 36,
        "terrain_grid_columns": 41,
        "terrain_grid_rows": 41,
        "terrain_grid_validity": "valid",
        "material": "vegetation",
        "landform": "proof-escarpment"
      },
      "geometry": {
        "type": "Point",
        "coordinates": [
          -159.626,
          -19.925,
          418.04
        ]
      }
    },
    {
      "type": "Feature",
      "id": "terrain-r36-c18",
      "properties": {
        "terrain_grid_id": "rey-county-semantic-terrain-v1",
        "terrain_grid_column": 18,
        "terrain_grid_row": 36,
        "terrain_grid_columns": 41,
        "terrain_grid_rows": 41,
        "terrain_grid_validity": "valid",
        "material": "vegetation",
        "landform": "proof-escarpment"
      },
      "geometry": {
        "type": "Point",
        "coordinates": [
          -159.604,
          -19.925,
          418.14
        ]
      }
    },
    {
      "type": "Feature",
      "id": "terrain-r36-c19",
      "properties": {
        "terrain_grid_id": "rey-county-semantic-terrain-v1",
        "terrain_grid_column": 19,
        "terrain_grid_row": 36,
        "terrain_grid_columns": 41,
        "terrain_grid_rows": 41,
        "terrain_grid_validity": "valid",
        "material": "vegetation",
        "landform": "proof-escarpment"
      },
      "geometry": {
        "type": "Point",
        "coordinates": [
          -159.582,
          -19.925,
          424.06
        ]
      }
    },
    {
      "type": "Feature",
      "id": "terrain-r36-c20",
      "properties": {
        "terrain_grid_id": "rey-county-semantic-terrain-v1",
        "terrain_grid_column": 20,
        "terrain_grid_row": 36,
        "terrain_grid_columns": 41,
        "terrain_grid_rows": 41,
        "terrain_grid_validity": "valid",
        "material": "vegetation",
        "landform": "proof-escarpment"
      },
      "geometry": {
        "type": "Point",
        "coordinates": [
          -159.56,
          -19.925,
          425.75
        ]
      }
    },
    {
      "type": "Feature",
      "id": "terrain-r36-c21",
      "properties": {
        "terrain_grid_id": "rey-county-semantic-terrain-v1",
        "terrain_grid_column": 21,
        "terrain_grid_row": 36,
        "terrain_grid_columns": 41,
        "terrain_grid_rows": 41,
        "terrain_grid_validity": "valid",
        "material": "vegetation",
        "landform": "proof-escarpment"
      },
      "geometry": {
        "type": "Point",
        "coordinates": [
          -159.538,
          -19.925,
          423.21
        ]
      }
    },
    {
      "type": "Feature",
      "id": "terrain-r36-c22",
      "properties": {
        "terrain_grid_id": "rey-county-semantic-terrain-v1",
        "terrain_grid_column": 22,
        "terrain_grid_row": 36,
        "terrain_grid_columns": 41,
        "terrain_grid_rows": 41,
        "terrain_grid_validity": "valid",
        "material": "vegetation",
        "landform": "proof-escarpment"
      },
      "geometry": {
        "type": "Point",
        "coordinates": [
          -159.516,
          -19.925,
          430.31
        ]
      }
    },
    {
      "type": "Feature",
      "id": "terrain-r36-c23",
      "properties": {
        "terrain_grid_id": "rey-county-semantic-terrain-v1",
        "terrain_grid_column": 23,
        "terrain_grid_row": 36,
        "terrain_grid_columns": 41,
        "terrain_grid_rows": 41,
        "terrain_grid_validity": "valid",
        "material": "vegetation",
        "landform": "proof-escarpment"
      },
      "geometry": {
        "type": "Point",
        "coordinates": [
          -159.494,
          -19.925,
          441.34
        ]
      }
    },
    {
      "type": "Feature",
      "id": "terrain-r36-c24",
      "properties": {
        "terrain_grid_id": "rey-county-semantic-terrain-v1",
        "terrain_grid_column": 24,
        "terrain_grid_row": 36,
        "terrain_grid_columns": 41,
        "terrain_grid_rows": 41,
        "terrain_grid_validity": "valid",
        "material": "vegetation",
        "landform": "proof-escarpment"
      },
      "geometry": {
        "type": "Point",
        "coordinates": [
          -159.472,
          -19.925,
          449.5
        ]
      }
    },
    {
      "type": "Feature",
      "id": "terrain-r36-c25",
      "properties": {
        "terrain_grid_id": "rey-county-semantic-terrain-v1",
        "terrain_grid_column": 25,
        "terrain_grid_row": 36,
        "terrain_grid_columns": 41,
        "terrain_grid_rows": 41,
        "terrain_grid_validity": "valid",
        "material": "vegetation",
        "landform": "proof-escarpment"
      },
      "geometry": {
        "type": "Point",
        "coordinates": [
          -159.45,
          -19.925,
          456.94
        ]
      }
    },
    {
      "type": "Feature",
      "id": "terrain-r36-c26",
      "properties": {
        "terrain_grid_id": "rey-county-semantic-terrain-v1",
        "terrain_grid_column": 26,
        "terrain_grid_row": 36,
        "terrain_grid_columns": 41,
        "terrain_grid_rows": 41,
        "terrain_grid_validity": "valid",
        "material": "vegetation",
        "landform": "proof-escarpment"
      },
      "geometry": {
        "type": "Point",
        "coordinates": [
          -159.428,
          -19.925,
          453.42
        ]
      }
    },
    {
      "type": "Feature",
      "id": "terrain-r36-c27",
      "properties": {
        "terrain_grid_id": "rey-county-semantic-terrain-v1",
        "terrain_grid_column": 27,
        "terrain_grid_row": 36,
        "terrain_grid_columns": 41,
        "terrain_grid_rows": 41,
        "terrain_grid_validity": "valid",
        "material": "vegetation",
        "landform": "proof-escarpment"
      },
      "geometry": {
        "type": "Point",
        "coordinates": [
          -159.406,
          -19.925,
          445.2
        ]
      }
    },
    {
      "type": "Feature",
      "id": "terrain-r36-c28",
      "properties": {
        "terrain_grid_id": "rey-county-semantic-terrain-v1",
        "terrain_grid_column": 28,
        "terrain_grid_row": 36,
        "terrain_grid_columns": 41,
        "terrain_grid_rows": 41,
        "terrain_grid_validity": "no_data"
      },
      "geometry": {
        "type": "Point",
        "coordinates": [
          -159.384,
          -19.925
        ]
      }
    },
    {
      "type": "Feature",
      "id": "terrain-r36-c29",
      "properties": {
        "terrain_grid_id": "rey-county-semantic-terrain-v1",
        "terrain_grid_column": 29,
        "terrain_grid_row": 36,
        "terrain_grid_columns": 41,
        "terrain_grid_rows": 41,
        "terrain_grid_validity": "no_data"
      },
      "geometry": {
        "type": "Point",
        "coordinates": [
          -159.362,
          -19.925
        ]
      }
    },
    {
      "type": "Feature",
      "id": "terrain-r36-c30",
      "properties": {
        "terrain_grid_id": "rey-county-semantic-terrain-v1",
        "terrain_grid_column": 30,
        "terrain_grid_row": 36,
        "terrain_grid_columns": 41,
        "terrain_grid_rows": 41,
        "terrain_grid_validity": "no_data"
      },
      "geometry": {
        "type": "Point",
        "coordinates": [
          -159.34,
          -19.925
        ]
      }
    },
    {
      "type": "Feature",
      "id": "terrain-r36-c31",
      "properties": {
        "terrain_grid_id": "rey-county-semantic-terrain-v1",
        "terrain_grid_column": 31,
        "terrain_grid_row": 36,
        "terrain_grid_columns": 41,
        "terrain_grid_rows": 41,
        "terrain_grid_validity": "no_data"
      },
      "geometry": {
        "type": "Point",
        "coordinates": [
          -159.318,
          -19.925
        ]
      }
    },
    {
      "type": "Feature",
      "id": "terrain-r36-c32",
      "properties": {
        "terrain_grid_id": "rey-county-semantic-terrain-v1",
        "terrain_grid_column": 32,
        "terrain_grid_row": 36,
        "terrain_grid_columns": 41,
        "terrain_grid_rows": 41,
        "terrain_grid_validity": "no_data"
      },
      "geometry": {
        "type": "Point",
        "coordinates": [
          -159.296,
          -19.925
        ]
      }
    },
    {
      "type": "Feature",
      "id": "terrain-r36-c33",
      "properties": {
        "terrain_grid_id": "rey-county-semantic-terrain-v1",
        "terrain_grid_column": 33,
        "terrain_grid_row": 36,
        "terrain_grid_columns": 41,
        "terrain_grid_rows": 41,
        "terrain_grid_validity": "no_data"
      },
      "geometry": {
        "type": "Point",
        "coordinates": [
          -159.274,
          -19.925
        ]
      }
    },
    {
      "type": "Feature",
      "id": "terrain-r36-c34",
      "properties": {
        "terrain_grid_id": "rey-county-semantic-terrain-v1",
        "terrain_grid_column": 34,
        "terrain_grid_row": 36,
        "terrain_grid_columns": 41,
        "terrain_grid_rows": 41,
        "terrain_grid_validity": "no_data"
      },
      "geometry": {
        "type": "Point",
        "coordinates": [
          -159.252,
          -19.925
        ]
      }
    },
    {
      "type": "Feature",
      "id": "terrain-r36-c35",
      "properties": {
        "terrain_grid_id": "rey-county-semantic-terrain-v1",
        "terrain_grid_column": 35,
        "terrain_grid_row": 36,
        "terrain_grid_columns": 41,
        "terrain_grid_rows": 41,
        "terrain_grid_validity": "no_data"
      },
      "geometry": {
        "type": "Point",
        "coordinates": [
          -159.23,
          -19.925
        ]
      }
    },
    {
      "type": "Feature",
      "id": "terrain-r36-c36",
      "properties": {
        "terrain_grid_id": "rey-county-semantic-terrain-v1",
        "terrain_grid_column": 36,
        "terrain_grid_row": 36,
        "terrain_grid_columns": 41,
        "terrain_grid_rows": 41,
        "terrain_grid_validity": "no_data"
      },
      "geometry": {
        "type": "Point",
        "coordinates": [
          -159.208,
          -19.925
        ]
      }
    },
    {
      "type": "Feature",
      "id": "terrain-r36-c37",
      "properties": {
        "terrain_grid_id": "rey-county-semantic-terrain-v1",
        "terrain_grid_column": 37,
        "terrain_grid_row": 36,
        "terrain_grid_columns": 41,
        "terrain_grid_rows": 41,
        "terrain_grid_validity": "no_data"
      },
      "geometry": {
        "type": "Point",
        "coordinates": [
          -159.186,
          -19.925
        ]
      }
    },
    {
      "type": "Feature",
      "id": "terrain-r36-c38",
      "properties": {
        "terrain_grid_id": "rey-county-semantic-terrain-v1",
        "terrain_grid_column": 38,
        "terrain_grid_row": 36,
        "terrain_grid_columns": 41,
        "terrain_grid_rows": 41,
        "terrain_grid_validity": "no_data"
      },
      "geometry": {
        "type": "Point",
        "coordinates": [
          -159.164,
          -19.925
        ]
      }
    },
    {
      "type": "Feature",
      "id": "terrain-r36-c39",
      "properties": {
        "terrain_grid_id": "rey-county-semantic-terrain-v1",
        "terrain_grid_column": 39,
        "terrain_grid_row": 36,
        "terrain_grid_columns": 41,
        "terrain_grid_rows": 41,
        "terrain_grid_validity": "no_data"
      },
      "geometry": {
        "type": "Point",
        "coordinates": [
          -159.142,
          -19.925
        ]
      }
    },
    {
      "type": "Feature",
      "id": "terrain-r36-c40",
      "properties": {
        "terrain_grid_id": "rey-county-semantic-terrain-v1",
        "terrain_grid_column": 40,
        "terrain_grid_row": 36,
        "terrain_grid_columns": 41,
        "terrain_grid_rows": 41,
        "terrain_grid_validity": "no_data"
      },
      "geometry": {
        "type": "Point",
        "coordinates": [
          -159.12,
          -19.925
        ]
      }
    },
    {
      "type": "Feature",
      "id": "terrain-r37-c00",
      "properties": {
        "terrain_grid_id": "rey-county-semantic-terrain-v1",
        "terrain_grid_column": 0,
        "terrain_grid_row": 37,
        "terrain_grid_columns": 41,
        "terrain_grid_rows": 41,
        "terrain_grid_validity": "no_data"
      },
      "geometry": {
        "type": "Point",
        "coordinates": [
          -160,
          -19.94375
        ]
      }
    },
    {
      "type": "Feature",
      "id": "terrain-r37-c01",
      "properties": {
        "terrain_grid_id": "rey-county-semantic-terrain-v1",
        "terrain_grid_column": 1,
        "terrain_grid_row": 37,
        "terrain_grid_columns": 41,
        "terrain_grid_rows": 41,
        "terrain_grid_validity": "valid",
        "material": "vegetation",
        "landform": "mining-ridge"
      },
      "geometry": {
        "type": "Point",
        "coordinates": [
          -159.978,
          -19.94375,
          512.85
        ]
      }
    },
    {
      "type": "Feature",
      "id": "terrain-r37-c02",
      "properties": {
        "terrain_grid_id": "rey-county-semantic-terrain-v1",
        "terrain_grid_column": 2,
        "terrain_grid_row": 37,
        "terrain_grid_columns": 41,
        "terrain_grid_rows": 41,
        "terrain_grid_validity": "valid",
        "material": "vegetation",
        "landform": "mining-ridge"
      },
      "geometry": {
        "type": "Point",
        "coordinates": [
          -159.956,
          -19.94375,
          514.23
        ]
      }
    },
    {
      "type": "Feature",
      "id": "terrain-r37-c03",
      "properties": {
        "terrain_grid_id": "rey-county-semantic-terrain-v1",
        "terrain_grid_column": 3,
        "terrain_grid_row": 37,
        "terrain_grid_columns": 41,
        "terrain_grid_rows": 41,
        "terrain_grid_validity": "valid",
        "material": "vegetation",
        "landform": "mining-ridge"
      },
      "geometry": {
        "type": "Point",
        "coordinates": [
          -159.934,
          -19.94375,
          520.37
        ]
      }
    },
    {
      "type": "Feature",
      "id": "terrain-r37-c04",
      "properties": {
        "terrain_grid_id": "rey-county-semantic-terrain-v1",
        "terrain_grid_column": 4,
        "terrain_grid_row": 37,
        "terrain_grid_columns": 41,
        "terrain_grid_rows": 41,
        "terrain_grid_validity": "valid",
        "material": "vegetation",
        "landform": "mining-ridge"
      },
      "geometry": {
        "type": "Point",
        "coordinates": [
          -159.912,
          -19.94375,
          525.52
        ]
      }
    },
    {
      "type": "Feature",
      "id": "terrain-r37-c05",
      "properties": {
        "terrain_grid_id": "rey-county-semantic-terrain-v1",
        "terrain_grid_column": 5,
        "terrain_grid_row": 37,
        "terrain_grid_columns": 41,
        "terrain_grid_rows": 41,
        "terrain_grid_validity": "valid",
        "material": "vegetation",
        "landform": "mining-ridge"
      },
      "geometry": {
        "type": "Point",
        "coordinates": [
          -159.89,
          -19.94375,
          530.21
        ]
      }
    },
    {
      "type": "Feature",
      "id": "terrain-r37-c06",
      "properties": {
        "terrain_grid_id": "rey-county-semantic-terrain-v1",
        "terrain_grid_column": 6,
        "terrain_grid_row": 37,
        "terrain_grid_columns": 41,
        "terrain_grid_rows": 41,
        "terrain_grid_validity": "valid",
        "material": "vegetation",
        "landform": "mining-ridge"
      },
      "geometry": {
        "type": "Point",
        "coordinates": [
          -159.868,
          -19.94375,
          531.35
        ]
      }
    },
    {
      "type": "Feature",
      "id": "terrain-r37-c07",
      "properties": {
        "terrain_grid_id": "rey-county-semantic-terrain-v1",
        "terrain_grid_column": 7,
        "terrain_grid_row": 37,
        "terrain_grid_columns": 41,
        "terrain_grid_rows": 41,
        "terrain_grid_validity": "no_data"
      },
      "geometry": {
        "type": "Point",
        "coordinates": [
          -159.846,
          -19.94375
        ]
      }
    },
    {
      "type": "Feature",
      "id": "terrain-r37-c08",
      "properties": {
        "terrain_grid_id": "rey-county-semantic-terrain-v1",
        "terrain_grid_column": 8,
        "terrain_grid_row": 37,
        "terrain_grid_columns": 41,
        "terrain_grid_rows": 41,
        "terrain_grid_validity": "no_data"
      },
      "geometry": {
        "type": "Point",
        "coordinates": [
          -159.824,
          -19.94375
        ]
      }
    },
    {
      "type": "Feature",
      "id": "terrain-r37-c09",
      "properties": {
        "terrain_grid_id": "rey-county-semantic-terrain-v1",
        "terrain_grid_column": 9,
        "terrain_grid_row": 37,
        "terrain_grid_columns": 41,
        "terrain_grid_rows": 41,
        "terrain_grid_validity": "no_data"
      },
      "geometry": {
        "type": "Point",
        "coordinates": [
          -159.802,
          -19.94375
        ]
      }
    },
    {
      "type": "Feature",
      "id": "terrain-r37-c10",
      "properties": {
        "terrain_grid_id": "rey-county-semantic-terrain-v1",
        "terrain_grid_column": 10,
        "terrain_grid_row": 37,
        "terrain_grid_columns": 41,
        "terrain_grid_rows": 41,
        "terrain_grid_validity": "no_data"
      },
      "geometry": {
        "type": "Point",
        "coordinates": [
          -159.78,
          -19.94375
        ]
      }
    },
    {
      "type": "Feature",
      "id": "terrain-r37-c11",
      "properties": {
        "terrain_grid_id": "rey-county-semantic-terrain-v1",
        "terrain_grid_column": 11,
        "terrain_grid_row": 37,
        "terrain_grid_columns": 41,
        "terrain_grid_rows": 41,
        "terrain_grid_validity": "no_data"
      },
      "geometry": {
        "type": "Point",
        "coordinates": [
          -159.758,
          -19.94375
        ]
      }
    },
    {
      "type": "Feature",
      "id": "terrain-r37-c12",
      "properties": {
        "terrain_grid_id": "rey-county-semantic-terrain-v1",
        "terrain_grid_column": 12,
        "terrain_grid_row": 37,
        "terrain_grid_columns": 41,
        "terrain_grid_rows": 41,
        "terrain_grid_validity": "no_data"
      },
      "geometry": {
        "type": "Point",
        "coordinates": [
          -159.736,
          -19.94375
        ]
      }
    },
    {
      "type": "Feature",
      "id": "terrain-r37-c13",
      "properties": {
        "terrain_grid_id": "rey-county-semantic-terrain-v1",
        "terrain_grid_column": 13,
        "terrain_grid_row": 37,
        "terrain_grid_columns": 41,
        "terrain_grid_rows": 41,
        "terrain_grid_validity": "valid",
        "material": "vegetation",
        "landform": "runtime-basin"
      },
      "geometry": {
        "type": "Point",
        "coordinates": [
          -159.714,
          -19.94375,
          442.21
        ]
      }
    },
    {
      "type": "Feature",
      "id": "terrain-r37-c14",
      "properties": {
        "terrain_grid_id": "rey-county-semantic-terrain-v1",
        "terrain_grid_column": 14,
        "terrain_grid_row": 37,
        "terrain_grid_columns": 41,
        "terrain_grid_rows": 41,
        "terrain_grid_validity": "valid",
        "material": "vegetation",
        "landform": "runtime-basin"
      },
      "geometry": {
        "type": "Point",
        "coordinates": [
          -159.692,
          -19.94375,
          427.22
        ]
      }
    },
    {
      "type": "Feature",
      "id": "terrain-r37-c15",
      "properties": {
        "terrain_grid_id": "rey-county-semantic-terrain-v1",
        "terrain_grid_column": 15,
        "terrain_grid_row": 37,
        "terrain_grid_columns": 41,
        "terrain_grid_rows": 41,
        "terrain_grid_validity": "valid",
        "material": "vegetation",
        "landform": "runtime-basin"
      },
      "geometry": {
        "type": "Point",
        "coordinates": [
          -159.67,
          -19.94375,
          417.65
        ]
      }
    },
    {
      "type": "Feature",
      "id": "terrain-r37-c16",
      "properties": {
        "terrain_grid_id": "rey-county-semantic-terrain-v1",
        "terrain_grid_column": 16,
        "terrain_grid_row": 37,
        "terrain_grid_columns": 41,
        "terrain_grid_rows": 41,
        "terrain_grid_validity": "valid",
        "material": "vegetation",
        "landform": "proof-escarpment"
      },
      "geometry": {
        "type": "Point",
        "coordinates": [
          -159.648,
          -19.94375,
          408.71
        ]
      }
    },
    {
      "type": "Feature",
      "id": "terrain-r37-c17",
      "properties": {
        "terrain_grid_id": "rey-county-semantic-terrain-v1",
        "terrain_grid_column": 17,
        "terrain_grid_row": 37,
        "terrain_grid_columns": 41,
        "terrain_grid_rows": 41,
        "terrain_grid_validity": "valid",
        "material": "vegetation",
        "landform": "proof-escarpment"
      },
      "geometry": {
        "type": "Point",
        "coordinates": [
          -159.626,
          -19.94375,
          409.43
        ]
      }
    },
    {
      "type": "Feature",
      "id": "terrain-r37-c18",
      "properties": {
        "terrain_grid_id": "rey-county-semantic-terrain-v1",
        "terrain_grid_column": 18,
        "terrain_grid_row": 37,
        "terrain_grid_columns": 41,
        "terrain_grid_rows": 41,
        "terrain_grid_validity": "valid",
        "material": "vegetation",
        "landform": "proof-escarpment"
      },
      "geometry": {
        "type": "Point",
        "coordinates": [
          -159.604,
          -19.94375,
          418.61
        ]
      }
    },
    {
      "type": "Feature",
      "id": "terrain-r37-c19",
      "properties": {
        "terrain_grid_id": "rey-county-semantic-terrain-v1",
        "terrain_grid_column": 19,
        "terrain_grid_row": 37,
        "terrain_grid_columns": 41,
        "terrain_grid_rows": 41,
        "terrain_grid_validity": "valid",
        "material": "vegetation",
        "landform": "proof-escarpment"
      },
      "geometry": {
        "type": "Point",
        "coordinates": [
          -159.582,
          -19.94375,
          418.94
        ]
      }
    },
    {
      "type": "Feature",
      "id": "terrain-r37-c20",
      "properties": {
        "terrain_grid_id": "rey-county-semantic-terrain-v1",
        "terrain_grid_column": 20,
        "terrain_grid_row": 37,
        "terrain_grid_columns": 41,
        "terrain_grid_rows": 41,
        "terrain_grid_validity": "valid",
        "material": "vegetation",
        "landform": "proof-escarpment"
      },
      "geometry": {
        "type": "Point",
        "coordinates": [
          -159.56,
          -19.94375,
          423.9
        ]
      }
    },
    {
      "type": "Feature",
      "id": "terrain-r37-c21",
      "properties": {
        "terrain_grid_id": "rey-county-semantic-terrain-v1",
        "terrain_grid_column": 21,
        "terrain_grid_row": 37,
        "terrain_grid_columns": 41,
        "terrain_grid_rows": 41,
        "terrain_grid_validity": "valid",
        "material": "vegetation",
        "landform": "proof-escarpment"
      },
      "geometry": {
        "type": "Point",
        "coordinates": [
          -159.538,
          -19.94375,
          421.04
        ]
      }
    },
    {
      "type": "Feature",
      "id": "terrain-r37-c22",
      "properties": {
        "terrain_grid_id": "rey-county-semantic-terrain-v1",
        "terrain_grid_column": 22,
        "terrain_grid_row": 37,
        "terrain_grid_columns": 41,
        "terrain_grid_rows": 41,
        "terrain_grid_validity": "valid",
        "material": "vegetation",
        "landform": "proof-escarpment"
      },
      "geometry": {
        "type": "Point",
        "coordinates": [
          -159.516,
          -19.94375,
          419.89
        ]
      }
    },
    {
      "type": "Feature",
      "id": "terrain-r37-c23",
      "properties": {
        "terrain_grid_id": "rey-county-semantic-terrain-v1",
        "terrain_grid_column": 23,
        "terrain_grid_row": 37,
        "terrain_grid_columns": 41,
        "terrain_grid_rows": 41,
        "terrain_grid_validity": "valid",
        "material": "vegetation",
        "landform": "proof-escarpment"
      },
      "geometry": {
        "type": "Point",
        "coordinates": [
          -159.494,
          -19.94375,
          424.64
        ]
      }
    },
    {
      "type": "Feature",
      "id": "terrain-r37-c24",
      "properties": {
        "terrain_grid_id": "rey-county-semantic-terrain-v1",
        "terrain_grid_column": 24,
        "terrain_grid_row": 37,
        "terrain_grid_columns": 41,
        "terrain_grid_rows": 41,
        "terrain_grid_validity": "valid",
        "material": "vegetation",
        "landform": "proof-escarpment"
      },
      "geometry": {
        "type": "Point",
        "coordinates": [
          -159.472,
          -19.94375,
          433.03
        ]
      }
    },
    {
      "type": "Feature",
      "id": "terrain-r37-c25",
      "properties": {
        "terrain_grid_id": "rey-county-semantic-terrain-v1",
        "terrain_grid_column": 25,
        "terrain_grid_row": 37,
        "terrain_grid_columns": 41,
        "terrain_grid_rows": 41,
        "terrain_grid_validity": "no_data"
      },
      "geometry": {
        "type": "Point",
        "coordinates": [
          -159.45,
          -19.94375
        ]
      }
    },
    {
      "type": "Feature",
      "id": "terrain-r37-c26",
      "properties": {
        "terrain_grid_id": "rey-county-semantic-terrain-v1",
        "terrain_grid_column": 26,
        "terrain_grid_row": 37,
        "terrain_grid_columns": 41,
        "terrain_grid_rows": 41,
        "terrain_grid_validity": "no_data"
      },
      "geometry": {
        "type": "Point",
        "coordinates": [
          -159.428,
          -19.94375
        ]
      }
    },
    {
      "type": "Feature",
      "id": "terrain-r37-c27",
      "properties": {
        "terrain_grid_id": "rey-county-semantic-terrain-v1",
        "terrain_grid_column": 27,
        "terrain_grid_row": 37,
        "terrain_grid_columns": 41,
        "terrain_grid_rows": 41,
        "terrain_grid_validity": "no_data"
      },
      "geometry": {
        "type": "Point",
        "coordinates": [
          -159.406,
          -19.94375
        ]
      }
    },
    {
      "type": "Feature",
      "id": "terrain-r37-c28",
      "properties": {
        "terrain_grid_id": "rey-county-semantic-terrain-v1",
        "terrain_grid_column": 28,
        "terrain_grid_row": 37,
        "terrain_grid_columns": 41,
        "terrain_grid_rows": 41,
        "terrain_grid_validity": "no_data"
      },
      "geometry": {
        "type": "Point",
        "coordinates": [
          -159.384,
          -19.94375
        ]
      }
    },
    {
      "type": "Feature",
      "id": "terrain-r37-c29",
      "properties": {
        "terrain_grid_id": "rey-county-semantic-terrain-v1",
        "terrain_grid_column": 29,
        "terrain_grid_row": 37,
        "terrain_grid_columns": 41,
        "terrain_grid_rows": 41,
        "terrain_grid_validity": "no_data"
      },
      "geometry": {
        "type": "Point",
        "coordinates": [
          -159.362,
          -19.94375
        ]
      }
    },
    {
      "type": "Feature",
      "id": "terrain-r37-c30",
      "properties": {
        "terrain_grid_id": "rey-county-semantic-terrain-v1",
        "terrain_grid_column": 30,
        "terrain_grid_row": 37,
        "terrain_grid_columns": 41,
        "terrain_grid_rows": 41,
        "terrain_grid_validity": "no_data"
      },
      "geometry": {
        "type": "Point",
        "coordinates": [
          -159.34,
          -19.94375
        ]
      }
    },
    {
      "type": "Feature",
      "id": "terrain-r37-c31",
      "properties": {
        "terrain_grid_id": "rey-county-semantic-terrain-v1",
        "terrain_grid_column": 31,
        "terrain_grid_row": 37,
        "terrain_grid_columns": 41,
        "terrain_grid_rows": 41,
        "terrain_grid_validity": "no_data"
      },
      "geometry": {
        "type": "Point",
        "coordinates": [
          -159.318,
          -19.94375
        ]
      }
    },
    {
      "type": "Feature",
      "id": "terrain-r37-c32",
      "properties": {
        "terrain_grid_id": "rey-county-semantic-terrain-v1",
        "terrain_grid_column": 32,
        "terrain_grid_row": 37,
        "terrain_grid_columns": 41,
        "terrain_grid_rows": 41,
        "terrain_grid_validity": "no_data"
      },
      "geometry": {
        "type": "Point",
        "coordinates": [
          -159.296,
          -19.94375
        ]
      }
    },
    {
      "type": "Feature",
      "id": "terrain-r37-c33",
      "properties": {
        "terrain_grid_id": "rey-county-semantic-terrain-v1",
        "terrain_grid_column": 33,
        "terrain_grid_row": 37,
        "terrain_grid_columns": 41,
        "terrain_grid_rows": 41,
        "terrain_grid_validity": "no_data"
      },
      "geometry": {
        "type": "Point",
        "coordinates": [
          -159.274,
          -19.94375
        ]
      }
    },
    {
      "type": "Feature",
      "id": "terrain-r37-c34",
      "properties": {
        "terrain_grid_id": "rey-county-semantic-terrain-v1",
        "terrain_grid_column": 34,
        "terrain_grid_row": 37,
        "terrain_grid_columns": 41,
        "terrain_grid_rows": 41,
        "terrain_grid_validity": "no_data"
      },
      "geometry": {
        "type": "Point",
        "coordinates": [
          -159.252,
          -19.94375
        ]
      }
    },
    {
      "type": "Feature",
      "id": "terrain-r37-c35",
      "properties": {
        "terrain_grid_id": "rey-county-semantic-terrain-v1",
        "terrain_grid_column": 35,
        "terrain_grid_row": 37,
        "terrain_grid_columns": 41,
        "terrain_grid_rows": 41,
        "terrain_grid_validity": "no_data"
      },
      "geometry": {
        "type": "Point",
        "coordinates": [
          -159.23,
          -19.94375
        ]
      }
    },
    {
      "type": "Feature",
      "id": "terrain-r37-c36",
      "properties": {
        "terrain_grid_id": "rey-county-semantic-terrain-v1",
        "terrain_grid_column": 36,
        "terrain_grid_row": 37,
        "terrain_grid_columns": 41,
        "terrain_grid_rows": 41,
        "terrain_grid_validity": "no_data"
      },
      "geometry": {
        "type": "Point",
        "coordinates": [
          -159.208,
          -19.94375
        ]
      }
    },
    {
      "type": "Feature",
      "id": "terrain-r37-c37",
      "properties": {
        "terrain_grid_id": "rey-county-semantic-terrain-v1",
        "terrain_grid_column": 37,
        "terrain_grid_row": 37,
        "terrain_grid_columns": 41,
        "terrain_grid_rows": 41,
        "terrain_grid_validity": "no_data"
      },
      "geometry": {
        "type": "Point",
        "coordinates": [
          -159.186,
          -19.94375
        ]
      }
    },
    {
      "type": "Feature",
      "id": "terrain-r37-c38",
      "properties": {
        "terrain_grid_id": "rey-county-semantic-terrain-v1",
        "terrain_grid_column": 38,
        "terrain_grid_row": 37,
        "terrain_grid_columns": 41,
        "terrain_grid_rows": 41,
        "terrain_grid_validity": "no_data"
      },
      "geometry": {
        "type": "Point",
        "coordinates": [
          -159.164,
          -19.94375
        ]
      }
    },
    {
      "type": "Feature",
      "id": "terrain-r37-c39",
      "properties": {
        "terrain_grid_id": "rey-county-semantic-terrain-v1",
        "terrain_grid_column": 39,
        "terrain_grid_row": 37,
        "terrain_grid_columns": 41,
        "terrain_grid_rows": 41,
        "terrain_grid_validity": "no_data"
      },
      "geometry": {
        "type": "Point",
        "coordinates": [
          -159.142,
          -19.94375
        ]
      }
    },
    {
      "type": "Feature",
      "id": "terrain-r37-c40",
      "properties": {
        "terrain_grid_id": "rey-county-semantic-terrain-v1",
        "terrain_grid_column": 40,
        "terrain_grid_row": 37,
        "terrain_grid_columns": 41,
        "terrain_grid_rows": 41,
        "terrain_grid_validity": "no_data"
      },
      "geometry": {
        "type": "Point",
        "coordinates": [
          -159.12,
          -19.94375
        ]
      }
    },
    {
      "type": "Feature",
      "id": "terrain-r38-c00",
      "properties": {
        "terrain_grid_id": "rey-county-semantic-terrain-v1",
        "terrain_grid_column": 0,
        "terrain_grid_row": 38,
        "terrain_grid_columns": 41,
        "terrain_grid_rows": 41,
        "terrain_grid_validity": "no_data"
      },
      "geometry": {
        "type": "Point",
        "coordinates": [
          -160,
          -19.9625
        ]
      }
    },
    {
      "type": "Feature",
      "id": "terrain-r38-c01",
      "properties": {
        "terrain_grid_id": "rey-county-semantic-terrain-v1",
        "terrain_grid_column": 1,
        "terrain_grid_row": 38,
        "terrain_grid_columns": 41,
        "terrain_grid_rows": 41,
        "terrain_grid_validity": "valid",
        "material": "vegetation",
        "landform": "mining-ridge"
      },
      "geometry": {
        "type": "Point",
        "coordinates": [
          -159.978,
          -19.9625,
          500.43
        ]
      }
    },
    {
      "type": "Feature",
      "id": "terrain-r38-c02",
      "properties": {
        "terrain_grid_id": "rey-county-semantic-terrain-v1",
        "terrain_grid_column": 2,
        "terrain_grid_row": 38,
        "terrain_grid_columns": 41,
        "terrain_grid_rows": 41,
        "terrain_grid_validity": "valid",
        "material": "vegetation",
        "landform": "mining-ridge"
      },
      "geometry": {
        "type": "Point",
        "coordinates": [
          -159.956,
          -19.9625,
          507.33
        ]
      }
    },
    {
      "type": "Feature",
      "id": "terrain-r38-c03",
      "properties": {
        "terrain_grid_id": "rey-county-semantic-terrain-v1",
        "terrain_grid_column": 3,
        "terrain_grid_row": 38,
        "terrain_grid_columns": 41,
        "terrain_grid_rows": 41,
        "terrain_grid_validity": "valid",
        "material": "vegetation",
        "landform": "mining-ridge"
      },
      "geometry": {
        "type": "Point",
        "coordinates": [
          -159.934,
          -19.9625,
          508
        ]
      }
    },
    {
      "type": "Feature",
      "id": "terrain-r38-c04",
      "properties": {
        "terrain_grid_id": "rey-county-semantic-terrain-v1",
        "terrain_grid_column": 4,
        "terrain_grid_row": 38,
        "terrain_grid_columns": 41,
        "terrain_grid_rows": 41,
        "terrain_grid_validity": "valid",
        "material": "vegetation",
        "landform": "mining-ridge"
      },
      "geometry": {
        "type": "Point",
        "coordinates": [
          -159.912,
          -19.9625,
          510.18
        ]
      }
    },
    {
      "type": "Feature",
      "id": "terrain-r38-c05",
      "properties": {
        "terrain_grid_id": "rey-county-semantic-terrain-v1",
        "terrain_grid_column": 5,
        "terrain_grid_row": 38,
        "terrain_grid_columns": 41,
        "terrain_grid_rows": 41,
        "terrain_grid_validity": "valid",
        "material": "vegetation",
        "landform": "mining-ridge"
      },
      "geometry": {
        "type": "Point",
        "coordinates": [
          -159.89,
          -19.9625,
          514.47
        ]
      }
    },
    {
      "type": "Feature",
      "id": "terrain-r38-c06",
      "properties": {
        "terrain_grid_id": "rey-county-semantic-terrain-v1",
        "terrain_grid_column": 6,
        "terrain_grid_row": 38,
        "terrain_grid_columns": 41,
        "terrain_grid_rows": 41,
        "terrain_grid_validity": "no_data"
      },
      "geometry": {
        "type": "Point",
        "coordinates": [
          -159.868,
          -19.9625
        ]
      }
    },
    {
      "type": "Feature",
      "id": "terrain-r38-c07",
      "properties": {
        "terrain_grid_id": "rey-county-semantic-terrain-v1",
        "terrain_grid_column": 7,
        "terrain_grid_row": 38,
        "terrain_grid_columns": 41,
        "terrain_grid_rows": 41,
        "terrain_grid_validity": "no_data"
      },
      "geometry": {
        "type": "Point",
        "coordinates": [
          -159.846,
          -19.9625
        ]
      }
    },
    {
      "type": "Feature",
      "id": "terrain-r38-c08",
      "properties": {
        "terrain_grid_id": "rey-county-semantic-terrain-v1",
        "terrain_grid_column": 8,
        "terrain_grid_row": 38,
        "terrain_grid_columns": 41,
        "terrain_grid_rows": 41,
        "terrain_grid_validity": "no_data"
      },
      "geometry": {
        "type": "Point",
        "coordinates": [
          -159.824,
          -19.9625
        ]
      }
    },
    {
      "type": "Feature",
      "id": "terrain-r38-c09",
      "properties": {
        "terrain_grid_id": "rey-county-semantic-terrain-v1",
        "terrain_grid_column": 9,
        "terrain_grid_row": 38,
        "terrain_grid_columns": 41,
        "terrain_grid_rows": 41,
        "terrain_grid_validity": "no_data"
      },
      "geometry": {
        "type": "Point",
        "coordinates": [
          -159.802,
          -19.9625
        ]
      }
    },
    {
      "type": "Feature",
      "id": "terrain-r38-c10",
      "properties": {
        "terrain_grid_id": "rey-county-semantic-terrain-v1",
        "terrain_grid_column": 10,
        "terrain_grid_row": 38,
        "terrain_grid_columns": 41,
        "terrain_grid_rows": 41,
        "terrain_grid_validity": "no_data"
      },
      "geometry": {
        "type": "Point",
        "coordinates": [
          -159.78,
          -19.9625
        ]
      }
    },
    {
      "type": "Feature",
      "id": "terrain-r38-c11",
      "properties": {
        "terrain_grid_id": "rey-county-semantic-terrain-v1",
        "terrain_grid_column": 11,
        "terrain_grid_row": 38,
        "terrain_grid_columns": 41,
        "terrain_grid_rows": 41,
        "terrain_grid_validity": "no_data"
      },
      "geometry": {
        "type": "Point",
        "coordinates": [
          -159.758,
          -19.9625
        ]
      }
    },
    {
      "type": "Feature",
      "id": "terrain-r38-c12",
      "properties": {
        "terrain_grid_id": "rey-county-semantic-terrain-v1",
        "terrain_grid_column": 12,
        "terrain_grid_row": 38,
        "terrain_grid_columns": 41,
        "terrain_grid_rows": 41,
        "terrain_grid_validity": "no_data"
      },
      "geometry": {
        "type": "Point",
        "coordinates": [
          -159.736,
          -19.9625
        ]
      }
    },
    {
      "type": "Feature",
      "id": "terrain-r38-c13",
      "properties": {
        "terrain_grid_id": "rey-county-semantic-terrain-v1",
        "terrain_grid_column": 13,
        "terrain_grid_row": 38,
        "terrain_grid_columns": 41,
        "terrain_grid_rows": 41,
        "terrain_grid_validity": "no_data"
      },
      "geometry": {
        "type": "Point",
        "coordinates": [
          -159.714,
          -19.9625
        ]
      }
    },
    {
      "type": "Feature",
      "id": "terrain-r38-c14",
      "properties": {
        "terrain_grid_id": "rey-county-semantic-terrain-v1",
        "terrain_grid_column": 14,
        "terrain_grid_row": 38,
        "terrain_grid_columns": 41,
        "terrain_grid_rows": 41,
        "terrain_grid_validity": "no_data"
      },
      "geometry": {
        "type": "Point",
        "coordinates": [
          -159.692,
          -19.9625
        ]
      }
    },
    {
      "type": "Feature",
      "id": "terrain-r38-c15",
      "properties": {
        "terrain_grid_id": "rey-county-semantic-terrain-v1",
        "terrain_grid_column": 15,
        "terrain_grid_row": 38,
        "terrain_grid_columns": 41,
        "terrain_grid_rows": 41,
        "terrain_grid_validity": "no_data"
      },
      "geometry": {
        "type": "Point",
        "coordinates": [
          -159.67,
          -19.9625
        ]
      }
    },
    {
      "type": "Feature",
      "id": "terrain-r38-c16",
      "properties": {
        "terrain_grid_id": "rey-county-semantic-terrain-v1",
        "terrain_grid_column": 16,
        "terrain_grid_row": 38,
        "terrain_grid_columns": 41,
        "terrain_grid_rows": 41,
        "terrain_grid_validity": "no_data"
      },
      "geometry": {
        "type": "Point",
        "coordinates": [
          -159.648,
          -19.9625
        ]
      }
    },
    {
      "type": "Feature",
      "id": "terrain-r38-c17",
      "properties": {
        "terrain_grid_id": "rey-county-semantic-terrain-v1",
        "terrain_grid_column": 17,
        "terrain_grid_row": 38,
        "terrain_grid_columns": 41,
        "terrain_grid_rows": 41,
        "terrain_grid_validity": "valid",
        "material": "vegetation",
        "landform": "proof-escarpment"
      },
      "geometry": {
        "type": "Point",
        "coordinates": [
          -159.626,
          -19.9625,
          403.5
        ]
      }
    },
    {
      "type": "Feature",
      "id": "terrain-r38-c18",
      "properties": {
        "terrain_grid_id": "rey-county-semantic-terrain-v1",
        "terrain_grid_column": 18,
        "terrain_grid_row": 38,
        "terrain_grid_columns": 41,
        "terrain_grid_rows": 41,
        "terrain_grid_validity": "valid",
        "material": "vegetation",
        "landform": "proof-escarpment"
      },
      "geometry": {
        "type": "Point",
        "coordinates": [
          -159.604,
          -19.9625,
          410.92
        ]
      }
    },
    {
      "type": "Feature",
      "id": "terrain-r38-c19",
      "properties": {
        "terrain_grid_id": "rey-county-semantic-terrain-v1",
        "terrain_grid_column": 19,
        "terrain_grid_row": 38,
        "terrain_grid_columns": 41,
        "terrain_grid_rows": 41,
        "terrain_grid_validity": "valid",
        "material": "vegetation",
        "landform": "proof-escarpment"
      },
      "geometry": {
        "type": "Point",
        "coordinates": [
          -159.582,
          -19.9625,
          414.27
        ]
      }
    },
    {
      "type": "Feature",
      "id": "terrain-r38-c20",
      "properties": {
        "terrain_grid_id": "rey-county-semantic-terrain-v1",
        "terrain_grid_column": 20,
        "terrain_grid_row": 38,
        "terrain_grid_columns": 41,
        "terrain_grid_rows": 41,
        "terrain_grid_validity": "valid",
        "material": "vegetation",
        "landform": "proof-escarpment"
      },
      "geometry": {
        "type": "Point",
        "coordinates": [
          -159.56,
          -19.9625,
          413.6
        ]
      }
    },
    {
      "type": "Feature",
      "id": "terrain-r38-c21",
      "properties": {
        "terrain_grid_id": "rey-county-semantic-terrain-v1",
        "terrain_grid_column": 21,
        "terrain_grid_row": 38,
        "terrain_grid_columns": 41,
        "terrain_grid_rows": 41,
        "terrain_grid_validity": "valid",
        "material": "vegetation",
        "landform": "proof-escarpment"
      },
      "geometry": {
        "type": "Point",
        "coordinates": [
          -159.538,
          -19.9625,
          411.18
        ]
      }
    },
    {
      "type": "Feature",
      "id": "terrain-r38-c22",
      "properties": {
        "terrain_grid_id": "rey-county-semantic-terrain-v1",
        "terrain_grid_column": 22,
        "terrain_grid_row": 38,
        "terrain_grid_columns": 41,
        "terrain_grid_rows": 41,
        "terrain_grid_validity": "valid",
        "material": "vegetation",
        "landform": "proof-escarpment"
      },
      "geometry": {
        "type": "Point",
        "coordinates": [
          -159.516,
          -19.9625,
          407.78
        ]
      }
    },
    {
      "type": "Feature",
      "id": "terrain-r38-c23",
      "properties": {
        "terrain_grid_id": "rey-county-semantic-terrain-v1",
        "terrain_grid_column": 23,
        "terrain_grid_row": 38,
        "terrain_grid_columns": 41,
        "terrain_grid_rows": 41,
        "terrain_grid_validity": "no_data"
      },
      "geometry": {
        "type": "Point",
        "coordinates": [
          -159.494,
          -19.9625
        ]
      }
    },
    {
      "type": "Feature",
      "id": "terrain-r38-c24",
      "properties": {
        "terrain_grid_id": "rey-county-semantic-terrain-v1",
        "terrain_grid_column": 24,
        "terrain_grid_row": 38,
        "terrain_grid_columns": 41,
        "terrain_grid_rows": 41,
        "terrain_grid_validity": "no_data"
      },
      "geometry": {
        "type": "Point",
        "coordinates": [
          -159.472,
          -19.9625
        ]
      }
    },
    {
      "type": "Feature",
      "id": "terrain-r38-c25",
      "properties": {
        "terrain_grid_id": "rey-county-semantic-terrain-v1",
        "terrain_grid_column": 25,
        "terrain_grid_row": 38,
        "terrain_grid_columns": 41,
        "terrain_grid_rows": 41,
        "terrain_grid_validity": "no_data"
      },
      "geometry": {
        "type": "Point",
        "coordinates": [
          -159.45,
          -19.9625
        ]
      }
    },
    {
      "type": "Feature",
      "id": "terrain-r38-c26",
      "properties": {
        "terrain_grid_id": "rey-county-semantic-terrain-v1",
        "terrain_grid_column": 26,
        "terrain_grid_row": 38,
        "terrain_grid_columns": 41,
        "terrain_grid_rows": 41,
        "terrain_grid_validity": "no_data"
      },
      "geometry": {
        "type": "Point",
        "coordinates": [
          -159.428,
          -19.9625
        ]
      }
    },
    {
      "type": "Feature",
      "id": "terrain-r38-c27",
      "properties": {
        "terrain_grid_id": "rey-county-semantic-terrain-v1",
        "terrain_grid_column": 27,
        "terrain_grid_row": 38,
        "terrain_grid_columns": 41,
        "terrain_grid_rows": 41,
        "terrain_grid_validity": "no_data"
      },
      "geometry": {
        "type": "Point",
        "coordinates": [
          -159.406,
          -19.9625
        ]
      }
    },
    {
      "type": "Feature",
      "id": "terrain-r38-c28",
      "properties": {
        "terrain_grid_id": "rey-county-semantic-terrain-v1",
        "terrain_grid_column": 28,
        "terrain_grid_row": 38,
        "terrain_grid_columns": 41,
        "terrain_grid_rows": 41,
        "terrain_grid_validity": "no_data"
      },
      "geometry": {
        "type": "Point",
        "coordinates": [
          -159.384,
          -19.9625
        ]
      }
    },
    {
      "type": "Feature",
      "id": "terrain-r38-c29",
      "properties": {
        "terrain_grid_id": "rey-county-semantic-terrain-v1",
        "terrain_grid_column": 29,
        "terrain_grid_row": 38,
        "terrain_grid_columns": 41,
        "terrain_grid_rows": 41,
        "terrain_grid_validity": "no_data"
      },
      "geometry": {
        "type": "Point",
        "coordinates": [
          -159.362,
          -19.9625
        ]
      }
    },
    {
      "type": "Feature",
      "id": "terrain-r38-c30",
      "properties": {
        "terrain_grid_id": "rey-county-semantic-terrain-v1",
        "terrain_grid_column": 30,
        "terrain_grid_row": 38,
        "terrain_grid_columns": 41,
        "terrain_grid_rows": 41,
        "terrain_grid_validity": "no_data"
      },
      "geometry": {
        "type": "Point",
        "coordinates": [
          -159.34,
          -19.9625
        ]
      }
    },
    {
      "type": "Feature",
      "id": "terrain-r38-c31",
      "properties": {
        "terrain_grid_id": "rey-county-semantic-terrain-v1",
        "terrain_grid_column": 31,
        "terrain_grid_row": 38,
        "terrain_grid_columns": 41,
        "terrain_grid_rows": 41,
        "terrain_grid_validity": "no_data"
      },
      "geometry": {
        "type": "Point",
        "coordinates": [
          -159.318,
          -19.9625
        ]
      }
    },
    {
      "type": "Feature",
      "id": "terrain-r38-c32",
      "properties": {
        "terrain_grid_id": "rey-county-semantic-terrain-v1",
        "terrain_grid_column": 32,
        "terrain_grid_row": 38,
        "terrain_grid_columns": 41,
        "terrain_grid_rows": 41,
        "terrain_grid_validity": "no_data"
      },
      "geometry": {
        "type": "Point",
        "coordinates": [
          -159.296,
          -19.9625
        ]
      }
    },
    {
      "type": "Feature",
      "id": "terrain-r38-c33",
      "properties": {
        "terrain_grid_id": "rey-county-semantic-terrain-v1",
        "terrain_grid_column": 33,
        "terrain_grid_row": 38,
        "terrain_grid_columns": 41,
        "terrain_grid_rows": 41,
        "terrain_grid_validity": "no_data"
      },
      "geometry": {
        "type": "Point",
        "coordinates": [
          -159.274,
          -19.9625
        ]
      }
    },
    {
      "type": "Feature",
      "id": "terrain-r38-c34",
      "properties": {
        "terrain_grid_id": "rey-county-semantic-terrain-v1",
        "terrain_grid_column": 34,
        "terrain_grid_row": 38,
        "terrain_grid_columns": 41,
        "terrain_grid_rows": 41,
        "terrain_grid_validity": "no_data"
      },
      "geometry": {
        "type": "Point",
        "coordinates": [
          -159.252,
          -19.9625
        ]
      }
    },
    {
      "type": "Feature",
      "id": "terrain-r38-c35",
      "properties": {
        "terrain_grid_id": "rey-county-semantic-terrain-v1",
        "terrain_grid_column": 35,
        "terrain_grid_row": 38,
        "terrain_grid_columns": 41,
        "terrain_grid_rows": 41,
        "terrain_grid_validity": "no_data"
      },
      "geometry": {
        "type": "Point",
        "coordinates": [
          -159.23,
          -19.9625
        ]
      }
    },
    {
      "type": "Feature",
      "id": "terrain-r38-c36",
      "properties": {
        "terrain_grid_id": "rey-county-semantic-terrain-v1",
        "terrain_grid_column": 36,
        "terrain_grid_row": 38,
        "terrain_grid_columns": 41,
        "terrain_grid_rows": 41,
        "terrain_grid_validity": "no_data"
      },
      "geometry": {
        "type": "Point",
        "coordinates": [
          -159.208,
          -19.9625
        ]
      }
    },
    {
      "type": "Feature",
      "id": "terrain-r38-c37",
      "properties": {
        "terrain_grid_id": "rey-county-semantic-terrain-v1",
        "terrain_grid_column": 37,
        "terrain_grid_row": 38,
        "terrain_grid_columns": 41,
        "terrain_grid_rows": 41,
        "terrain_grid_validity": "no_data"
      },
      "geometry": {
        "type": "Point",
        "coordinates": [
          -159.186,
          -19.9625
        ]
      }
    },
    {
      "type": "Feature",
      "id": "terrain-r38-c38",
      "properties": {
        "terrain_grid_id": "rey-county-semantic-terrain-v1",
        "terrain_grid_column": 38,
        "terrain_grid_row": 38,
        "terrain_grid_columns": 41,
        "terrain_grid_rows": 41,
        "terrain_grid_validity": "no_data"
      },
      "geometry": {
        "type": "Point",
        "coordinates": [
          -159.164,
          -19.9625
        ]
      }
    },
    {
      "type": "Feature",
      "id": "terrain-r38-c39",
      "properties": {
        "terrain_grid_id": "rey-county-semantic-terrain-v1",
        "terrain_grid_column": 39,
        "terrain_grid_row": 38,
        "terrain_grid_columns": 41,
        "terrain_grid_rows": 41,
        "terrain_grid_validity": "no_data"
      },
      "geometry": {
        "type": "Point",
        "coordinates": [
          -159.142,
          -19.9625
        ]
      }
    },
    {
      "type": "Feature",
      "id": "terrain-r38-c40",
      "properties": {
        "terrain_grid_id": "rey-county-semantic-terrain-v1",
        "terrain_grid_column": 40,
        "terrain_grid_row": 38,
        "terrain_grid_columns": 41,
        "terrain_grid_rows": 41,
        "terrain_grid_validity": "no_data"
      },
      "geometry": {
        "type": "Point",
        "coordinates": [
          -159.12,
          -19.9625
        ]
      }
    },
    {
      "type": "Feature",
      "id": "terrain-r39-c00",
      "properties": {
        "terrain_grid_id": "rey-county-semantic-terrain-v1",
        "terrain_grid_column": 0,
        "terrain_grid_row": 39,
        "terrain_grid_columns": 41,
        "terrain_grid_rows": 41,
        "terrain_grid_validity": "no_data"
      },
      "geometry": {
        "type": "Point",
        "coordinates": [
          -160,
          -19.98125
        ]
      }
    },
    {
      "type": "Feature",
      "id": "terrain-r39-c01",
      "properties": {
        "terrain_grid_id": "rey-county-semantic-terrain-v1",
        "terrain_grid_column": 1,
        "terrain_grid_row": 39,
        "terrain_grid_columns": 41,
        "terrain_grid_rows": 41,
        "terrain_grid_validity": "valid",
        "material": "vegetation",
        "landform": "mining-ridge"
      },
      "geometry": {
        "type": "Point",
        "coordinates": [
          -159.978,
          -19.98125,
          487.77
        ]
      }
    },
    {
      "type": "Feature",
      "id": "terrain-r39-c02",
      "properties": {
        "terrain_grid_id": "rey-county-semantic-terrain-v1",
        "terrain_grid_column": 2,
        "terrain_grid_row": 39,
        "terrain_grid_columns": 41,
        "terrain_grid_rows": 41,
        "terrain_grid_validity": "valid",
        "material": "vegetation",
        "landform": "mining-ridge"
      },
      "geometry": {
        "type": "Point",
        "coordinates": [
          -159.956,
          -19.98125,
          495.81
        ]
      }
    },
    {
      "type": "Feature",
      "id": "terrain-r39-c03",
      "properties": {
        "terrain_grid_id": "rey-county-semantic-terrain-v1",
        "terrain_grid_column": 3,
        "terrain_grid_row": 39,
        "terrain_grid_columns": 41,
        "terrain_grid_rows": 41,
        "terrain_grid_validity": "no_data"
      },
      "geometry": {
        "type": "Point",
        "coordinates": [
          -159.934,
          -19.98125
        ]
      }
    },
    {
      "type": "Feature",
      "id": "terrain-r39-c04",
      "properties": {
        "terrain_grid_id": "rey-county-semantic-terrain-v1",
        "terrain_grid_column": 4,
        "terrain_grid_row": 39,
        "terrain_grid_columns": 41,
        "terrain_grid_rows": 41,
        "terrain_grid_validity": "no_data"
      },
      "geometry": {
        "type": "Point",
        "coordinates": [
          -159.912,
          -19.98125
        ]
      }
    },
    {
      "type": "Feature",
      "id": "terrain-r39-c05",
      "properties": {
        "terrain_grid_id": "rey-county-semantic-terrain-v1",
        "terrain_grid_column": 5,
        "terrain_grid_row": 39,
        "terrain_grid_columns": 41,
        "terrain_grid_rows": 41,
        "terrain_grid_validity": "no_data"
      },
      "geometry": {
        "type": "Point",
        "coordinates": [
          -159.89,
          -19.98125
        ]
      }
    },
    {
      "type": "Feature",
      "id": "terrain-r39-c06",
      "properties": {
        "terrain_grid_id": "rey-county-semantic-terrain-v1",
        "terrain_grid_column": 6,
        "terrain_grid_row": 39,
        "terrain_grid_columns": 41,
        "terrain_grid_rows": 41,
        "terrain_grid_validity": "no_data"
      },
      "geometry": {
        "type": "Point",
        "coordinates": [
          -159.868,
          -19.98125
        ]
      }
    },
    {
      "type": "Feature",
      "id": "terrain-r39-c07",
      "properties": {
        "terrain_grid_id": "rey-county-semantic-terrain-v1",
        "terrain_grid_column": 7,
        "terrain_grid_row": 39,
        "terrain_grid_columns": 41,
        "terrain_grid_rows": 41,
        "terrain_grid_validity": "no_data"
      },
      "geometry": {
        "type": "Point",
        "coordinates": [
          -159.846,
          -19.98125
        ]
      }
    },
    {
      "type": "Feature",
      "id": "terrain-r39-c08",
      "properties": {
        "terrain_grid_id": "rey-county-semantic-terrain-v1",
        "terrain_grid_column": 8,
        "terrain_grid_row": 39,
        "terrain_grid_columns": 41,
        "terrain_grid_rows": 41,
        "terrain_grid_validity": "no_data"
      },
      "geometry": {
        "type": "Point",
        "coordinates": [
          -159.824,
          -19.98125
        ]
      }
    },
    {
      "type": "Feature",
      "id": "terrain-r39-c09",
      "properties": {
        "terrain_grid_id": "rey-county-semantic-terrain-v1",
        "terrain_grid_column": 9,
        "terrain_grid_row": 39,
        "terrain_grid_columns": 41,
        "terrain_grid_rows": 41,
        "terrain_grid_validity": "no_data"
      },
      "geometry": {
        "type": "Point",
        "coordinates": [
          -159.802,
          -19.98125
        ]
      }
    },
    {
      "type": "Feature",
      "id": "terrain-r39-c10",
      "properties": {
        "terrain_grid_id": "rey-county-semantic-terrain-v1",
        "terrain_grid_column": 10,
        "terrain_grid_row": 39,
        "terrain_grid_columns": 41,
        "terrain_grid_rows": 41,
        "terrain_grid_validity": "no_data"
      },
      "geometry": {
        "type": "Point",
        "coordinates": [
          -159.78,
          -19.98125
        ]
      }
    },
    {
      "type": "Feature",
      "id": "terrain-r39-c11",
      "properties": {
        "terrain_grid_id": "rey-county-semantic-terrain-v1",
        "terrain_grid_column": 11,
        "terrain_grid_row": 39,
        "terrain_grid_columns": 41,
        "terrain_grid_rows": 41,
        "terrain_grid_validity": "no_data"
      },
      "geometry": {
        "type": "Point",
        "coordinates": [
          -159.758,
          -19.98125
        ]
      }
    },
    {
      "type": "Feature",
      "id": "terrain-r39-c12",
      "properties": {
        "terrain_grid_id": "rey-county-semantic-terrain-v1",
        "terrain_grid_column": 12,
        "terrain_grid_row": 39,
        "terrain_grid_columns": 41,
        "terrain_grid_rows": 41,
        "terrain_grid_validity": "no_data"
      },
      "geometry": {
        "type": "Point",
        "coordinates": [
          -159.736,
          -19.98125
        ]
      }
    },
    {
      "type": "Feature",
      "id": "terrain-r39-c13",
      "properties": {
        "terrain_grid_id": "rey-county-semantic-terrain-v1",
        "terrain_grid_column": 13,
        "terrain_grid_row": 39,
        "terrain_grid_columns": 41,
        "terrain_grid_rows": 41,
        "terrain_grid_validity": "no_data"
      },
      "geometry": {
        "type": "Point",
        "coordinates": [
          -159.714,
          -19.98125
        ]
      }
    },
    {
      "type": "Feature",
      "id": "terrain-r39-c14",
      "properties": {
        "terrain_grid_id": "rey-county-semantic-terrain-v1",
        "terrain_grid_column": 14,
        "terrain_grid_row": 39,
        "terrain_grid_columns": 41,
        "terrain_grid_rows": 41,
        "terrain_grid_validity": "no_data"
      },
      "geometry": {
        "type": "Point",
        "coordinates": [
          -159.692,
          -19.98125
        ]
      }
    },
    {
      "type": "Feature",
      "id": "terrain-r39-c15",
      "properties": {
        "terrain_grid_id": "rey-county-semantic-terrain-v1",
        "terrain_grid_column": 15,
        "terrain_grid_row": 39,
        "terrain_grid_columns": 41,
        "terrain_grid_rows": 41,
        "terrain_grid_validity": "no_data"
      },
      "geometry": {
        "type": "Point",
        "coordinates": [
          -159.67,
          -19.98125
        ]
      }
    },
    {
      "type": "Feature",
      "id": "terrain-r39-c16",
      "properties": {
        "terrain_grid_id": "rey-county-semantic-terrain-v1",
        "terrain_grid_column": 16,
        "terrain_grid_row": 39,
        "terrain_grid_columns": 41,
        "terrain_grid_rows": 41,
        "terrain_grid_validity": "no_data"
      },
      "geometry": {
        "type": "Point",
        "coordinates": [
          -159.648,
          -19.98125
        ]
      }
    },
    {
      "type": "Feature",
      "id": "terrain-r39-c17",
      "properties": {
        "terrain_grid_id": "rey-county-semantic-terrain-v1",
        "terrain_grid_column": 17,
        "terrain_grid_row": 39,
        "terrain_grid_columns": 41,
        "terrain_grid_rows": 41,
        "terrain_grid_validity": "no_data"
      },
      "geometry": {
        "type": "Point",
        "coordinates": [
          -159.626,
          -19.98125
        ]
      }
    },
    {
      "type": "Feature",
      "id": "terrain-r39-c18",
      "properties": {
        "terrain_grid_id": "rey-county-semantic-terrain-v1",
        "terrain_grid_column": 18,
        "terrain_grid_row": 39,
        "terrain_grid_columns": 41,
        "terrain_grid_rows": 41,
        "terrain_grid_validity": "no_data"
      },
      "geometry": {
        "type": "Point",
        "coordinates": [
          -159.604,
          -19.98125
        ]
      }
    },
    {
      "type": "Feature",
      "id": "terrain-r39-c19",
      "properties": {
        "terrain_grid_id": "rey-county-semantic-terrain-v1",
        "terrain_grid_column": 19,
        "terrain_grid_row": 39,
        "terrain_grid_columns": 41,
        "terrain_grid_rows": 41,
        "terrain_grid_validity": "no_data"
      },
      "geometry": {
        "type": "Point",
        "coordinates": [
          -159.582,
          -19.98125
        ]
      }
    },
    {
      "type": "Feature",
      "id": "terrain-r39-c20",
      "properties": {
        "terrain_grid_id": "rey-county-semantic-terrain-v1",
        "terrain_grid_column": 20,
        "terrain_grid_row": 39,
        "terrain_grid_columns": 41,
        "terrain_grid_rows": 41,
        "terrain_grid_validity": "no_data"
      },
      "geometry": {
        "type": "Point",
        "coordinates": [
          -159.56,
          -19.98125
        ]
      }
    },
    {
      "type": "Feature",
      "id": "terrain-r39-c21",
      "properties": {
        "terrain_grid_id": "rey-county-semantic-terrain-v1",
        "terrain_grid_column": 21,
        "terrain_grid_row": 39,
        "terrain_grid_columns": 41,
        "terrain_grid_rows": 41,
        "terrain_grid_validity": "no_data"
      },
      "geometry": {
        "type": "Point",
        "coordinates": [
          -159.538,
          -19.98125
        ]
      }
    },
    {
      "type": "Feature",
      "id": "terrain-r39-c22",
      "properties": {
        "terrain_grid_id": "rey-county-semantic-terrain-v1",
        "terrain_grid_column": 22,
        "terrain_grid_row": 39,
        "terrain_grid_columns": 41,
        "terrain_grid_rows": 41,
        "terrain_grid_validity": "no_data"
      },
      "geometry": {
        "type": "Point",
        "coordinates": [
          -159.516,
          -19.98125
        ]
      }
    },
    {
      "type": "Feature",
      "id": "terrain-r39-c23",
      "properties": {
        "terrain_grid_id": "rey-county-semantic-terrain-v1",
        "terrain_grid_column": 23,
        "terrain_grid_row": 39,
        "terrain_grid_columns": 41,
        "terrain_grid_rows": 41,
        "terrain_grid_validity": "no_data"
      },
      "geometry": {
        "type": "Point",
        "coordinates": [
          -159.494,
          -19.98125
        ]
      }
    },
    {
      "type": "Feature",
      "id": "terrain-r39-c24",
      "properties": {
        "terrain_grid_id": "rey-county-semantic-terrain-v1",
        "terrain_grid_column": 24,
        "terrain_grid_row": 39,
        "terrain_grid_columns": 41,
        "terrain_grid_rows": 41,
        "terrain_grid_validity": "no_data"
      },
      "geometry": {
        "type": "Point",
        "coordinates": [
          -159.472,
          -19.98125
        ]
      }
    },
    {
      "type": "Feature",
      "id": "terrain-r39-c25",
      "properties": {
        "terrain_grid_id": "rey-county-semantic-terrain-v1",
        "terrain_grid_column": 25,
        "terrain_grid_row": 39,
        "terrain_grid_columns": 41,
        "terrain_grid_rows": 41,
        "terrain_grid_validity": "no_data"
      },
      "geometry": {
        "type": "Point",
        "coordinates": [
          -159.45,
          -19.98125
        ]
      }
    },
    {
      "type": "Feature",
      "id": "terrain-r39-c26",
      "properties": {
        "terrain_grid_id": "rey-county-semantic-terrain-v1",
        "terrain_grid_column": 26,
        "terrain_grid_row": 39,
        "terrain_grid_columns": 41,
        "terrain_grid_rows": 41,
        "terrain_grid_validity": "no_data"
      },
      "geometry": {
        "type": "Point",
        "coordinates": [
          -159.428,
          -19.98125
        ]
      }
    },
    {
      "type": "Feature",
      "id": "terrain-r39-c27",
      "properties": {
        "terrain_grid_id": "rey-county-semantic-terrain-v1",
        "terrain_grid_column": 27,
        "terrain_grid_row": 39,
        "terrain_grid_columns": 41,
        "terrain_grid_rows": 41,
        "terrain_grid_validity": "no_data"
      },
      "geometry": {
        "type": "Point",
        "coordinates": [
          -159.406,
          -19.98125
        ]
      }
    },
    {
      "type": "Feature",
      "id": "terrain-r39-c28",
      "properties": {
        "terrain_grid_id": "rey-county-semantic-terrain-v1",
        "terrain_grid_column": 28,
        "terrain_grid_row": 39,
        "terrain_grid_columns": 41,
        "terrain_grid_rows": 41,
        "terrain_grid_validity": "no_data"
      },
      "geometry": {
        "type": "Point",
        "coordinates": [
          -159.384,
          -19.98125
        ]
      }
    },
    {
      "type": "Feature",
      "id": "terrain-r39-c29",
      "properties": {
        "terrain_grid_id": "rey-county-semantic-terrain-v1",
        "terrain_grid_column": 29,
        "terrain_grid_row": 39,
        "terrain_grid_columns": 41,
        "terrain_grid_rows": 41,
        "terrain_grid_validity": "no_data"
      },
      "geometry": {
        "type": "Point",
        "coordinates": [
          -159.362,
          -19.98125
        ]
      }
    },
    {
      "type": "Feature",
      "id": "terrain-r39-c30",
      "properties": {
        "terrain_grid_id": "rey-county-semantic-terrain-v1",
        "terrain_grid_column": 30,
        "terrain_grid_row": 39,
        "terrain_grid_columns": 41,
        "terrain_grid_rows": 41,
        "terrain_grid_validity": "no_data"
      },
      "geometry": {
        "type": "Point",
        "coordinates": [
          -159.34,
          -19.98125
        ]
      }
    },
    {
      "type": "Feature",
      "id": "terrain-r39-c31",
      "properties": {
        "terrain_grid_id": "rey-county-semantic-terrain-v1",
        "terrain_grid_column": 31,
        "terrain_grid_row": 39,
        "terrain_grid_columns": 41,
        "terrain_grid_rows": 41,
        "terrain_grid_validity": "no_data"
      },
      "geometry": {
        "type": "Point",
        "coordinates": [
          -159.318,
          -19.98125
        ]
      }
    },
    {
      "type": "Feature",
      "id": "terrain-r39-c32",
      "properties": {
        "terrain_grid_id": "rey-county-semantic-terrain-v1",
        "terrain_grid_column": 32,
        "terrain_grid_row": 39,
        "terrain_grid_columns": 41,
        "terrain_grid_rows": 41,
        "terrain_grid_validity": "no_data"
      },
      "geometry": {
        "type": "Point",
        "coordinates": [
          -159.296,
          -19.98125
        ]
      }
    },
    {
      "type": "Feature",
      "id": "terrain-r39-c33",
      "properties": {
        "terrain_grid_id": "rey-county-semantic-terrain-v1",
        "terrain_grid_column": 33,
        "terrain_grid_row": 39,
        "terrain_grid_columns": 41,
        "terrain_grid_rows": 41,
        "terrain_grid_validity": "no_data"
      },
      "geometry": {
        "type": "Point",
        "coordinates": [
          -159.274,
          -19.98125
        ]
      }
    },
    {
      "type": "Feature",
      "id": "terrain-r39-c34",
      "properties": {
        "terrain_grid_id": "rey-county-semantic-terrain-v1",
        "terrain_grid_column": 34,
        "terrain_grid_row": 39,
        "terrain_grid_columns": 41,
        "terrain_grid_rows": 41,
        "terrain_grid_validity": "no_data"
      },
      "geometry": {
        "type": "Point",
        "coordinates": [
          -159.252,
          -19.98125
        ]
      }
    },
    {
      "type": "Feature",
      "id": "terrain-r39-c35",
      "properties": {
        "terrain_grid_id": "rey-county-semantic-terrain-v1",
        "terrain_grid_column": 35,
        "terrain_grid_row": 39,
        "terrain_grid_columns": 41,
        "terrain_grid_rows": 41,
        "terrain_grid_validity": "no_data"
      },
      "geometry": {
        "type": "Point",
        "coordinates": [
          -159.23,
          -19.98125
        ]
      }
    },
    {
      "type": "Feature",
      "id": "terrain-r39-c36",
      "properties": {
        "terrain_grid_id": "rey-county-semantic-terrain-v1",
        "terrain_grid_column": 36,
        "terrain_grid_row": 39,
        "terrain_grid_columns": 41,
        "terrain_grid_rows": 41,
        "terrain_grid_validity": "no_data"
      },
      "geometry": {
        "type": "Point",
        "coordinates": [
          -159.208,
          -19.98125
        ]
      }
    },
    {
      "type": "Feature",
      "id": "terrain-r39-c37",
      "properties": {
        "terrain_grid_id": "rey-county-semantic-terrain-v1",
        "terrain_grid_column": 37,
        "terrain_grid_row": 39,
        "terrain_grid_columns": 41,
        "terrain_grid_rows": 41,
        "terrain_grid_validity": "no_data"
      },
      "geometry": {
        "type": "Point",
        "coordinates": [
          -159.186,
          -19.98125
        ]
      }
    },
    {
      "type": "Feature",
      "id": "terrain-r39-c38",
      "properties": {
        "terrain_grid_id": "rey-county-semantic-terrain-v1",
        "terrain_grid_column": 38,
        "terrain_grid_row": 39,
        "terrain_grid_columns": 41,
        "terrain_grid_rows": 41,
        "terrain_grid_validity": "no_data"
      },
      "geometry": {
        "type": "Point",
        "coordinates": [
          -159.164,
          -19.98125
        ]
      }
    },
    {
      "type": "Feature",
      "id": "terrain-r39-c39",
      "properties": {
        "terrain_grid_id": "rey-county-semantic-terrain-v1",
        "terrain_grid_column": 39,
        "terrain_grid_row": 39,
        "terrain_grid_columns": 41,
        "terrain_grid_rows": 41,
        "terrain_grid_validity": "no_data"
      },
      "geometry": {
        "type": "Point",
        "coordinates": [
          -159.142,
          -19.98125
        ]
      }
    },
    {
      "type": "Feature",
      "id": "terrain-r39-c40",
      "properties": {
        "terrain_grid_id": "rey-county-semantic-terrain-v1",
        "terrain_grid_column": 40,
        "terrain_grid_row": 39,
        "terrain_grid_columns": 41,
        "terrain_grid_rows": 41,
        "terrain_grid_validity": "no_data"
      },
      "geometry": {
        "type": "Point",
        "coordinates": [
          -159.12,
          -19.98125
        ]
      }
    },
    {
      "type": "Feature",
      "id": "terrain-r40-c00",
      "properties": {
        "terrain_grid_id": "rey-county-semantic-terrain-v1",
        "terrain_grid_column": 0,
        "terrain_grid_row": 40,
        "terrain_grid_columns": 41,
        "terrain_grid_rows": 41,
        "terrain_grid_validity": "valid",
        "material": "vegetation",
        "landform": "mining-ridge"
      },
      "geometry": {
        "type": "Point",
        "coordinates": [
          -160,
          -20,
          465.92
        ]
      }
    },
    {
      "type": "Feature",
      "id": "terrain-r40-c01",
      "properties": {
        "terrain_grid_id": "rey-county-semantic-terrain-v1",
        "terrain_grid_column": 1,
        "terrain_grid_row": 40,
        "terrain_grid_columns": 41,
        "terrain_grid_rows": 41,
        "terrain_grid_validity": "no_data"
      },
      "geometry": {
        "type": "Point",
        "coordinates": [
          -159.978,
          -20
        ]
      }
    },
    {
      "type": "Feature",
      "id": "terrain-r40-c02",
      "properties": {
        "terrain_grid_id": "rey-county-semantic-terrain-v1",
        "terrain_grid_column": 2,
        "terrain_grid_row": 40,
        "terrain_grid_columns": 41,
        "terrain_grid_rows": 41,
        "terrain_grid_validity": "no_data"
      },
      "geometry": {
        "type": "Point",
        "coordinates": [
          -159.956,
          -20
        ]
      }
    },
    {
      "type": "Feature",
      "id": "terrain-r40-c03",
      "properties": {
        "terrain_grid_id": "rey-county-semantic-terrain-v1",
        "terrain_grid_column": 3,
        "terrain_grid_row": 40,
        "terrain_grid_columns": 41,
        "terrain_grid_rows": 41,
        "terrain_grid_validity": "no_data"
      },
      "geometry": {
        "type": "Point",
        "coordinates": [
          -159.934,
          -20
        ]
      }
    },
    {
      "type": "Feature",
      "id": "terrain-r40-c04",
      "properties": {
        "terrain_grid_id": "rey-county-semantic-terrain-v1",
        "terrain_grid_column": 4,
        "terrain_grid_row": 40,
        "terrain_grid_columns": 41,
        "terrain_grid_rows": 41,
        "terrain_grid_validity": "no_data"
      },
      "geometry": {
        "type": "Point",
        "coordinates": [
          -159.912,
          -20
        ]
      }
    },
    {
      "type": "Feature",
      "id": "terrain-r40-c05",
      "properties": {
        "terrain_grid_id": "rey-county-semantic-terrain-v1",
        "terrain_grid_column": 5,
        "terrain_grid_row": 40,
        "terrain_grid_columns": 41,
        "terrain_grid_rows": 41,
        "terrain_grid_validity": "no_data"
      },
      "geometry": {
        "type": "Point",
        "coordinates": [
          -159.89,
          -20
        ]
      }
    },
    {
      "type": "Feature",
      "id": "terrain-r40-c06",
      "properties": {
        "terrain_grid_id": "rey-county-semantic-terrain-v1",
        "terrain_grid_column": 6,
        "terrain_grid_row": 40,
        "terrain_grid_columns": 41,
        "terrain_grid_rows": 41,
        "terrain_grid_validity": "no_data"
      },
      "geometry": {
        "type": "Point",
        "coordinates": [
          -159.868,
          -20
        ]
      }
    },
    {
      "type": "Feature",
      "id": "terrain-r40-c07",
      "properties": {
        "terrain_grid_id": "rey-county-semantic-terrain-v1",
        "terrain_grid_column": 7,
        "terrain_grid_row": 40,
        "terrain_grid_columns": 41,
        "terrain_grid_rows": 41,
        "terrain_grid_validity": "no_data"
      },
      "geometry": {
        "type": "Point",
        "coordinates": [
          -159.846,
          -20
        ]
      }
    },
    {
      "type": "Feature",
      "id": "terrain-r40-c08",
      "properties": {
        "terrain_grid_id": "rey-county-semantic-terrain-v1",
        "terrain_grid_column": 8,
        "terrain_grid_row": 40,
        "terrain_grid_columns": 41,
        "terrain_grid_rows": 41,
        "terrain_grid_validity": "no_data"
      },
      "geometry": {
        "type": "Point",
        "coordinates": [
          -159.824,
          -20
        ]
      }
    },
    {
      "type": "Feature",
      "id": "terrain-r40-c09",
      "properties": {
        "terrain_grid_id": "rey-county-semantic-terrain-v1",
        "terrain_grid_column": 9,
        "terrain_grid_row": 40,
        "terrain_grid_columns": 41,
        "terrain_grid_rows": 41,
        "terrain_grid_validity": "no_data"
      },
      "geometry": {
        "type": "Point",
        "coordinates": [
          -159.802,
          -20
        ]
      }
    },
    {
      "type": "Feature",
      "id": "terrain-r40-c10",
      "properties": {
        "terrain_grid_id": "rey-county-semantic-terrain-v1",
        "terrain_grid_column": 10,
        "terrain_grid_row": 40,
        "terrain_grid_columns": 41,
        "terrain_grid_rows": 41,
        "terrain_grid_validity": "no_data"
      },
      "geometry": {
        "type": "Point",
        "coordinates": [
          -159.78,
          -20
        ]
      }
    },
    {
      "type": "Feature",
      "id": "terrain-r40-c11",
      "properties": {
        "terrain_grid_id": "rey-county-semantic-terrain-v1",
        "terrain_grid_column": 11,
        "terrain_grid_row": 40,
        "terrain_grid_columns": 41,
        "terrain_grid_rows": 41,
        "terrain_grid_validity": "no_data"
      },
      "geometry": {
        "type": "Point",
        "coordinates": [
          -159.758,
          -20
        ]
      }
    },
    {
      "type": "Feature",
      "id": "terrain-r40-c12",
      "properties": {
        "terrain_grid_id": "rey-county-semantic-terrain-v1",
        "terrain_grid_column": 12,
        "terrain_grid_row": 40,
        "terrain_grid_columns": 41,
        "terrain_grid_rows": 41,
        "terrain_grid_validity": "no_data"
      },
      "geometry": {
        "type": "Point",
        "coordinates": [
          -159.736,
          -20
        ]
      }
    },
    {
      "type": "Feature",
      "id": "terrain-r40-c13",
      "properties": {
        "terrain_grid_id": "rey-county-semantic-terrain-v1",
        "terrain_grid_column": 13,
        "terrain_grid_row": 40,
        "terrain_grid_columns": 41,
        "terrain_grid_rows": 41,
        "terrain_grid_validity": "no_data"
      },
      "geometry": {
        "type": "Point",
        "coordinates": [
          -159.714,
          -20
        ]
      }
    },
    {
      "type": "Feature",
      "id": "terrain-r40-c14",
      "properties": {
        "terrain_grid_id": "rey-county-semantic-terrain-v1",
        "terrain_grid_column": 14,
        "terrain_grid_row": 40,
        "terrain_grid_columns": 41,
        "terrain_grid_rows": 41,
        "terrain_grid_validity": "no_data"
      },
      "geometry": {
        "type": "Point",
        "coordinates": [
          -159.692,
          -20
        ]
      }
    },
    {
      "type": "Feature",
      "id": "terrain-r40-c15",
      "properties": {
        "terrain_grid_id": "rey-county-semantic-terrain-v1",
        "terrain_grid_column": 15,
        "terrain_grid_row": 40,
        "terrain_grid_columns": 41,
        "terrain_grid_rows": 41,
        "terrain_grid_validity": "no_data"
      },
      "geometry": {
        "type": "Point",
        "coordinates": [
          -159.67,
          -20
        ]
      }
    },
    {
      "type": "Feature",
      "id": "terrain-r40-c16",
      "properties": {
        "terrain_grid_id": "rey-county-semantic-terrain-v1",
        "terrain_grid_column": 16,
        "terrain_grid_row": 40,
        "terrain_grid_columns": 41,
        "terrain_grid_rows": 41,
        "terrain_grid_validity": "no_data"
      },
      "geometry": {
        "type": "Point",
        "coordinates": [
          -159.648,
          -20
        ]
      }
    },
    {
      "type": "Feature",
      "id": "terrain-r40-c17",
      "properties": {
        "terrain_grid_id": "rey-county-semantic-terrain-v1",
        "terrain_grid_column": 17,
        "terrain_grid_row": 40,
        "terrain_grid_columns": 41,
        "terrain_grid_rows": 41,
        "terrain_grid_validity": "no_data"
      },
      "geometry": {
        "type": "Point",
        "coordinates": [
          -159.626,
          -20
        ]
      }
    },
    {
      "type": "Feature",
      "id": "terrain-r40-c18",
      "properties": {
        "terrain_grid_id": "rey-county-semantic-terrain-v1",
        "terrain_grid_column": 18,
        "terrain_grid_row": 40,
        "terrain_grid_columns": 41,
        "terrain_grid_rows": 41,
        "terrain_grid_validity": "no_data"
      },
      "geometry": {
        "type": "Point",
        "coordinates": [
          -159.604,
          -20
        ]
      }
    },
    {
      "type": "Feature",
      "id": "terrain-r40-c19",
      "properties": {
        "terrain_grid_id": "rey-county-semantic-terrain-v1",
        "terrain_grid_column": 19,
        "terrain_grid_row": 40,
        "terrain_grid_columns": 41,
        "terrain_grid_rows": 41,
        "terrain_grid_validity": "no_data"
      },
      "geometry": {
        "type": "Point",
        "coordinates": [
          -159.582,
          -20
        ]
      }
    },
    {
      "type": "Feature",
      "id": "terrain-r40-c20",
      "properties": {
        "terrain_grid_id": "rey-county-semantic-terrain-v1",
        "terrain_grid_column": 20,
        "terrain_grid_row": 40,
        "terrain_grid_columns": 41,
        "terrain_grid_rows": 41,
        "terrain_grid_validity": "no_data"
      },
      "geometry": {
        "type": "Point",
        "coordinates": [
          -159.56,
          -20
        ]
      }
    },
    {
      "type": "Feature",
      "id": "terrain-r40-c21",
      "properties": {
        "terrain_grid_id": "rey-county-semantic-terrain-v1",
        "terrain_grid_column": 21,
        "terrain_grid_row": 40,
        "terrain_grid_columns": 41,
        "terrain_grid_rows": 41,
        "terrain_grid_validity": "no_data"
      },
      "geometry": {
        "type": "Point",
        "coordinates": [
          -159.538,
          -20
        ]
      }
    },
    {
      "type": "Feature",
      "id": "terrain-r40-c22",
      "properties": {
        "terrain_grid_id": "rey-county-semantic-terrain-v1",
        "terrain_grid_column": 22,
        "terrain_grid_row": 40,
        "terrain_grid_columns": 41,
        "terrain_grid_rows": 41,
        "terrain_grid_validity": "no_data"
      },
      "geometry": {
        "type": "Point",
        "coordinates": [
          -159.516,
          -20
        ]
      }
    },
    {
      "type": "Feature",
      "id": "terrain-r40-c23",
      "properties": {
        "terrain_grid_id": "rey-county-semantic-terrain-v1",
        "terrain_grid_column": 23,
        "terrain_grid_row": 40,
        "terrain_grid_columns": 41,
        "terrain_grid_rows": 41,
        "terrain_grid_validity": "no_data"
      },
      "geometry": {
        "type": "Point",
        "coordinates": [
          -159.494,
          -20
        ]
      }
    },
    {
      "type": "Feature",
      "id": "terrain-r40-c24",
      "properties": {
        "terrain_grid_id": "rey-county-semantic-terrain-v1",
        "terrain_grid_column": 24,
        "terrain_grid_row": 40,
        "terrain_grid_columns": 41,
        "terrain_grid_rows": 41,
        "terrain_grid_validity": "no_data"
      },
      "geometry": {
        "type": "Point",
        "coordinates": [
          -159.472,
          -20
        ]
      }
    },
    {
      "type": "Feature",
      "id": "terrain-r40-c25",
      "properties": {
        "terrain_grid_id": "rey-county-semantic-terrain-v1",
        "terrain_grid_column": 25,
        "terrain_grid_row": 40,
        "terrain_grid_columns": 41,
        "terrain_grid_rows": 41,
        "terrain_grid_validity": "no_data"
      },
      "geometry": {
        "type": "Point",
        "coordinates": [
          -159.45,
          -20
        ]
      }
    },
    {
      "type": "Feature",
      "id": "terrain-r40-c26",
      "properties": {
        "terrain_grid_id": "rey-county-semantic-terrain-v1",
        "terrain_grid_column": 26,
        "terrain_grid_row": 40,
        "terrain_grid_columns": 41,
        "terrain_grid_rows": 41,
        "terrain_grid_validity": "no_data"
      },
      "geometry": {
        "type": "Point",
        "coordinates": [
          -159.428,
          -20
        ]
      }
    },
    {
      "type": "Feature",
      "id": "terrain-r40-c27",
      "properties": {
        "terrain_grid_id": "rey-county-semantic-terrain-v1",
        "terrain_grid_column": 27,
        "terrain_grid_row": 40,
        "terrain_grid_columns": 41,
        "terrain_grid_rows": 41,
        "terrain_grid_validity": "no_data"
      },
      "geometry": {
        "type": "Point",
        "coordinates": [
          -159.406,
          -20
        ]
      }
    },
    {
      "type": "Feature",
      "id": "terrain-r40-c28",
      "properties": {
        "terrain_grid_id": "rey-county-semantic-terrain-v1",
        "terrain_grid_column": 28,
        "terrain_grid_row": 40,
        "terrain_grid_columns": 41,
        "terrain_grid_rows": 41,
        "terrain_grid_validity": "no_data"
      },
      "geometry": {
        "type": "Point",
        "coordinates": [
          -159.384,
          -20
        ]
      }
    },
    {
      "type": "Feature",
      "id": "terrain-r40-c29",
      "properties": {
        "terrain_grid_id": "rey-county-semantic-terrain-v1",
        "terrain_grid_column": 29,
        "terrain_grid_row": 40,
        "terrain_grid_columns": 41,
        "terrain_grid_rows": 41,
        "terrain_grid_validity": "no_data"
      },
      "geometry": {
        "type": "Point",
        "coordinates": [
          -159.362,
          -20
        ]
      }
    },
    {
      "type": "Feature",
      "id": "terrain-r40-c30",
      "properties": {
        "terrain_grid_id": "rey-county-semantic-terrain-v1",
        "terrain_grid_column": 30,
        "terrain_grid_row": 40,
        "terrain_grid_columns": 41,
        "terrain_grid_rows": 41,
        "terrain_grid_validity": "no_data"
      },
      "geometry": {
        "type": "Point",
        "coordinates": [
          -159.34,
          -20
        ]
      }
    },
    {
      "type": "Feature",
      "id": "terrain-r40-c31",
      "properties": {
        "terrain_grid_id": "rey-county-semantic-terrain-v1",
        "terrain_grid_column": 31,
        "terrain_grid_row": 40,
        "terrain_grid_columns": 41,
        "terrain_grid_rows": 41,
        "terrain_grid_validity": "no_data"
      },
      "geometry": {
        "type": "Point",
        "coordinates": [
          -159.318,
          -20
        ]
      }
    },
    {
      "type": "Feature",
      "id": "terrain-r40-c32",
      "properties": {
        "terrain_grid_id": "rey-county-semantic-terrain-v1",
        "terrain_grid_column": 32,
        "terrain_grid_row": 40,
        "terrain_grid_columns": 41,
        "terrain_grid_rows": 41,
        "terrain_grid_validity": "no_data"
      },
      "geometry": {
        "type": "Point",
        "coordinates": [
          -159.296,
          -20
        ]
      }
    },
    {
      "type": "Feature",
      "id": "terrain-r40-c33",
      "properties": {
        "terrain_grid_id": "rey-county-semantic-terrain-v1",
        "terrain_grid_column": 33,
        "terrain_grid_row": 40,
        "terrain_grid_columns": 41,
        "terrain_grid_rows": 41,
        "terrain_grid_validity": "no_data"
      },
      "geometry": {
        "type": "Point",
        "coordinates": [
          -159.274,
          -20
        ]
      }
    },
    {
      "type": "Feature",
      "id": "terrain-r40-c34",
      "properties": {
        "terrain_grid_id": "rey-county-semantic-terrain-v1",
        "terrain_grid_column": 34,
        "terrain_grid_row": 40,
        "terrain_grid_columns": 41,
        "terrain_grid_rows": 41,
        "terrain_grid_validity": "no_data"
      },
      "geometry": {
        "type": "Point",
        "coordinates": [
          -159.252,
          -20
        ]
      }
    },
    {
      "type": "Feature",
      "id": "terrain-r40-c35",
      "properties": {
        "terrain_grid_id": "rey-county-semantic-terrain-v1",
        "terrain_grid_column": 35,
        "terrain_grid_row": 40,
        "terrain_grid_columns": 41,
        "terrain_grid_rows": 41,
        "terrain_grid_validity": "no_data"
      },
      "geometry": {
        "type": "Point",
        "coordinates": [
          -159.23,
          -20
        ]
      }
    },
    {
      "type": "Feature",
      "id": "terrain-r40-c36",
      "properties": {
        "terrain_grid_id": "rey-county-semantic-terrain-v1",
        "terrain_grid_column": 36,
        "terrain_grid_row": 40,
        "terrain_grid_columns": 41,
        "terrain_grid_rows": 41,
        "terrain_grid_validity": "no_data"
      },
      "geometry": {
        "type": "Point",
        "coordinates": [
          -159.208,
          -20
        ]
      }
    },
    {
      "type": "Feature",
      "id": "terrain-r40-c37",
      "properties": {
        "terrain_grid_id": "rey-county-semantic-terrain-v1",
        "terrain_grid_column": 37,
        "terrain_grid_row": 40,
        "terrain_grid_columns": 41,
        "terrain_grid_rows": 41,
        "terrain_grid_validity": "no_data"
      },
      "geometry": {
        "type": "Point",
        "coordinates": [
          -159.186,
          -20
        ]
      }
    },
    {
      "type": "Feature",
      "id": "terrain-r40-c38",
      "properties": {
        "terrain_grid_id": "rey-county-semantic-terrain-v1",
        "terrain_grid_column": 38,
        "terrain_grid_row": 40,
        "terrain_grid_columns": 41,
        "terrain_grid_rows": 41,
        "terrain_grid_validity": "no_data"
      },
      "geometry": {
        "type": "Point",
        "coordinates": [
          -159.164,
          -20
        ]
      }
    },
    {
      "type": "Feature",
      "id": "terrain-r40-c39",
      "properties": {
        "terrain_grid_id": "rey-county-semantic-terrain-v1",
        "terrain_grid_column": 39,
        "terrain_grid_row": 40,
        "terrain_grid_columns": 41,
        "terrain_grid_rows": 41,
        "terrain_grid_validity": "no_data"
      },
      "geometry": {
        "type": "Point",
        "coordinates": [
          -159.142,
          -20
        ]
      }
    },
    {
      "type": "Feature",
      "id": "terrain-r40-c40",
      "properties": {
        "terrain_grid_id": "rey-county-semantic-terrain-v1",
        "terrain_grid_column": 40,
        "terrain_grid_row": 40,
        "terrain_grid_columns": 41,
        "terrain_grid_rows": 41,
        "terrain_grid_validity": "no_data"
      },
      "geometry": {
        "type": "Point",
        "coordinates": [
          -159.12,
          -20
        ]
      }
    }
  ]
}
